ISO-10303-21;
HEADER;
/* Generated by software containing ST-Developer
 * from STEP Tools, Inc. (www.steptools.com) 
 */
/* OPTION: using custom renumber hook */

FILE_DESCRIPTION(
/* description */ ('STEP AP242 Edition 2',
'CAx-IF Rec.Pracs.---Representation and Presentation of Product Manufa
cturing Information (PMI)---4.0---2014-10-13',
'CAx-IF Rec.Pracs.---3D Tessellated Geometry---0.4---2014-09-14','2;1',
'CAx-IF Rec.Pracs.---User Defined Attributes---1.5---2016-08-15'),
/* implementation_level */ '2;1');

FILE_NAME(
/* name */ '69344c785ff217189cd2dbef',
/* time_stamp */ '2025-12-06T15:32:10Z',
/* author */ (''),
/* organization */ (''),
/* preprocessor_version */ 'ST-DEVELOPER v20',
/* originating_system */ 'ONSHAPE BY PTC INC, 1.207',
/* authorisation */ '  ');

FILE_SCHEMA (('AP242_MANAGED_MODEL_BASED_3D_ENGINEERING_MIM_LF { 1 0 10303 442 3 1 4 }'));
ENDSEC;

DATA;
#10=TOROIDAL_SURFACE('',#10346,0.004,0.001);
#11=TOROIDAL_SURFACE('',#10353,0.004,0.001);
#12=TOROIDAL_SURFACE('',#10355,0.004,0.001);
#13=TOROIDAL_SURFACE('',#10361,0.004,0.001);
#14=B_SPLINE_SURFACE_WITH_KNOTS('',3,1,((#13433,#13434),(#13435,#13436),
(#13437,#13438),(#13439,#13440)),.SURF_OF_LINEAR_EXTRUSION.,.F.,.F.,.F.,
(4,4),(2,2),(0.,1.),(0.,1.),.PIECEWISE_BEZIER_KNOTS.);
#15=B_SPLINE_SURFACE_WITH_KNOTS('',3,1,((#13453,#13454),(#13455,#13456),
(#13457,#13458),(#13459,#13460)),.SURF_OF_LINEAR_EXTRUSION.,.F.,.F.,.F.,
(4,4),(2,2),(0.,1.),(0.,1.),.PIECEWISE_BEZIER_KNOTS.);
#16=B_SPLINE_SURFACE_WITH_KNOTS('',3,1,((#13470,#13471),(#13472,#13473),
(#13474,#13475),(#13476,#13477)),.SURF_OF_LINEAR_EXTRUSION.,.F.,.F.,.F.,
(4,4),(2,2),(0.,1.),(0.,1.),.PIECEWISE_BEZIER_KNOTS.);
#17=B_SPLINE_SURFACE_WITH_KNOTS('',3,1,((#13487,#13488),(#13489,#13490),
(#13491,#13492),(#13493,#13494)),.SURF_OF_LINEAR_EXTRUSION.,.F.,.F.,.F.,
(4,4),(2,2),(0.,1.),(0.,1.),.PIECEWISE_BEZIER_KNOTS.);
#18=B_SPLINE_SURFACE_WITH_KNOTS('',3,1,((#13504,#13505),(#13506,#13507),
(#13508,#13509),(#13510,#13511)),.SURF_OF_LINEAR_EXTRUSION.,.F.,.F.,.F.,
(4,4),(2,2),(0.,1.),(0.,1.),.PIECEWISE_BEZIER_KNOTS.);
#19=B_SPLINE_SURFACE_WITH_KNOTS('',3,1,((#13521,#13522),(#13523,#13524),
(#13525,#13526),(#13527,#13528)),.SURF_OF_LINEAR_EXTRUSION.,.F.,.F.,.F.,
(4,4),(2,2),(0.,1.),(0.,1.),.PIECEWISE_BEZIER_KNOTS.);
#20=B_SPLINE_SURFACE_WITH_KNOTS('',3,1,((#13538,#13539),(#13540,#13541),
(#13542,#13543),(#13544,#13545)),.SURF_OF_LINEAR_EXTRUSION.,.F.,.F.,.F.,
(4,4),(2,2),(0.,1.),(0.,1.),.PIECEWISE_BEZIER_KNOTS.);
#21=B_SPLINE_SURFACE_WITH_KNOTS('',3,1,((#13599,#13600),(#13601,#13602),
(#13603,#13604),(#13605,#13606)),.SURF_OF_LINEAR_EXTRUSION.,.F.,.F.,.F.,
(4,4),(2,2),(0.,1.),(0.,1.),.PIECEWISE_BEZIER_KNOTS.);
#22=B_SPLINE_SURFACE_WITH_KNOTS('',3,1,((#13612,#13613),(#13614,#13615),
(#13616,#13617),(#13618,#13619)),.SURF_OF_LINEAR_EXTRUSION.,.F.,.F.,.F.,
(4,4),(2,2),(0.,1.),(0.,1.),.PIECEWISE_BEZIER_KNOTS.);
#23=B_SPLINE_SURFACE_WITH_KNOTS('',3,1,((#13625,#13626),(#13627,#13628),
(#13629,#13630),(#13631,#13632)),.SURF_OF_LINEAR_EXTRUSION.,.F.,.F.,.F.,
(4,4),(2,2),(0.,1.),(0.,1.),.PIECEWISE_BEZIER_KNOTS.);
#24=B_SPLINE_SURFACE_WITH_KNOTS('',3,1,((#13638,#13639),(#13640,#13641),
(#13642,#13643),(#13644,#13645)),.SURF_OF_LINEAR_EXTRUSION.,.F.,.F.,.F.,
(4,4),(2,2),(0.,1.),(0.,1.),.PIECEWISE_BEZIER_KNOTS.);
#25=B_SPLINE_SURFACE_WITH_KNOTS('',3,1,((#13651,#13652),(#13653,#13654),
(#13655,#13656),(#13657,#13658)),.SURF_OF_LINEAR_EXTRUSION.,.F.,.F.,.F.,
(4,4),(2,2),(0.,1.),(0.,1.),.PIECEWISE_BEZIER_KNOTS.);
#26=B_SPLINE_SURFACE_WITH_KNOTS('',3,1,((#13664,#13665),(#13666,#13667),
(#13668,#13669),(#13670,#13671)),.SURF_OF_LINEAR_EXTRUSION.,.F.,.F.,.F.,
(4,4),(2,2),(0.,1.),(0.,1.),.PIECEWISE_BEZIER_KNOTS.);
#27=B_SPLINE_SURFACE_WITH_KNOTS('',3,1,((#13675,#13676),(#13677,#13678),
(#13679,#13680),(#13681,#13682)),.SURF_OF_LINEAR_EXTRUSION.,.F.,.F.,.F.,
(4,4),(2,2),(0.,1.),(0.,1.),.PIECEWISE_BEZIER_KNOTS.);
#28=B_SPLINE_SURFACE_WITH_KNOTS('',3,1,((#13691,#13692),(#13693,#13694),
(#13695,#13696),(#13697,#13698)),.SURF_OF_LINEAR_EXTRUSION.,.F.,.F.,.F.,
(4,4),(2,2),(0.,1.),(0.,1.),.PIECEWISE_BEZIER_KNOTS.);
#29=B_SPLINE_SURFACE_WITH_KNOTS('',3,1,((#13711,#13712),(#13713,#13714),
(#13715,#13716),(#13717,#13718)),.SURF_OF_LINEAR_EXTRUSION.,.F.,.F.,.F.,
(4,4),(2,2),(0.,1.),(0.,1.),.PIECEWISE_BEZIER_KNOTS.);
#30=B_SPLINE_SURFACE_WITH_KNOTS('',3,1,((#13728,#13729),(#13730,#13731),
(#13732,#13733),(#13734,#13735)),.SURF_OF_LINEAR_EXTRUSION.,.F.,.F.,.F.,
(4,4),(2,2),(0.,1.),(0.,1.),.PIECEWISE_BEZIER_KNOTS.);
#31=B_SPLINE_SURFACE_WITH_KNOTS('',3,1,((#13745,#13746),(#13747,#13748),
(#13749,#13750),(#13751,#13752)),.SURF_OF_LINEAR_EXTRUSION.,.F.,.F.,.F.,
(4,4),(2,2),(0.,1.),(0.,1.),.PIECEWISE_BEZIER_KNOTS.);
#32=B_SPLINE_SURFACE_WITH_KNOTS('',3,1,((#13762,#13763),(#13764,#13765),
(#13766,#13767),(#13768,#13769)),.SURF_OF_LINEAR_EXTRUSION.,.F.,.F.,.F.,
(4,4),(2,2),(0.,1.),(0.,1.),.PIECEWISE_BEZIER_KNOTS.);
#33=B_SPLINE_SURFACE_WITH_KNOTS('',3,1,((#13805,#13806),(#13807,#13808),
(#13809,#13810),(#13811,#13812)),.SURF_OF_LINEAR_EXTRUSION.,.F.,.F.,.F.,
(4,4),(2,2),(0.,1.),(0.,1.),.PIECEWISE_BEZIER_KNOTS.);
#34=B_SPLINE_SURFACE_WITH_KNOTS('',3,1,((#13818,#13819),(#13820,#13821),
(#13822,#13823),(#13824,#13825)),.SURF_OF_LINEAR_EXTRUSION.,.F.,.F.,.F.,
(4,4),(2,2),(0.,1.),(0.,1.),.PIECEWISE_BEZIER_KNOTS.);
#35=B_SPLINE_SURFACE_WITH_KNOTS('',3,1,((#13843,#13844),(#13845,#13846),
(#13847,#13848),(#13849,#13850)),.SURF_OF_LINEAR_EXTRUSION.,.F.,.F.,.F.,
(4,4),(2,2),(0.,1.),(0.,1.),.PIECEWISE_BEZIER_KNOTS.);
#36=B_SPLINE_SURFACE_WITH_KNOTS('',3,1,((#13856,#13857),(#13858,#13859),
(#13860,#13861),(#13862,#13863)),.SURF_OF_LINEAR_EXTRUSION.,.F.,.F.,.F.,
(4,4),(2,2),(0.,1.),(0.,1.),.PIECEWISE_BEZIER_KNOTS.);
#37=B_SPLINE_SURFACE_WITH_KNOTS('',3,1,((#13869,#13870),(#13871,#13872),
(#13873,#13874),(#13875,#13876)),.SURF_OF_LINEAR_EXTRUSION.,.F.,.F.,.F.,
(4,4),(2,2),(0.,1.),(0.,1.),.PIECEWISE_BEZIER_KNOTS.);
#38=B_SPLINE_SURFACE_WITH_KNOTS('',3,1,((#13890,#13891),(#13892,#13893),
(#13894,#13895),(#13896,#13897)),.SURF_OF_LINEAR_EXTRUSION.,.F.,.F.,.F.,
(4,4),(2,2),(0.,1.),(0.,1.),.PIECEWISE_BEZIER_KNOTS.);
#39=B_SPLINE_SURFACE_WITH_KNOTS('',3,1,((#13903,#13904),(#13905,#13906),
(#13907,#13908),(#13909,#13910)),.SURF_OF_LINEAR_EXTRUSION.,.F.,.F.,.F.,
(4,4),(2,2),(0.,1.),(0.,1.),.PIECEWISE_BEZIER_KNOTS.);
#40=B_SPLINE_SURFACE_WITH_KNOTS('',3,1,((#13916,#13917),(#13918,#13919),
(#13920,#13921),(#13922,#13923)),.SURF_OF_LINEAR_EXTRUSION.,.F.,.F.,.F.,
(4,4),(2,2),(0.,1.),(0.,1.),.PIECEWISE_BEZIER_KNOTS.);
#41=B_SPLINE_SURFACE_WITH_KNOTS('',3,1,((#13929,#13930),(#13931,#13932),
(#13933,#13934),(#13935,#13936)),.SURF_OF_LINEAR_EXTRUSION.,.F.,.F.,.F.,
(4,4),(2,2),(0.,1.),(0.,1.),.PIECEWISE_BEZIER_KNOTS.);
#42=B_SPLINE_SURFACE_WITH_KNOTS('',3,1,((#13942,#13943),(#13944,#13945),
(#13946,#13947),(#13948,#13949)),.SURF_OF_LINEAR_EXTRUSION.,.F.,.F.,.F.,
(4,4),(2,2),(0.,1.),(0.,1.),.PIECEWISE_BEZIER_KNOTS.);
#43=B_SPLINE_SURFACE_WITH_KNOTS('',3,1,((#13957,#13958),(#13959,#13960),
(#13961,#13962),(#13963,#13964)),.SURF_OF_LINEAR_EXTRUSION.,.F.,.F.,.F.,
(4,4),(2,2),(0.,1.),(0.,1.),.PIECEWISE_BEZIER_KNOTS.);
#44=B_SPLINE_SURFACE_WITH_KNOTS('',3,1,((#13973,#13974),(#13975,#13976),
(#13977,#13978),(#13979,#13980)),.SURF_OF_LINEAR_EXTRUSION.,.F.,.F.,.F.,
(4,4),(2,2),(0.,1.),(0.,1.),.PIECEWISE_BEZIER_KNOTS.);
#45=B_SPLINE_SURFACE_WITH_KNOTS('',3,1,((#13993,#13994),(#13995,#13996),
(#13997,#13998),(#13999,#14000)),.SURF_OF_LINEAR_EXTRUSION.,.F.,.F.,.F.,
(4,4),(2,2),(0.,1.),(0.,1.),.PIECEWISE_BEZIER_KNOTS.);
#46=B_SPLINE_SURFACE_WITH_KNOTS('',3,1,((#14010,#14011),(#14012,#14013),
(#14014,#14015),(#14016,#14017)),.SURF_OF_LINEAR_EXTRUSION.,.F.,.F.,.F.,
(4,4),(2,2),(0.,1.),(0.,1.),.PIECEWISE_BEZIER_KNOTS.);
#47=B_SPLINE_SURFACE_WITH_KNOTS('',3,1,((#14027,#14028),(#14029,#14030),
(#14031,#14032),(#14033,#14034)),.SURF_OF_LINEAR_EXTRUSION.,.F.,.F.,.F.,
(4,4),(2,2),(0.,1.),(0.,1.),.PIECEWISE_BEZIER_KNOTS.);
#48=B_SPLINE_SURFACE_WITH_KNOTS('',3,1,((#14044,#14045),(#14046,#14047),
(#14048,#14049),(#14050,#14051)),.SURF_OF_LINEAR_EXTRUSION.,.F.,.F.,.F.,
(4,4),(2,2),(0.,1.),(0.,1.),.PIECEWISE_BEZIER_KNOTS.);
#49=B_SPLINE_SURFACE_WITH_KNOTS('',3,1,((#14061,#14062),(#14063,#14064),
(#14065,#14066),(#14067,#14068)),.SURF_OF_LINEAR_EXTRUSION.,.F.,.F.,.F.,
(4,4),(2,2),(0.,1.),(0.,1.),.PIECEWISE_BEZIER_KNOTS.);
#50=B_SPLINE_SURFACE_WITH_KNOTS('',3,1,((#14078,#14079),(#14080,#14081),
(#14082,#14083),(#14084,#14085)),.SURF_OF_LINEAR_EXTRUSION.,.F.,.F.,.F.,
(4,4),(2,2),(0.,1.),(0.,1.),.PIECEWISE_BEZIER_KNOTS.);
#51=B_SPLINE_SURFACE_WITH_KNOTS('',3,1,((#14107,#14108),(#14109,#14110),
(#14111,#14112),(#14113,#14114)),.SURF_OF_LINEAR_EXTRUSION.,.F.,.F.,.F.,
(4,4),(2,2),(0.,1.),(0.,1.),.PIECEWISE_BEZIER_KNOTS.);
#52=B_SPLINE_SURFACE_WITH_KNOTS('',3,1,((#14120,#14121),(#14122,#14123),
(#14124,#14125),(#14126,#14127)),.SURF_OF_LINEAR_EXTRUSION.,.F.,.F.,.F.,
(4,4),(2,2),(0.,1.),(0.,1.),.PIECEWISE_BEZIER_KNOTS.);
#53=B_SPLINE_SURFACE_WITH_KNOTS('',3,1,((#14133,#14134),(#14135,#14136),
(#14137,#14138),(#14139,#14140)),.SURF_OF_LINEAR_EXTRUSION.,.F.,.F.,.F.,
(4,4),(2,2),(0.,1.),(0.,1.),.PIECEWISE_BEZIER_KNOTS.);
#54=B_SPLINE_SURFACE_WITH_KNOTS('',3,1,((#14146,#14147),(#14148,#14149),
(#14150,#14151),(#14152,#14153)),.SURF_OF_LINEAR_EXTRUSION.,.F.,.F.,.F.,
(4,4),(2,2),(0.,1.),(0.,1.),.PIECEWISE_BEZIER_KNOTS.);
#55=B_SPLINE_SURFACE_WITH_KNOTS('',3,1,((#14163,#14164),(#14165,#14166),
(#14167,#14168),(#14169,#14170)),.SURF_OF_LINEAR_EXTRUSION.,.F.,.F.,.F.,
(4,4),(2,2),(0.,1.),(0.,1.),.PIECEWISE_BEZIER_KNOTS.);
#56=B_SPLINE_SURFACE_WITH_KNOTS('',3,1,((#14210,#14211),(#14212,#14213),
(#14214,#14215),(#14216,#14217)),.SURF_OF_LINEAR_EXTRUSION.,.F.,.F.,.F.,
(4,4),(2,2),(0.,1.),(0.,1.),.PIECEWISE_BEZIER_KNOTS.);
#57=B_SPLINE_SURFACE_WITH_KNOTS('',3,1,((#14287,#14288),(#14289,#14290),
(#14291,#14292),(#14293,#14294)),.SURF_OF_LINEAR_EXTRUSION.,.F.,.F.,.F.,
(4,4),(2,2),(0.,1.),(0.,1.),.PIECEWISE_BEZIER_KNOTS.);
#58=B_SPLINE_SURFACE_WITH_KNOTS('',3,1,((#14302,#14303),(#14304,#14305),
(#14306,#14307),(#14308,#14309)),.SURF_OF_LINEAR_EXTRUSION.,.F.,.F.,.F.,
(4,4),(2,2),(0.,1.),(0.,1.),.PIECEWISE_BEZIER_KNOTS.);
#59=B_SPLINE_SURFACE_WITH_KNOTS('',3,1,((#14323,#14324),(#14325,#14326),
(#14327,#14328),(#14329,#14330)),.SURF_OF_LINEAR_EXTRUSION.,.F.,.F.,.F.,
(4,4),(2,2),(0.,1.),(0.,1.),.PIECEWISE_BEZIER_KNOTS.);
#60=B_SPLINE_SURFACE_WITH_KNOTS('',3,1,((#14336,#14337),(#14338,#14339),
(#14340,#14341),(#14342,#14343)),.SURF_OF_LINEAR_EXTRUSION.,.F.,.F.,.F.,
(4,4),(2,2),(0.,1.),(0.,1.),.PIECEWISE_BEZIER_KNOTS.);
#61=B_SPLINE_SURFACE_WITH_KNOTS('',3,1,((#14349,#14350),(#14351,#14352),
(#14353,#14354),(#14355,#14356)),.SURF_OF_LINEAR_EXTRUSION.,.F.,.F.,.F.,
(4,4),(2,2),(0.,1.),(0.,1.),.PIECEWISE_BEZIER_KNOTS.);
#62=B_SPLINE_SURFACE_WITH_KNOTS('',3,1,((#14382,#14383),(#14384,#14385),
(#14386,#14387),(#14388,#14389)),.SURF_OF_LINEAR_EXTRUSION.,.F.,.F.,.F.,
(4,4),(2,2),(0.,1.),(0.,1.),.PIECEWISE_BEZIER_KNOTS.);
#63=B_SPLINE_SURFACE_WITH_KNOTS('',3,1,((#14395,#14396),(#14397,#14398),
(#14399,#14400),(#14401,#14402)),.SURF_OF_LINEAR_EXTRUSION.,.F.,.F.,.F.,
(4,4),(2,2),(0.,1.),(0.,1.),.PIECEWISE_BEZIER_KNOTS.);
#64=B_SPLINE_SURFACE_WITH_KNOTS('',3,1,((#14408,#14409),(#14410,#14411),
(#14412,#14413),(#14414,#14415)),.SURF_OF_LINEAR_EXTRUSION.,.F.,.F.,.F.,
(4,4),(2,2),(0.,1.),(0.,1.),.PIECEWISE_BEZIER_KNOTS.);
#65=B_SPLINE_SURFACE_WITH_KNOTS('',3,1,((#14420,#14421),(#14422,#14423),
(#14424,#14425),(#14426,#14427)),.SURF_OF_LINEAR_EXTRUSION.,.F.,.F.,.F.,
(4,4),(2,2),(0.,1.),(0.,1.),.PIECEWISE_BEZIER_KNOTS.);
#66=B_SPLINE_SURFACE_WITH_KNOTS('',3,1,((#14440,#14441),(#14442,#14443),
(#14444,#14445),(#14446,#14447)),.SURF_OF_LINEAR_EXTRUSION.,.F.,.F.,.F.,
(4,4),(2,2),(0.,1.),(0.,1.),.PIECEWISE_BEZIER_KNOTS.);
#67=B_SPLINE_SURFACE_WITH_KNOTS('',3,1,((#14457,#14458),(#14459,#14460),
(#14461,#14462),(#14463,#14464)),.SURF_OF_LINEAR_EXTRUSION.,.F.,.F.,.F.,
(4,4),(2,2),(0.,1.),(0.,1.),.PIECEWISE_BEZIER_KNOTS.);
#68=B_SPLINE_SURFACE_WITH_KNOTS('',3,1,((#14474,#14475),(#14476,#14477),
(#14478,#14479),(#14480,#14481)),.SURF_OF_LINEAR_EXTRUSION.,.F.,.F.,.F.,
(4,4),(2,2),(0.,1.),(0.,1.),.PIECEWISE_BEZIER_KNOTS.);
#69=B_SPLINE_SURFACE_WITH_KNOTS('',3,1,((#14491,#14492),(#14493,#14494),
(#14495,#14496),(#14497,#14498)),.SURF_OF_LINEAR_EXTRUSION.,.F.,.F.,.F.,
(4,4),(2,2),(0.,1.),(0.,1.),.PIECEWISE_BEZIER_KNOTS.);
#70=B_SPLINE_SURFACE_WITH_KNOTS('',3,1,((#14534,#14535),(#14536,#14537),
(#14538,#14539),(#14540,#14541)),.SURF_OF_LINEAR_EXTRUSION.,.F.,.F.,.F.,
(4,4),(2,2),(0.,1.),(0.,1.),.PIECEWISE_BEZIER_KNOTS.);
#71=B_SPLINE_SURFACE_WITH_KNOTS('',3,1,((#14547,#14548),(#14549,#14550),
(#14551,#14552),(#14553,#14554)),.SURF_OF_LINEAR_EXTRUSION.,.F.,.F.,.F.,
(4,4),(2,2),(0.,1.),(0.,1.),.PIECEWISE_BEZIER_KNOTS.);
#72=B_SPLINE_SURFACE_WITH_KNOTS('',3,1,((#14572,#14573),(#14574,#14575),
(#14576,#14577),(#14578,#14579)),.SURF_OF_LINEAR_EXTRUSION.,.F.,.F.,.F.,
(4,4),(2,2),(0.,1.),(0.,1.),.PIECEWISE_BEZIER_KNOTS.);
#73=B_SPLINE_SURFACE_WITH_KNOTS('',3,1,((#14585,#14586),(#14587,#14588),
(#14589,#14590),(#14591,#14592)),.SURF_OF_LINEAR_EXTRUSION.,.F.,.F.,.F.,
(4,4),(2,2),(0.,1.),(0.,1.),.PIECEWISE_BEZIER_KNOTS.);
#74=B_SPLINE_SURFACE_WITH_KNOTS('',3,1,((#14598,#14599),(#14600,#14601),
(#14602,#14603),(#14604,#14605)),.SURF_OF_LINEAR_EXTRUSION.,.F.,.F.,.F.,
(4,4),(2,2),(0.,1.),(0.,1.),.PIECEWISE_BEZIER_KNOTS.);
#75=B_SPLINE_SURFACE_WITH_KNOTS('',3,1,((#14619,#14620),(#14621,#14622),
(#14623,#14624),(#14625,#14626)),.SURF_OF_LINEAR_EXTRUSION.,.F.,.F.,.F.,
(4,4),(2,2),(0.,1.),(0.,1.),.PIECEWISE_BEZIER_KNOTS.);
#76=B_SPLINE_SURFACE_WITH_KNOTS('',3,1,((#14632,#14633),(#14634,#14635),
(#14636,#14637),(#14638,#14639)),.SURF_OF_LINEAR_EXTRUSION.,.F.,.F.,.F.,
(4,4),(2,2),(0.,1.),(0.,1.),.PIECEWISE_BEZIER_KNOTS.);
#77=B_SPLINE_SURFACE_WITH_KNOTS('',3,1,((#14645,#14646),(#14647,#14648),
(#14649,#14650),(#14651,#14652)),.SURF_OF_LINEAR_EXTRUSION.,.F.,.F.,.F.,
(4,4),(2,2),(0.,1.),(0.,1.),.PIECEWISE_BEZIER_KNOTS.);
#78=B_SPLINE_SURFACE_WITH_KNOTS('',3,1,((#14658,#14659),(#14660,#14661),
(#14662,#14663),(#14664,#14665)),.SURF_OF_LINEAR_EXTRUSION.,.F.,.F.,.F.,
(4,4),(2,2),(0.,1.),(0.,1.),.PIECEWISE_BEZIER_KNOTS.);
#79=B_SPLINE_SURFACE_WITH_KNOTS('',3,1,((#14671,#14672),(#14673,#14674),
(#14675,#14676),(#14677,#14678)),.SURF_OF_LINEAR_EXTRUSION.,.F.,.F.,.F.,
(4,4),(2,2),(0.,1.),(0.,1.),.PIECEWISE_BEZIER_KNOTS.);
#80=B_SPLINE_SURFACE_WITH_KNOTS('',3,1,((#14686,#14687),(#14688,#14689),
(#14690,#14691),(#14692,#14693)),.SURF_OF_LINEAR_EXTRUSION.,.F.,.F.,.F.,
(4,4),(2,2),(0.,1.),(0.,1.),.PIECEWISE_BEZIER_KNOTS.);
#81=B_SPLINE_SURFACE_WITH_KNOTS('',3,1,((#14751,#14752),(#14753,#14754),
(#14755,#14756),(#14757,#14758)),.SURF_OF_LINEAR_EXTRUSION.,.F.,.F.,.F.,
(4,4),(2,2),(0.,1.),(0.,1.),.PIECEWISE_BEZIER_KNOTS.);
#82=B_SPLINE_SURFACE_WITH_KNOTS('',3,1,((#14771,#14772),(#14773,#14774),
(#14775,#14776),(#14777,#14778)),.SURF_OF_LINEAR_EXTRUSION.,.F.,.F.,.F.,
(4,4),(2,2),(0.,1.),(0.,1.),.PIECEWISE_BEZIER_KNOTS.);
#83=B_SPLINE_SURFACE_WITH_KNOTS('',3,1,((#14788,#14789),(#14790,#14791),
(#14792,#14793),(#14794,#14795)),.SURF_OF_LINEAR_EXTRUSION.,.F.,.F.,.F.,
(4,4),(2,2),(0.,1.),(0.,1.),.PIECEWISE_BEZIER_KNOTS.);
#84=B_SPLINE_SURFACE_WITH_KNOTS('',3,1,((#14805,#14806),(#14807,#14808),
(#14809,#14810),(#14811,#14812)),.SURF_OF_LINEAR_EXTRUSION.,.F.,.F.,.F.,
(4,4),(2,2),(0.,1.),(0.,1.),.PIECEWISE_BEZIER_KNOTS.);
#85=B_SPLINE_SURFACE_WITH_KNOTS('',3,1,((#14822,#14823),(#14824,#14825),
(#14826,#14827),(#14828,#14829)),.SURF_OF_LINEAR_EXTRUSION.,.F.,.F.,.F.,
(4,4),(2,2),(0.,1.),(0.,1.),.PIECEWISE_BEZIER_KNOTS.);
#86=B_SPLINE_SURFACE_WITH_KNOTS('',3,1,((#14848,#14849),(#14850,#14851),
(#14852,#14853),(#14854,#14855)),.SURF_OF_LINEAR_EXTRUSION.,.F.,.F.,.F.,
(4,4),(2,2),(0.,1.),(0.,1.),.PIECEWISE_BEZIER_KNOTS.);
#87=B_SPLINE_SURFACE_WITH_KNOTS('',3,1,((#14865,#14866),(#14867,#14868),
(#14869,#14870),(#14871,#14872)),.SURF_OF_LINEAR_EXTRUSION.,.F.,.F.,.F.,
(4,4),(2,2),(0.,1.),(0.,1.),.PIECEWISE_BEZIER_KNOTS.);
#88=B_SPLINE_SURFACE_WITH_KNOTS('',3,1,((#14888,#14889),(#14890,#14891),
(#14892,#14893),(#14894,#14895)),.SURF_OF_LINEAR_EXTRUSION.,.F.,.F.,.F.,
(4,4),(2,2),(0.,1.),(0.,1.),.PIECEWISE_BEZIER_KNOTS.);
#89=B_SPLINE_SURFACE_WITH_KNOTS('',3,1,((#14905,#14906),(#14907,#14908),
(#14909,#14910),(#14911,#14912)),.SURF_OF_LINEAR_EXTRUSION.,.F.,.F.,.F.,
(4,4),(2,2),(0.,1.),(0.,1.),.PIECEWISE_BEZIER_KNOTS.);
#90=B_SPLINE_SURFACE_WITH_KNOTS('',3,1,((#14922,#14923),(#14924,#14925),
(#14926,#14927),(#14928,#14929)),.SURF_OF_LINEAR_EXTRUSION.,.F.,.F.,.F.,
(4,4),(2,2),(0.,1.),(0.,1.),.PIECEWISE_BEZIER_KNOTS.);
#91=B_SPLINE_SURFACE_WITH_KNOTS('',3,1,((#14939,#14940),(#14941,#14942),
(#14943,#14944),(#14945,#14946)),.SURF_OF_LINEAR_EXTRUSION.,.F.,.F.,.F.,
(4,4),(2,2),(0.,1.),(0.,1.),.PIECEWISE_BEZIER_KNOTS.);
#92=B_SPLINE_SURFACE_WITH_KNOTS('',3,1,((#14970,#14971),(#14972,#14973),
(#14974,#14975),(#14976,#14977)),.SURF_OF_LINEAR_EXTRUSION.,.F.,.F.,.F.,
(4,4),(2,2),(0.,1.),(0.,1.),.PIECEWISE_BEZIER_KNOTS.);
#93=B_SPLINE_SURFACE_WITH_KNOTS('',3,1,((#14983,#14984),(#14985,#14986),
(#14987,#14988),(#14989,#14990)),.SURF_OF_LINEAR_EXTRUSION.,.F.,.F.,.F.,
(4,4),(2,2),(0.,1.),(0.,1.),.PIECEWISE_BEZIER_KNOTS.);
#94=B_SPLINE_SURFACE_WITH_KNOTS('',3,1,((#15004,#15005),(#15006,#15007),
(#15008,#15009),(#15010,#15011)),.SURF_OF_LINEAR_EXTRUSION.,.F.,.F.,.F.,
(4,4),(2,2),(0.,1.),(0.,1.),.PIECEWISE_BEZIER_KNOTS.);
#95=B_SPLINE_SURFACE_WITH_KNOTS('',3,1,((#15029,#15030),(#15031,#15032),
(#15033,#15034),(#15035,#15036)),.SURF_OF_LINEAR_EXTRUSION.,.F.,.F.,.F.,
(4,4),(2,2),(0.,1.),(0.,1.),.PIECEWISE_BEZIER_KNOTS.);
#96=B_SPLINE_SURFACE_WITH_KNOTS('',3,1,((#15046,#15047),(#15048,#15049),
(#15050,#15051),(#15052,#15053)),.SURF_OF_LINEAR_EXTRUSION.,.F.,.F.,.F.,
(4,4),(2,2),(0.,1.),(0.,1.),.PIECEWISE_BEZIER_KNOTS.);
#97=B_SPLINE_SURFACE_WITH_KNOTS('',3,1,((#15059,#15060),(#15061,#15062),
(#15063,#15064),(#15065,#15066)),.SURF_OF_LINEAR_EXTRUSION.,.F.,.F.,.F.,
(4,4),(2,2),(0.,1.),(0.,1.),.PIECEWISE_BEZIER_KNOTS.);
#98=B_SPLINE_SURFACE_WITH_KNOTS('',3,1,((#15072,#15073),(#15074,#15075),
(#15076,#15077),(#15078,#15079)),.SURF_OF_LINEAR_EXTRUSION.,.F.,.F.,.F.,
(4,4),(2,2),(0.,1.),(0.,1.),.PIECEWISE_BEZIER_KNOTS.);
#99=B_SPLINE_SURFACE_WITH_KNOTS('',3,1,((#15085,#15086),(#15087,#15088),
(#15089,#15090),(#15091,#15092)),.SURF_OF_LINEAR_EXTRUSION.,.F.,.F.,.F.,
(4,4),(2,2),(0.,1.),(0.,1.),.PIECEWISE_BEZIER_KNOTS.);
#100=B_SPLINE_SURFACE_WITH_KNOTS('',3,1,((#15098,#15099),(#15100,#15101),
(#15102,#15103),(#15104,#15105)),.SURF_OF_LINEAR_EXTRUSION.,.F.,.F.,.F.,
(4,4),(2,2),(0.,1.),(0.,1.),.PIECEWISE_BEZIER_KNOTS.);
#101=B_SPLINE_SURFACE_WITH_KNOTS('',3,1,((#15111,#15112),(#15113,#15114),
(#15115,#15116),(#15117,#15118)),.SURF_OF_LINEAR_EXTRUSION.,.F.,.F.,.F.,
(4,4),(2,2),(0.,1.),(0.,1.),.PIECEWISE_BEZIER_KNOTS.);
#102=B_SPLINE_SURFACE_WITH_KNOTS('',3,1,((#15128,#15129),(#15130,#15131),
(#15132,#15133),(#15134,#15135)),.SURF_OF_LINEAR_EXTRUSION.,.F.,.F.,.F.,
(4,4),(2,2),(0.,1.),(0.,1.),.PIECEWISE_BEZIER_KNOTS.);
#103=B_SPLINE_SURFACE_WITH_KNOTS('',3,1,((#15145,#15146),(#15147,#15148),
(#15149,#15150),(#15151,#15152)),.SURF_OF_LINEAR_EXTRUSION.,.F.,.F.,.F.,
(4,4),(2,2),(0.,1.),(0.,1.),.PIECEWISE_BEZIER_KNOTS.);
#104=B_SPLINE_SURFACE_WITH_KNOTS('',3,1,((#15162,#15163),(#15164,#15165),
(#15166,#15167),(#15168,#15169)),.SURF_OF_LINEAR_EXTRUSION.,.F.,.F.,.F.,
(4,4),(2,2),(0.,1.),(0.,1.),.PIECEWISE_BEZIER_KNOTS.);
#105=B_SPLINE_SURFACE_WITH_KNOTS('',3,1,((#15175,#15176),(#15177,#15178),
(#15179,#15180),(#15181,#15182)),.SURF_OF_LINEAR_EXTRUSION.,.F.,.F.,.F.,
(4,4),(2,2),(0.,1.),(0.,1.),.PIECEWISE_BEZIER_KNOTS.);
#106=B_SPLINE_SURFACE_WITH_KNOTS('',3,1,((#15196,#15197),(#15198,#15199),
(#15200,#15201),(#15202,#15203)),.SURF_OF_LINEAR_EXTRUSION.,.F.,.F.,.F.,
(4,4),(2,2),(0.,1.),(0.,1.),.PIECEWISE_BEZIER_KNOTS.);
#107=B_SPLINE_SURFACE_WITH_KNOTS('',3,1,((#15212,#15213),(#15214,#15215),
(#15216,#15217),(#15218,#15219)),.SURF_OF_LINEAR_EXTRUSION.,.F.,.F.,.F.,
(4,4),(2,2),(0.,1.),(0.,1.),.PIECEWISE_BEZIER_KNOTS.);
#108=B_SPLINE_SURFACE_WITH_KNOTS('',3,1,((#15243,#15244),(#15245,#15246),
(#15247,#15248),(#15249,#15250)),.SURF_OF_LINEAR_EXTRUSION.,.F.,.F.,.F.,
(4,4),(2,2),(0.,1.),(0.,1.),.PIECEWISE_BEZIER_KNOTS.);
#109=B_SPLINE_SURFACE_WITH_KNOTS('',3,1,((#15256,#15257),(#15258,#15259),
(#15260,#15261),(#15262,#15263)),.SURF_OF_LINEAR_EXTRUSION.,.F.,.F.,.F.,
(4,4),(2,2),(0.,1.),(0.,1.),.PIECEWISE_BEZIER_KNOTS.);
#110=B_SPLINE_SURFACE_WITH_KNOTS('',3,1,((#15301,#15302),(#15303,#15304),
(#15305,#15306),(#15307,#15308)),.SURF_OF_LINEAR_EXTRUSION.,.F.,.F.,.F.,
(4,4),(2,2),(0.,1.),(0.,1.),.PIECEWISE_BEZIER_KNOTS.);
#111=B_SPLINE_SURFACE_WITH_KNOTS('',3,1,((#15314,#15315),(#15316,#15317),
(#15318,#15319),(#15320,#15321)),.SURF_OF_LINEAR_EXTRUSION.,.F.,.F.,.F.,
(4,4),(2,2),(0.,1.),(0.,1.),.PIECEWISE_BEZIER_KNOTS.);
#112=B_SPLINE_SURFACE_WITH_KNOTS('',3,1,((#15327,#15328),(#15329,#15330),
(#15331,#15332),(#15333,#15334)),.SURF_OF_LINEAR_EXTRUSION.,.F.,.F.,.F.,
(4,4),(2,2),(0.,1.),(0.,1.),.PIECEWISE_BEZIER_KNOTS.);
#113=B_SPLINE_SURFACE_WITH_KNOTS('',3,1,((#15340,#15341),(#15342,#15343),
(#15344,#15345),(#15346,#15347)),.SURF_OF_LINEAR_EXTRUSION.,.F.,.F.,.F.,
(4,4),(2,2),(0.,1.),(0.,1.),.PIECEWISE_BEZIER_KNOTS.);
#114=B_SPLINE_SURFACE_WITH_KNOTS('',3,1,((#15352,#15353),(#15354,#15355),
(#15356,#15357),(#15358,#15359)),.SURF_OF_LINEAR_EXTRUSION.,.F.,.F.,.F.,
(4,4),(2,2),(0.,1.),(0.,1.),.PIECEWISE_BEZIER_KNOTS.);
#115=B_SPLINE_SURFACE_WITH_KNOTS('',3,1,((#15367,#15368),(#15369,#15370),
(#15371,#15372),(#15373,#15374)),.SURF_OF_LINEAR_EXTRUSION.,.F.,.F.,.F.,
(4,4),(2,2),(0.,1.),(0.,1.),.PIECEWISE_BEZIER_KNOTS.);
#116=B_SPLINE_SURFACE_WITH_KNOTS('',3,1,((#15388,#15389),(#15390,#15391),
(#15392,#15393),(#15394,#15395)),.SURF_OF_LINEAR_EXTRUSION.,.F.,.F.,.F.,
(4,4),(2,2),(0.,1.),(0.,1.),.PIECEWISE_BEZIER_KNOTS.);
#117=B_SPLINE_SURFACE_WITH_KNOTS('',3,1,((#15401,#15402),(#15403,#15404),
(#15405,#15406),(#15407,#15408)),.SURF_OF_LINEAR_EXTRUSION.,.F.,.F.,.F.,
(4,4),(2,2),(0.,1.),(0.,1.),.PIECEWISE_BEZIER_KNOTS.);
#118=B_SPLINE_SURFACE_WITH_KNOTS('',3,1,((#15479,#15480),(#15481,#15482),
(#15483,#15484),(#15485,#15486)),.SURF_OF_LINEAR_EXTRUSION.,.F.,.F.,.F.,
(4,4),(2,2),(0.,1.),(0.,1.),.PIECEWISE_BEZIER_KNOTS.);
#119=B_SPLINE_SURFACE_WITH_KNOTS('',3,1,((#15499,#15500),(#15501,#15502),
(#15503,#15504),(#15505,#15506)),.SURF_OF_LINEAR_EXTRUSION.,.F.,.F.,.F.,
(4,4),(2,2),(0.,1.),(0.,1.),.PIECEWISE_BEZIER_KNOTS.);
#120=B_SPLINE_SURFACE_WITH_KNOTS('',3,1,((#15516,#15517),(#15518,#15519),
(#15520,#15521),(#15522,#15523)),.SURF_OF_LINEAR_EXTRUSION.,.F.,.F.,.F.,
(4,4),(2,2),(0.,1.),(0.,1.),.PIECEWISE_BEZIER_KNOTS.);
#121=B_SPLINE_SURFACE_WITH_KNOTS('',3,1,((#15533,#15534),(#15535,#15536),
(#15537,#15538),(#15539,#15540)),.SURF_OF_LINEAR_EXTRUSION.,.F.,.F.,.F.,
(4,4),(2,2),(0.,1.),(0.,1.),.PIECEWISE_BEZIER_KNOTS.);
#122=B_SPLINE_SURFACE_WITH_KNOTS('',3,1,((#15550,#15551),(#15552,#15553),
(#15554,#15555),(#15556,#15557)),.SURF_OF_LINEAR_EXTRUSION.,.F.,.F.,.F.,
(4,4),(2,2),(0.,1.),(0.,1.),.PIECEWISE_BEZIER_KNOTS.);
#123=B_SPLINE_SURFACE_WITH_KNOTS('',3,1,((#15593,#15594),(#15595,#15596),
(#15597,#15598),(#15599,#15600)),.SURF_OF_LINEAR_EXTRUSION.,.F.,.F.,.F.,
(4,4),(2,2),(0.,1.),(0.,1.),.PIECEWISE_BEZIER_KNOTS.);
#124=B_SPLINE_SURFACE_WITH_KNOTS('',3,1,((#15606,#15607),(#15608,#15609),
(#15610,#15611),(#15612,#15613)),.SURF_OF_LINEAR_EXTRUSION.,.F.,.F.,.F.,
(4,4),(2,2),(0.,1.),(0.,1.),.PIECEWISE_BEZIER_KNOTS.);
#125=B_SPLINE_SURFACE_WITH_KNOTS('',3,1,((#15631,#15632),(#15633,#15634),
(#15635,#15636),(#15637,#15638)),.SURF_OF_LINEAR_EXTRUSION.,.F.,.F.,.F.,
(4,4),(2,2),(0.,1.),(0.,1.),.PIECEWISE_BEZIER_KNOTS.);
#126=B_SPLINE_SURFACE_WITH_KNOTS('',3,1,((#15644,#15645),(#15646,#15647),
(#15648,#15649),(#15650,#15651)),.SURF_OF_LINEAR_EXTRUSION.,.F.,.F.,.F.,
(4,4),(2,2),(0.,1.),(0.,1.),.PIECEWISE_BEZIER_KNOTS.);
#127=B_SPLINE_SURFACE_WITH_KNOTS('',3,1,((#15657,#15658),(#15659,#15660),
(#15661,#15662),(#15663,#15664)),.SURF_OF_LINEAR_EXTRUSION.,.F.,.F.,.F.,
(4,4),(2,2),(0.,1.),(0.,1.),.PIECEWISE_BEZIER_KNOTS.);
#128=B_SPLINE_SURFACE_WITH_KNOTS('',3,1,((#15678,#15679),(#15680,#15681),
(#15682,#15683),(#15684,#15685)),.SURF_OF_LINEAR_EXTRUSION.,.F.,.F.,.F.,
(4,4),(2,2),(0.,1.),(0.,1.),.PIECEWISE_BEZIER_KNOTS.);
#129=B_SPLINE_SURFACE_WITH_KNOTS('',3,1,((#15691,#15692),(#15693,#15694),
(#15695,#15696),(#15697,#15698)),.SURF_OF_LINEAR_EXTRUSION.,.F.,.F.,.F.,
(4,4),(2,2),(0.,1.),(0.,1.),.PIECEWISE_BEZIER_KNOTS.);
#130=B_SPLINE_SURFACE_WITH_KNOTS('',3,1,((#15704,#15705),(#15706,#15707),
(#15708,#15709),(#15710,#15711)),.SURF_OF_LINEAR_EXTRUSION.,.F.,.F.,.F.,
(4,4),(2,2),(0.,1.),(0.,1.),.PIECEWISE_BEZIER_KNOTS.);
#131=B_SPLINE_SURFACE_WITH_KNOTS('',3,1,((#15717,#15718),(#15719,#15720),
(#15721,#15722),(#15723,#15724)),.SURF_OF_LINEAR_EXTRUSION.,.F.,.F.,.F.,
(4,4),(2,2),(0.,1.),(0.,1.),.PIECEWISE_BEZIER_KNOTS.);
#132=B_SPLINE_SURFACE_WITH_KNOTS('',3,1,((#15730,#15731),(#15732,#15733),
(#15734,#15735),(#15736,#15737)),.SURF_OF_LINEAR_EXTRUSION.,.F.,.F.,.F.,
(4,4),(2,2),(0.,1.),(0.,1.),.PIECEWISE_BEZIER_KNOTS.);
#133=B_SPLINE_SURFACE_WITH_KNOTS('',3,1,((#15745,#15746),(#15747,#15748),
(#15749,#15750),(#15751,#15752)),.SURF_OF_LINEAR_EXTRUSION.,.F.,.F.,.F.,
(4,4),(2,2),(0.,1.),(0.,1.),.PIECEWISE_BEZIER_KNOTS.);
#134=B_SPLINE_SURFACE_WITH_KNOTS('',3,1,((#15775,#15776),(#15777,#15778),
(#15779,#15780),(#15781,#15782)),.SURF_OF_LINEAR_EXTRUSION.,.F.,.F.,.F.,
(4,4),(2,2),(0.,1.),(0.,1.),.PIECEWISE_BEZIER_KNOTS.);
#135=B_SPLINE_SURFACE_WITH_KNOTS('',3,1,((#15788,#15789),(#15790,#15791),
(#15792,#15793),(#15794,#15795)),.SURF_OF_LINEAR_EXTRUSION.,.F.,.F.,.F.,
(4,4),(2,2),(0.,1.),(0.,1.),.PIECEWISE_BEZIER_KNOTS.);
#136=B_SPLINE_SURFACE_WITH_KNOTS('',3,1,((#15813,#15814),(#15815,#15816),
(#15817,#15818),(#15819,#15820)),.SURF_OF_LINEAR_EXTRUSION.,.F.,.F.,.F.,
(4,4),(2,2),(0.,1.),(0.,1.),.PIECEWISE_BEZIER_KNOTS.);
#137=B_SPLINE_SURFACE_WITH_KNOTS('',3,1,((#15858,#15859),(#15860,#15861),
(#15862,#15863),(#15864,#15865)),.SURF_OF_LINEAR_EXTRUSION.,.F.,.F.,.F.,
(4,4),(2,2),(0.,1.),(0.,1.),.PIECEWISE_BEZIER_KNOTS.);
#138=B_SPLINE_SURFACE_WITH_KNOTS('',3,1,((#15871,#15872),(#15873,#15874),
(#15875,#15876),(#15877,#15878)),.SURF_OF_LINEAR_EXTRUSION.,.F.,.F.,.F.,
(4,4),(2,2),(0.,1.),(0.,1.),.PIECEWISE_BEZIER_KNOTS.);
#139=B_SPLINE_SURFACE_WITH_KNOTS('',3,1,((#15884,#15885),(#15886,#15887),
(#15888,#15889),(#15890,#15891)),.SURF_OF_LINEAR_EXTRUSION.,.F.,.F.,.F.,
(4,4),(2,2),(0.,1.),(0.,1.),.PIECEWISE_BEZIER_KNOTS.);
#140=B_SPLINE_SURFACE_WITH_KNOTS('',3,1,((#15897,#15898),(#15899,#15900),
(#15901,#15902),(#15903,#15904)),.SURF_OF_LINEAR_EXTRUSION.,.F.,.F.,.F.,
(4,4),(2,2),(0.,1.),(0.,1.),.PIECEWISE_BEZIER_KNOTS.);
#141=B_SPLINE_SURFACE_WITH_KNOTS('',3,1,((#15922,#15923),(#15924,#15925),
(#15926,#15927),(#15928,#15929)),.SURF_OF_LINEAR_EXTRUSION.,.F.,.F.,.F.,
(4,4),(2,2),(0.,1.),(0.,1.),.PIECEWISE_BEZIER_KNOTS.);
#142=B_SPLINE_SURFACE_WITH_KNOTS('',3,1,((#15935,#15936),(#15937,#15938),
(#15939,#15940),(#15941,#15942)),.SURF_OF_LINEAR_EXTRUSION.,.F.,.F.,.F.,
(4,4),(2,2),(0.,1.),(0.,1.),.PIECEWISE_BEZIER_KNOTS.);
#143=B_SPLINE_SURFACE_WITH_KNOTS('',3,1,((#15948,#15949),(#15950,#15951),
(#15952,#15953),(#15954,#15955)),.SURF_OF_LINEAR_EXTRUSION.,.F.,.F.,.F.,
(4,4),(2,2),(0.,1.),(0.,1.),.PIECEWISE_BEZIER_KNOTS.);
#144=B_SPLINE_SURFACE_WITH_KNOTS('',3,1,((#15961,#15962),(#15963,#15964),
(#15965,#15966),(#15967,#15968)),.SURF_OF_LINEAR_EXTRUSION.,.F.,.F.,.F.,
(4,4),(2,2),(0.,1.),(0.,1.),.PIECEWISE_BEZIER_KNOTS.);
#145=B_SPLINE_SURFACE_WITH_KNOTS('',3,1,((#16037,#16038),(#16039,#16040),
(#16041,#16042),(#16043,#16044)),.SURF_OF_LINEAR_EXTRUSION.,.F.,.F.,.F.,
(4,4),(2,2),(0.,1.),(0.,1.),.PIECEWISE_BEZIER_KNOTS.);
#146=B_SPLINE_SURFACE_WITH_KNOTS('',3,1,((#16052,#16053),(#16054,#16055),
(#16056,#16057),(#16058,#16059)),.SURF_OF_LINEAR_EXTRUSION.,.F.,.F.,.F.,
(4,4),(2,2),(0.,1.),(0.,1.),.PIECEWISE_BEZIER_KNOTS.);
#147=B_SPLINE_SURFACE_WITH_KNOTS('',3,1,((#16065,#16066),(#16067,#16068),
(#16069,#16070),(#16071,#16072)),.SURF_OF_LINEAR_EXTRUSION.,.F.,.F.,.F.,
(4,4),(2,2),(0.,1.),(0.,1.),.PIECEWISE_BEZIER_KNOTS.);
#148=B_SPLINE_SURFACE_WITH_KNOTS('',3,1,((#16078,#16079),(#16080,#16081),
(#16082,#16083),(#16084,#16085)),.SURF_OF_LINEAR_EXTRUSION.,.F.,.F.,.F.,
(4,4),(2,2),(0.,1.),(0.,1.),.PIECEWISE_BEZIER_KNOTS.);
#149=B_SPLINE_SURFACE_WITH_KNOTS('',3,1,((#16099,#16100),(#16101,#16102),
(#16103,#16104),(#16105,#16106)),.SURF_OF_LINEAR_EXTRUSION.,.F.,.F.,.F.,
(4,4),(2,2),(0.,1.),(0.,1.),.PIECEWISE_BEZIER_KNOTS.);
#150=B_SPLINE_SURFACE_WITH_KNOTS('',3,1,((#16112,#16113),(#16114,#16115),
(#16116,#16117),(#16118,#16119)),.SURF_OF_LINEAR_EXTRUSION.,.F.,.F.,.F.,
(4,4),(2,2),(0.,1.),(0.,1.),.PIECEWISE_BEZIER_KNOTS.);
#151=B_SPLINE_SURFACE_WITH_KNOTS('',3,1,((#16125,#16126),(#16127,#16128),
(#16129,#16130),(#16131,#16132)),.SURF_OF_LINEAR_EXTRUSION.,.F.,.F.,.F.,
(4,4),(2,2),(0.,1.),(0.,1.),.PIECEWISE_BEZIER_KNOTS.);
#152=B_SPLINE_SURFACE_WITH_KNOTS('',3,1,((#16146,#16147),(#16148,#16149),
(#16150,#16151),(#16152,#16153)),.SURF_OF_LINEAR_EXTRUSION.,.F.,.F.,.F.,
(4,4),(2,2),(0.,1.),(0.,1.),.PIECEWISE_BEZIER_KNOTS.);
#153=B_SPLINE_SURFACE_WITH_KNOTS('',3,1,((#16171,#16172),(#16173,#16174),
(#16175,#16176),(#16177,#16178)),.SURF_OF_LINEAR_EXTRUSION.,.F.,.F.,.F.,
(4,4),(2,2),(0.,1.),(0.,1.),.PIECEWISE_BEZIER_KNOTS.);
#154=B_SPLINE_SURFACE_WITH_KNOTS('',3,1,((#16184,#16185),(#16186,#16187),
(#16188,#16189),(#16190,#16191)),.SURF_OF_LINEAR_EXTRUSION.,.F.,.F.,.F.,
(4,4),(2,2),(0.,1.),(0.,1.),.PIECEWISE_BEZIER_KNOTS.);
#155=B_SPLINE_SURFACE_WITH_KNOTS('',3,1,((#16197,#16198),(#16199,#16200),
(#16201,#16202),(#16203,#16204)),.SURF_OF_LINEAR_EXTRUSION.,.F.,.F.,.F.,
(4,4),(2,2),(0.,1.),(0.,1.),.PIECEWISE_BEZIER_KNOTS.);
#156=B_SPLINE_SURFACE_WITH_KNOTS('',3,1,((#16210,#16211),(#16212,#16213),
(#16214,#16215),(#16216,#16217)),.SURF_OF_LINEAR_EXTRUSION.,.F.,.F.,.F.,
(4,4),(2,2),(0.,1.),(0.,1.),.PIECEWISE_BEZIER_KNOTS.);
#157=B_SPLINE_SURFACE_WITH_KNOTS('',3,1,((#16223,#16224),(#16225,#16226),
(#16227,#16228),(#16229,#16230)),.SURF_OF_LINEAR_EXTRUSION.,.F.,.F.,.F.,
(4,4),(2,2),(0.,1.),(0.,1.),.PIECEWISE_BEZIER_KNOTS.);
#158=B_SPLINE_SURFACE_WITH_KNOTS('',3,1,((#16248,#16249),(#16250,#16251),
(#16252,#16253),(#16254,#16255)),.SURF_OF_LINEAR_EXTRUSION.,.F.,.F.,.F.,
(4,4),(2,2),(0.,1.),(0.,1.),.PIECEWISE_BEZIER_KNOTS.);
#159=B_SPLINE_SURFACE_WITH_KNOTS('',3,1,((#16261,#16262),(#16263,#16264),
(#16265,#16266),(#16267,#16268)),.SURF_OF_LINEAR_EXTRUSION.,.F.,.F.,.F.,
(4,4),(2,2),(0.,1.),(0.,1.),.PIECEWISE_BEZIER_KNOTS.);
#160=B_SPLINE_SURFACE_WITH_KNOTS('',3,1,((#16304,#16305),(#16306,#16307),
(#16308,#16309),(#16310,#16311)),.SURF_OF_LINEAR_EXTRUSION.,.F.,.F.,.F.,
(4,4),(2,2),(0.,1.),(0.,1.),.PIECEWISE_BEZIER_KNOTS.);
#161=B_SPLINE_SURFACE_WITH_KNOTS('',3,1,((#16329,#16330),(#16331,#16332),
(#16333,#16334),(#16335,#16336)),.SURF_OF_LINEAR_EXTRUSION.,.F.,.F.,.F.,
(4,4),(2,2),(0.,1.),(0.,1.),.PIECEWISE_BEZIER_KNOTS.);
#162=B_SPLINE_SURFACE_WITH_KNOTS('',3,1,((#16342,#16343),(#16344,#16345),
(#16346,#16347),(#16348,#16349)),.SURF_OF_LINEAR_EXTRUSION.,.F.,.F.,.F.,
(4,4),(2,2),(0.,1.),(0.,1.),.PIECEWISE_BEZIER_KNOTS.);
#163=B_SPLINE_SURFACE_WITH_KNOTS('',3,1,((#16375,#16376),(#16377,#16378),
(#16379,#16380),(#16381,#16382)),.SURF_OF_LINEAR_EXTRUSION.,.F.,.F.,.F.,
(4,4),(2,2),(0.,1.),(0.,1.),.PIECEWISE_BEZIER_KNOTS.);
#164=B_SPLINE_SURFACE_WITH_KNOTS('',3,1,((#16422,#16423),(#16424,#16425),
(#16426,#16427),(#16428,#16429)),.SURF_OF_LINEAR_EXTRUSION.,.F.,.F.,.F.,
(4,4),(2,2),(0.,1.),(0.,1.),.PIECEWISE_BEZIER_KNOTS.);
#165=B_SPLINE_SURFACE_WITH_KNOTS('',3,1,((#16447,#16448),(#16449,#16450),
(#16451,#16452),(#16453,#16454)),.SURF_OF_LINEAR_EXTRUSION.,.F.,.F.,.F.,
(4,4),(2,2),(0.,1.),(0.,1.),.PIECEWISE_BEZIER_KNOTS.);
#166=B_SPLINE_SURFACE_WITH_KNOTS('',3,1,((#16460,#16461),(#16462,#16463),
(#16464,#16465),(#16466,#16467)),.SURF_OF_LINEAR_EXTRUSION.,.F.,.F.,.F.,
(4,4),(2,2),(0.,1.),(0.,1.),.PIECEWISE_BEZIER_KNOTS.);
#167=B_SPLINE_SURFACE_WITH_KNOTS('',3,1,((#16493,#16494),(#16495,#16496),
(#16497,#16498),(#16499,#16500)),.SURF_OF_LINEAR_EXTRUSION.,.F.,.F.,.F.,
(4,4),(2,2),(0.,1.),(0.,1.),.PIECEWISE_BEZIER_KNOTS.);
#168=B_SPLINE_SURFACE_WITH_KNOTS('',3,1,((#16515,#16516),(#16517,#16518),
(#16519,#16520),(#16521,#16522)),.SURF_OF_LINEAR_EXTRUSION.,.F.,.F.,.F.,
(4,4),(2,2),(0.,1.),(0.,1.),.PIECEWISE_BEZIER_KNOTS.);
#169=B_SPLINE_SURFACE_WITH_KNOTS('',3,1,((#16528,#16529),(#16530,#16531),
(#16532,#16533),(#16534,#16535)),.SURF_OF_LINEAR_EXTRUSION.,.F.,.F.,.F.,
(4,4),(2,2),(0.,1.),(0.,1.),.PIECEWISE_BEZIER_KNOTS.);
#170=B_SPLINE_SURFACE_WITH_KNOTS('',3,1,((#16585,#16586),(#16587,#16588),
(#16589,#16590),(#16591,#16592)),.SURF_OF_LINEAR_EXTRUSION.,.F.,.F.,.F.,
(4,4),(2,2),(0.,1.),(0.,1.),.PIECEWISE_BEZIER_KNOTS.);
#171=B_SPLINE_SURFACE_WITH_KNOTS('',3,1,((#16613,#16614),(#16615,#16616),
(#16617,#16618),(#16619,#16620)),.SURF_OF_LINEAR_EXTRUSION.,.F.,.F.,.F.,
(4,4),(2,2),(0.,1.),(0.,1.),.PIECEWISE_BEZIER_KNOTS.);
#172=B_SPLINE_SURFACE_WITH_KNOTS('',3,1,((#16628,#16629),(#16630,#16631),
(#16632,#16633),(#16634,#16635)),.SURF_OF_LINEAR_EXTRUSION.,.F.,.F.,.F.,
(4,4),(2,2),(0.,1.),(0.,1.),.PIECEWISE_BEZIER_KNOTS.);
#173=B_SPLINE_SURFACE_WITH_KNOTS('',3,1,((#16641,#16642),(#16643,#16644),
(#16645,#16646),(#16647,#16648)),.SURF_OF_LINEAR_EXTRUSION.,.F.,.F.,.F.,
(4,4),(2,2),(0.,1.),(0.,1.),.PIECEWISE_BEZIER_KNOTS.);
#174=B_SPLINE_SURFACE_WITH_KNOTS('',3,1,((#16654,#16655),(#16656,#16657),
(#16658,#16659),(#16660,#16661)),.SURF_OF_LINEAR_EXTRUSION.,.F.,.F.,.F.,
(4,4),(2,2),(0.,1.),(0.,1.),.PIECEWISE_BEZIER_KNOTS.);
#175=B_SPLINE_SURFACE_WITH_KNOTS('',3,1,((#16667,#16668),(#16669,#16670),
(#16671,#16672),(#16673,#16674)),.SURF_OF_LINEAR_EXTRUSION.,.F.,.F.,.F.,
(4,4),(2,2),(0.,1.),(0.,1.),.PIECEWISE_BEZIER_KNOTS.);
#176=B_SPLINE_SURFACE_WITH_KNOTS('',3,1,((#16680,#16681),(#16682,#16683),
(#16684,#16685),(#16686,#16687)),.SURF_OF_LINEAR_EXTRUSION.,.F.,.F.,.F.,
(4,4),(2,2),(0.,1.),(0.,1.),.PIECEWISE_BEZIER_KNOTS.);
#177=B_SPLINE_SURFACE_WITH_KNOTS('',3,1,((#16693,#16694),(#16695,#16696),
(#16697,#16698),(#16699,#16700)),.SURF_OF_LINEAR_EXTRUSION.,.F.,.F.,.F.,
(4,4),(2,2),(0.,1.),(0.,1.),.PIECEWISE_BEZIER_KNOTS.);
#178=B_SPLINE_SURFACE_WITH_KNOTS('',3,1,((#16706,#16707),(#16708,#16709),
(#16710,#16711),(#16712,#16713)),.SURF_OF_LINEAR_EXTRUSION.,.F.,.F.,.F.,
(4,4),(2,2),(0.,1.),(0.,1.),.PIECEWISE_BEZIER_KNOTS.);
#179=B_SPLINE_SURFACE_WITH_KNOTS('',3,1,((#16719,#16720),(#16721,#16722),
(#16723,#16724),(#16725,#16726)),.SURF_OF_LINEAR_EXTRUSION.,.F.,.F.,.F.,
(4,4),(2,2),(0.,1.),(0.,1.),.PIECEWISE_BEZIER_KNOTS.);
#180=B_SPLINE_SURFACE_WITH_KNOTS('',3,1,((#16740,#16741),(#16742,#16743),
(#16744,#16745),(#16746,#16747)),.SURF_OF_LINEAR_EXTRUSION.,.F.,.F.,.F.,
(4,4),(2,2),(0.,1.),(0.,1.),.PIECEWISE_BEZIER_KNOTS.);
#181=B_SPLINE_SURFACE_WITH_KNOTS('',3,1,((#16753,#16754),(#16755,#16756),
(#16757,#16758),(#16759,#16760)),.SURF_OF_LINEAR_EXTRUSION.,.F.,.F.,.F.,
(4,4),(2,2),(0.,1.),(0.,1.),.PIECEWISE_BEZIER_KNOTS.);
#182=B_SPLINE_SURFACE_WITH_KNOTS('',3,1,((#16766,#16767),(#16768,#16769),
(#16770,#16771),(#16772,#16773)),.SURF_OF_LINEAR_EXTRUSION.,.F.,.F.,.F.,
(4,4),(2,2),(0.,1.),(0.,1.),.PIECEWISE_BEZIER_KNOTS.);
#183=B_SPLINE_SURFACE_WITH_KNOTS('',3,1,((#16779,#16780),(#16781,#16782),
(#16783,#16784),(#16785,#16786)),.SURF_OF_LINEAR_EXTRUSION.,.F.,.F.,.F.,
(4,4),(2,2),(0.,1.),(0.,1.),.PIECEWISE_BEZIER_KNOTS.);
#184=B_SPLINE_SURFACE_WITH_KNOTS('',3,1,((#16792,#16793),(#16794,#16795),
(#16796,#16797),(#16798,#16799)),.SURF_OF_LINEAR_EXTRUSION.,.F.,.F.,.F.,
(4,4),(2,2),(0.,1.),(0.,1.),.PIECEWISE_BEZIER_KNOTS.);
#185=B_SPLINE_SURFACE_WITH_KNOTS('',3,1,((#16805,#16806),(#16807,#16808),
(#16809,#16810),(#16811,#16812)),.SURF_OF_LINEAR_EXTRUSION.,.F.,.F.,.F.,
(4,4),(2,2),(0.,1.),(0.,1.),.PIECEWISE_BEZIER_KNOTS.);
#186=B_SPLINE_SURFACE_WITH_KNOTS('',3,1,((#16818,#16819),(#16820,#16821),
(#16822,#16823),(#16824,#16825)),.SURF_OF_LINEAR_EXTRUSION.,.F.,.F.,.F.,
(4,4),(2,2),(0.,1.),(0.,1.),.PIECEWISE_BEZIER_KNOTS.);
#187=B_SPLINE_SURFACE_WITH_KNOTS('',3,1,((#16831,#16832),(#16833,#16834),
(#16835,#16836),(#16837,#16838)),.SURF_OF_LINEAR_EXTRUSION.,.F.,.F.,.F.,
(4,4),(2,2),(0.,1.),(0.,1.),.PIECEWISE_BEZIER_KNOTS.);
#188=B_SPLINE_SURFACE_WITH_KNOTS('',3,1,((#16844,#16845),(#16846,#16847),
(#16848,#16849),(#16850,#16851)),.SURF_OF_LINEAR_EXTRUSION.,.F.,.F.,.F.,
(4,4),(2,2),(0.,1.),(0.,1.),.PIECEWISE_BEZIER_KNOTS.);
#189=B_SPLINE_SURFACE_WITH_KNOTS('',3,1,((#16869,#16870),(#16871,#16872),
(#16873,#16874),(#16875,#16876)),.SURF_OF_LINEAR_EXTRUSION.,.F.,.F.,.F.,
(4,4),(2,2),(0.,1.),(0.,1.),.PIECEWISE_BEZIER_KNOTS.);
#190=B_SPLINE_SURFACE_WITH_KNOTS('',3,1,((#16882,#16883),(#16884,#16885),
(#16886,#16887),(#16888,#16889)),.SURF_OF_LINEAR_EXTRUSION.,.F.,.F.,.F.,
(4,4),(2,2),(0.,1.),(0.,1.),.PIECEWISE_BEZIER_KNOTS.);
#191=CYLINDRICAL_SURFACE('',#9902,0.0017);
#192=CYLINDRICAL_SURFACE('',#9917,0.003);
#193=CYLINDRICAL_SURFACE('',#9918,0.0017);
#194=CYLINDRICAL_SURFACE('',#9924,0.003);
#195=CYLINDRICAL_SURFACE('',#9925,0.0017);
#196=CYLINDRICAL_SURFACE('',#9931,0.003);
#197=CYLINDRICAL_SURFACE('',#9932,0.0017);
#198=CYLINDRICAL_SURFACE('',#9938,0.003);
#199=CYLINDRICAL_SURFACE('',#9954,0.005);
#200=CYLINDRICAL_SURFACE('',#9955,0.005);
#201=CYLINDRICAL_SURFACE('',#9956,0.005);
#202=CYLINDRICAL_SURFACE('',#9957,0.005);
#203=CYLINDRICAL_SURFACE('',#9975,0.00207284398422776);
#204=CYLINDRICAL_SURFACE('',#9977,0.00210627768033396);
#205=CYLINDRICAL_SURFACE('',#9986,0.00127680068732508);
#206=CYLINDRICAL_SURFACE('',#9988,0.00122073942645301);
#207=CYLINDRICAL_SURFACE('',#9996,0.00391009306729203);
#208=CYLINDRICAL_SURFACE('',#9999,0.000983695908256473);
#209=CYLINDRICAL_SURFACE('',#10003,0.00529616327901111);
#210=CYLINDRICAL_SURFACE('',#10006,0.00774594976346463);
#211=CYLINDRICAL_SURFACE('',#10022,0.00199182554542929);
#212=CYLINDRICAL_SURFACE('',#10024,0.00146125791173141);
#213=CYLINDRICAL_SURFACE('',#10026,0.00207190811686491);
#214=CYLINDRICAL_SURFACE('',#10029,0.00142717797912571);
#215=CYLINDRICAL_SURFACE('',#10031,0.00200315846727945);
#216=CYLINDRICAL_SURFACE('',#10039,0.00207284398162482);
#217=CYLINDRICAL_SURFACE('',#10041,0.00210627768033305);
#218=CYLINDRICAL_SURFACE('',#10062,0.000398423398579451);
#219=CYLINDRICAL_SURFACE('',#10068,0.00149461431477351);
#220=CYLINDRICAL_SURFACE('',#10070,0.00094166804546468);
#221=CYLINDRICAL_SURFACE('',#10072,0.000792589769879933);
#222=CYLINDRICAL_SURFACE('',#10074,0.00047510460609556);
#223=CYLINDRICAL_SURFACE('',#10076,0.000420344218344831);
#224=CYLINDRICAL_SURFACE('',#10078,0.000464273189126541);
#225=CYLINDRICAL_SURFACE('',#10080,0.000681906048728692);
#226=CYLINDRICAL_SURFACE('',#10083,0.000191655617614277);
#227=CYLINDRICAL_SURFACE('',#10085,0.00134859764339856);
#228=CYLINDRICAL_SURFACE('',#10087,0.000938692806757565);
#229=CYLINDRICAL_SURFACE('',#10089,0.000953502399758364);
#230=CYLINDRICAL_SURFACE('',#10098,0.00124661786967895);
#231=CYLINDRICAL_SURFACE('',#10100,0.000917406737492286);
#232=CYLINDRICAL_SURFACE('',#10109,0.000258105402887955);
#233=CYLINDRICAL_SURFACE('',#10111,0.000259357639205632);
#234=CYLINDRICAL_SURFACE('',#10113,0.000261846919350718);
#235=CYLINDRICAL_SURFACE('',#10115,0.000263316233152058);
#236=CYLINDRICAL_SURFACE('',#10139,0.00207284398422794);
#237=CYLINDRICAL_SURFACE('',#10141,0.00210627768033319);
#238=CYLINDRICAL_SURFACE('',#10152,0.00118403930285222);
#239=CYLINDRICAL_SURFACE('',#10154,0.00093970156442265);
#240=CYLINDRICAL_SURFACE('',#10157,0.00108761913186385);
#241=CYLINDRICAL_SURFACE('',#10159,0.000879111196797515);
#242=CYLINDRICAL_SURFACE('',#10174,0.00515235578020787);
#243=CYLINDRICAL_SURFACE('',#10185,0.00661786029466095);
#244=CYLINDRICAL_SURFACE('',#10190,0.000612634216933054);
#245=CYLINDRICAL_SURFACE('',#10192,0.00033309065314434);
#246=CYLINDRICAL_SURFACE('',#10195,0.00235723366845317);
#247=CYLINDRICAL_SURFACE('',#10197,0.000659245234605894);
#248=CYLINDRICAL_SURFACE('',#10199,0.000676570705260254);
#249=CYLINDRICAL_SURFACE('',#10201,0.000805638131386486);
#250=CYLINDRICAL_SURFACE('',#10203,0.00191343455531727);
#251=CYLINDRICAL_SURFACE('',#10205,0.00220276475327888);
#252=CYLINDRICAL_SURFACE('',#10217,0.00158166442529045);
#253=CYLINDRICAL_SURFACE('',#10220,0.001767229895986);
#254=CYLINDRICAL_SURFACE('',#10224,0.196250643971496);
#255=CYLINDRICAL_SURFACE('',#10226,0.00776905437315704);
#256=CYLINDRICAL_SURFACE('',#10239,0.00158166442529241);
#257=CYLINDRICAL_SURFACE('',#10242,0.00176722989575357);
#258=CYLINDRICAL_SURFACE('',#10246,0.196250643969617);
#259=CYLINDRICAL_SURFACE('',#10248,0.00776905437311454);
#260=CYLINDRICAL_SURFACE('',#10253,0.00148222067601062);
#261=CYLINDRICAL_SURFACE('',#10266,0.00159171289541613);
#262=CYLINDRICAL_SURFACE('',#10268,0.000866297900218312);
#263=CYLINDRICAL_SURFACE('',#10271,0.00147459006386379);
#264=CYLINDRICAL_SURFACE('',#10275,0.00266423407688282);
#265=CYLINDRICAL_SURFACE('',#10277,0.00276103475577643);
#266=CYLINDRICAL_SURFACE('',#10279,0.00289757065604984);
#267=CYLINDRICAL_SURFACE('',#10306,0.005);
#268=CYLINDRICAL_SURFACE('',#10310,0.005);
#269=CYLINDRICAL_SURFACE('',#10314,0.005);
#270=CYLINDRICAL_SURFACE('',#10318,0.0017);
#271=CYLINDRICAL_SURFACE('',#10321,0.0017);
#272=CYLINDRICAL_SURFACE('',#10331,0.005);
#273=CYLINDRICAL_SURFACE('',#10334,0.0017);
#274=CYLINDRICAL_SURFACE('',#10337,0.0017);
#275=CYLINDRICAL_SURFACE('',#10349,0.001);
#276=CYLINDRICAL_SURFACE('',#10351,0.001);
#277=CYLINDRICAL_SURFACE('',#10357,0.001);
#278=CYLINDRICAL_SURFACE('',#10359,0.001);
#279=CIRCLE('',#9840,0.00289757065604984);
#280=CIRCLE('',#9841,0.00276103475577643);
#281=CIRCLE('',#9842,0.00266423407688282);
#282=CIRCLE('',#9843,0.00148222067601062);
#283=CIRCLE('',#9844,0.00147459006386379);
#284=CIRCLE('',#9845,0.000866297900218312);
#285=CIRCLE('',#9846,0.00159171289541613);
#286=CIRCLE('',#9847,0.00776905437311454);
#287=CIRCLE('',#9848,0.196250643969617);
#288=CIRCLE('',#9849,0.00176722989575357);
#289=CIRCLE('',#9850,0.00158166442529241);
#290=CIRCLE('',#9851,0.00776905437315704);
#291=CIRCLE('',#9852,0.196250643971496);
#292=CIRCLE('',#9853,0.001767229895986);
#293=CIRCLE('',#9854,0.00158166442529045);
#294=CIRCLE('',#9855,0.00220276475327888);
#295=CIRCLE('',#9856,0.00191343455531727);
#296=CIRCLE('',#9857,0.000805638131386486);
#297=CIRCLE('',#9858,0.000676570705260254);
#298=CIRCLE('',#9859,0.000659245234605894);
#299=CIRCLE('',#9860,0.00235723366845317);
#300=CIRCLE('',#9861,0.00033309065314434);
#301=CIRCLE('',#9862,0.000612634216933054);
#302=CIRCLE('',#9863,0.000879111196797515);
#303=CIRCLE('',#9864,0.00108761913186385);
#304=CIRCLE('',#9865,0.00093970156442265);
#305=CIRCLE('',#9866,0.00118403930285222);
#306=CIRCLE('',#9867,0.00210627768033319);
#307=CIRCLE('',#9868,0.00207284398422794);
#308=CIRCLE('',#9869,0.000263316233152058);
#309=CIRCLE('',#9870,0.000261846919350718);
#310=CIRCLE('',#9871,0.000259357639205632);
#311=CIRCLE('',#9872,0.000258105402887955);
#312=CIRCLE('',#9873,0.000917406737492286);
#313=CIRCLE('',#9874,0.00124661786967895);
#314=CIRCLE('',#9875,0.000953502399758364);
#315=CIRCLE('',#9876,0.000938692806757565);
#316=CIRCLE('',#9877,0.00134859764339856);
#317=CIRCLE('',#9878,0.000191655617614277);
#318=CIRCLE('',#9879,0.000681906048728692);
#319=CIRCLE('',#9880,0.000464273189126541);
#320=CIRCLE('',#9881,0.000420344218344831);
#321=CIRCLE('',#9882,0.00047510460609556);
#322=CIRCLE('',#9883,0.000792589769879933);
#323=CIRCLE('',#9884,0.00094166804546468);
#324=CIRCLE('',#9885,0.00149461431477351);
#325=CIRCLE('',#9886,0.00210627768033305);
#326=CIRCLE('',#9887,0.00207284398162482);
#327=CIRCLE('',#9888,0.00200315846727945);
#328=CIRCLE('',#9889,0.00142717797912571);
#329=CIRCLE('',#9890,0.00207190811686491);
#330=CIRCLE('',#9891,0.00146125791173141);
#331=CIRCLE('',#9892,0.00199182554542929);
#332=CIRCLE('',#9893,0.00529616327901111);
#333=CIRCLE('',#9894,0.00774594976346463);
#334=CIRCLE('',#9895,0.00127680068732508);
#335=CIRCLE('',#9896,0.000983695908256473);
#336=CIRCLE('',#9897,0.00391009306729203);
#337=CIRCLE('',#9898,0.00122073942645301);
#338=CIRCLE('',#9899,0.00210627768033396);
#339=CIRCLE('',#9900,0.00207284398422776);
#340=CIRCLE('',#9903,0.0017);
#341=CIRCLE('',#9904,0.0017);
#342=CIRCLE('',#9906,0.005);
#343=CIRCLE('',#9907,0.005);
#344=CIRCLE('',#9908,0.005);
#345=CIRCLE('',#9909,0.005);
#346=CIRCLE('',#9910,0.0017);
#347=CIRCLE('',#9911,0.0017);
#348=CIRCLE('',#9912,0.0017);
#349=CIRCLE('',#9914,0.003);
#350=CIRCLE('',#9916,0.003);
#351=CIRCLE('',#9919,0.0017);
#352=CIRCLE('',#9921,0.003);
#353=CIRCLE('',#9923,0.003);
#354=CIRCLE('',#9926,0.0017);
#355=CIRCLE('',#9928,0.003);
#356=CIRCLE('',#9930,0.003);
#357=CIRCLE('',#9933,0.0017);
#358=CIRCLE('',#9935,0.003);
#359=CIRCLE('',#9937,0.003);
#360=CIRCLE('',#9947,0.005);
#361=CIRCLE('',#9948,0.005);
#362=CIRCLE('',#9949,0.005);
#363=CIRCLE('',#9950,0.005);
#364=CIRCLE('',#9976,0.00207284398422776);
#365=CIRCLE('',#9978,0.00210627768033396);
#366=CIRCLE('',#9987,0.00127680068732508);
#367=CIRCLE('',#9989,0.00122073942645301);
#368=CIRCLE('',#9997,0.00391009306729203);
#369=CIRCLE('',#10000,0.000983695908256473);
#370=CIRCLE('',#10004,0.00529616327901111);
#371=CIRCLE('',#10007,0.00774594976346463);
#372=CIRCLE('',#10023,0.00199182554542929);
#373=CIRCLE('',#10025,0.00146125791173141);
#374=CIRCLE('',#10027,0.00207190811686491);
#375=CIRCLE('',#10030,0.00142717797912571);
#376=CIRCLE('',#10032,0.00200315846727945);
#377=CIRCLE('',#10040,0.00207284398162482);
#378=CIRCLE('',#10042,0.00210627768033305);
#379=CIRCLE('',#10063,0.000398423398579451);
#380=CIRCLE('',#10064,0.000398423398579451);
#381=CIRCLE('',#10069,0.00149461431477351);
#382=CIRCLE('',#10071,0.00094166804546468);
#383=CIRCLE('',#10073,0.000792589769879933);
#384=CIRCLE('',#10075,0.00047510460609556);
#385=CIRCLE('',#10077,0.000420344218344831);
#386=CIRCLE('',#10079,0.000464273189126541);
#387=CIRCLE('',#10081,0.000681906048728692);
#388=CIRCLE('',#10084,0.000191655617614277);
#389=CIRCLE('',#10086,0.00134859764339856);
#390=CIRCLE('',#10088,0.000938692806757565);
#391=CIRCLE('',#10090,0.000953502399758364);
#392=CIRCLE('',#10099,0.00124661786967895);
#393=CIRCLE('',#10101,0.000917406737492286);
#394=CIRCLE('',#10110,0.000258105402887955);
#395=CIRCLE('',#10112,0.000259357639205632);
#396=CIRCLE('',#10114,0.000261846919350718);
#397=CIRCLE('',#10116,0.000263316233152058);
#398=CIRCLE('',#10140,0.00207284398422794);
#399=CIRCLE('',#10142,0.00210627768033319);
#400=CIRCLE('',#10153,0.00118403930285222);
#401=CIRCLE('',#10155,0.00093970156442265);
#402=CIRCLE('',#10158,0.00108761913186385);
#403=CIRCLE('',#10160,0.000879111196797515);
#404=CIRCLE('',#10175,0.00515235578020787);
#405=CIRCLE('',#10176,0.00515235578020787);
#406=CIRCLE('',#10186,0.00661786029466095);
#407=CIRCLE('',#10187,0.00661786029466095);
#408=CIRCLE('',#10191,0.000612634216933054);
#409=CIRCLE('',#10193,0.00033309065314434);
#410=CIRCLE('',#10196,0.00235723366845317);
#411=CIRCLE('',#10198,0.000659245234605894);
#412=CIRCLE('',#10200,0.000676570705260254);
#413=CIRCLE('',#10202,0.000805638131386486);
#414=CIRCLE('',#10204,0.00191343455531727);
#415=CIRCLE('',#10206,0.00220276475327888);
#416=CIRCLE('',#10218,0.00158166442529045);
#417=CIRCLE('',#10221,0.001767229895986);
#418=CIRCLE('',#10225,0.196250643971496);
#419=CIRCLE('',#10227,0.00776905437315704);
#420=CIRCLE('',#10240,0.00158166442529241);
#421=CIRCLE('',#10243,0.00176722989575357);
#422=CIRCLE('',#10247,0.196250643969617);
#423=CIRCLE('',#10249,0.00776905437311454);
#424=CIRCLE('',#10254,0.00148222067601062);
#425=CIRCLE('',#10267,0.00159171289541613);
#426=CIRCLE('',#10269,0.000866297900218312);
#427=CIRCLE('',#10272,0.00147459006386379);
#428=CIRCLE('',#10276,0.00266423407688282);
#429=CIRCLE('',#10278,0.00276103475577643);
#430=CIRCLE('',#10280,0.00289757065604984);
#431=CIRCLE('',#10307,0.005);
#432=CIRCLE('',#10308,0.005);
#433=CIRCLE('',#10311,0.005);
#434=CIRCLE('',#10312,0.005);
#435=CIRCLE('',#10315,0.005);
#436=CIRCLE('',#10316,0.005);
#437=CIRCLE('',#10319,0.0017);
#438=CIRCLE('',#10320,0.0017);
#439=CIRCLE('',#10322,0.0017);
#440=CIRCLE('',#10323,0.0017);
#441=CIRCLE('',#10332,0.005);
#442=CIRCLE('',#10333,0.005);
#443=CIRCLE('',#10335,0.0017);
#444=CIRCLE('',#10336,0.0017);
#445=CIRCLE('',#10338,0.0017);
#446=CIRCLE('',#10339,0.0017);
#447=CIRCLE('',#10341,0.004);
#448=CIRCLE('',#10342,0.004);
#449=CIRCLE('',#10343,0.004);
#450=CIRCLE('',#10344,0.004);
#451=CIRCLE('',#10347,0.001);
#452=CIRCLE('',#10348,0.001);
#453=CIRCLE('',#10350,0.001);
#454=CIRCLE('',#10352,0.001);
#455=CIRCLE('',#10354,0.001);
#456=CIRCLE('',#10356,0.001);
#457=CIRCLE('',#10358,0.001);
#458=CIRCLE('',#10360,0.001);
#459=B_SPLINE_CURVE_WITH_KNOTS('',2,(#12342,#12343,#12344),
 .UNSPECIFIED.,.F.,.F.,(3,3),(0.,1.),.PIECEWISE_BEZIER_KNOTS.);
#460=B_SPLINE_CURVE_WITH_KNOTS('',2,(#12347,#12348,#12349),
 .UNSPECIFIED.,.F.,.F.,(3,3),(0.,1.),.PIECEWISE_BEZIER_KNOTS.);
#461=B_SPLINE_CURVE_WITH_KNOTS('',2,(#12351,#12352,#12353),
 .UNSPECIFIED.,.F.,.F.,(3,3),(0.,1.),.PIECEWISE_BEZIER_KNOTS.);
#462=B_SPLINE_CURVE_WITH_KNOTS('',2,(#12361,#12362,#12363),
 .UNSPECIFIED.,.F.,.F.,(3,3),(0.,1.),.PIECEWISE_BEZIER_KNOTS.);
#463=B_SPLINE_CURVE_WITH_KNOTS('',2,(#12365,#12366,#12367),
 .UNSPECIFIED.,.F.,.F.,(3,3),(0.,1.),.PIECEWISE_BEZIER_KNOTS.);
#464=B_SPLINE_CURVE_WITH_KNOTS('',2,(#12369,#12370,#12371),
 .UNSPECIFIED.,.F.,.F.,(3,3),(0.,1.),.PIECEWISE_BEZIER_KNOTS.);
#465=B_SPLINE_CURVE_WITH_KNOTS('',2,(#12373,#12374,#12375),
 .UNSPECIFIED.,.F.,.F.,(3,3),(0.,1.),.PIECEWISE_BEZIER_KNOTS.);
#466=B_SPLINE_CURVE_WITH_KNOTS('',2,(#12377,#12378,#12379),
 .UNSPECIFIED.,.F.,.F.,(3,3),(0.,1.),.PIECEWISE_BEZIER_KNOTS.);
#467=B_SPLINE_CURVE_WITH_KNOTS('',2,(#12381,#12382,#12383),
 .UNSPECIFIED.,.F.,.F.,(3,3),(0.,1.),.PIECEWISE_BEZIER_KNOTS.);
#468=B_SPLINE_CURVE_WITH_KNOTS('',2,(#12385,#12386,#12387),
 .UNSPECIFIED.,.F.,.F.,(3,3),(0.,1.),.PIECEWISE_BEZIER_KNOTS.);
#469=B_SPLINE_CURVE_WITH_KNOTS('',2,(#12389,#12390,#12391),
 .UNSPECIFIED.,.F.,.F.,(3,3),(0.,1.),.PIECEWISE_BEZIER_KNOTS.);
#470=B_SPLINE_CURVE_WITH_KNOTS('',2,(#12393,#12394,#12395),
 .UNSPECIFIED.,.F.,.F.,(3,3),(0.,1.),.PIECEWISE_BEZIER_KNOTS.);
#471=B_SPLINE_CURVE_WITH_KNOTS('',2,(#12401,#12402,#12403),
 .UNSPECIFIED.,.F.,.F.,(3,3),(0.,1.),.PIECEWISE_BEZIER_KNOTS.);
#472=B_SPLINE_CURVE_WITH_KNOTS('',2,(#12405,#12406,#12407),
 .UNSPECIFIED.,.F.,.F.,(3,3),(0.,1.),.PIECEWISE_BEZIER_KNOTS.);
#473=B_SPLINE_CURVE_WITH_KNOTS('',2,(#12409,#12410,#12411),
 .UNSPECIFIED.,.F.,.F.,(3,3),(0.,1.),.PIECEWISE_BEZIER_KNOTS.);
#474=B_SPLINE_CURVE_WITH_KNOTS('',2,(#12413,#12414,#12415),
 .UNSPECIFIED.,.F.,.F.,(3,3),(0.,1.),.PIECEWISE_BEZIER_KNOTS.);
#475=B_SPLINE_CURVE_WITH_KNOTS('',2,(#12417,#12418,#12419),
 .UNSPECIFIED.,.F.,.F.,(3,3),(0.,1.),.PIECEWISE_BEZIER_KNOTS.);
#476=B_SPLINE_CURVE_WITH_KNOTS('',2,(#12421,#12422,#12423),
 .UNSPECIFIED.,.F.,.F.,(3,3),(0.,1.),.PIECEWISE_BEZIER_KNOTS.);
#477=B_SPLINE_CURVE_WITH_KNOTS('',2,(#12425,#12426,#12427),
 .UNSPECIFIED.,.F.,.F.,(3,3),(0.,1.),.PIECEWISE_BEZIER_KNOTS.);
#478=B_SPLINE_CURVE_WITH_KNOTS('',2,(#12429,#12430,#12431),
 .UNSPECIFIED.,.F.,.F.,(3,3),(0.,1.),.PIECEWISE_BEZIER_KNOTS.);
#479=B_SPLINE_CURVE_WITH_KNOTS('',2,(#12443,#12444,#12445),
 .UNSPECIFIED.,.F.,.F.,(3,3),(0.,1.),.PIECEWISE_BEZIER_KNOTS.);
#480=B_SPLINE_CURVE_WITH_KNOTS('',2,(#12469,#12470,#12471),
 .UNSPECIFIED.,.F.,.F.,(3,3),(0.,1.),.PIECEWISE_BEZIER_KNOTS.);
#481=B_SPLINE_CURVE_WITH_KNOTS('',2,(#12473,#12474,#12475),
 .UNSPECIFIED.,.F.,.F.,(3,3),(0.,1.),.PIECEWISE_BEZIER_KNOTS.);
#482=B_SPLINE_CURVE_WITH_KNOTS('',2,(#12481,#12482,#12483),
 .UNSPECIFIED.,.F.,.F.,(3,3),(0.,1.),.PIECEWISE_BEZIER_KNOTS.);
#483=B_SPLINE_CURVE_WITH_KNOTS('',2,(#12495,#12496,#12497),
 .UNSPECIFIED.,.F.,.F.,(3,3),(0.,1.),.PIECEWISE_BEZIER_KNOTS.);
#484=B_SPLINE_CURVE_WITH_KNOTS('',2,(#12499,#12500,#12501),
 .UNSPECIFIED.,.F.,.F.,(3,3),(0.,1.),.PIECEWISE_BEZIER_KNOTS.);
#485=B_SPLINE_CURVE_WITH_KNOTS('',2,(#12509,#12510,#12511),
 .UNSPECIFIED.,.F.,.F.,(3,3),(0.,1.),.PIECEWISE_BEZIER_KNOTS.);
#486=B_SPLINE_CURVE_WITH_KNOTS('',2,(#12529,#12530,#12531),
 .UNSPECIFIED.,.F.,.F.,(3,3),(0.,1.),.PIECEWISE_BEZIER_KNOTS.);
#487=B_SPLINE_CURVE_WITH_KNOTS('',2,(#12543,#12544,#12545),
 .UNSPECIFIED.,.F.,.F.,(3,3),(0.,1.),.PIECEWISE_BEZIER_KNOTS.);
#488=B_SPLINE_CURVE_WITH_KNOTS('',2,(#12547,#12548,#12549),
 .UNSPECIFIED.,.F.,.F.,(3,3),(0.,1.),.PIECEWISE_BEZIER_KNOTS.);
#489=B_SPLINE_CURVE_WITH_KNOTS('',2,(#12557,#12558,#12559),
 .UNSPECIFIED.,.F.,.F.,(3,3),(0.,1.),.PIECEWISE_BEZIER_KNOTS.);
#490=B_SPLINE_CURVE_WITH_KNOTS('',2,(#12572,#12573,#12574),
 .UNSPECIFIED.,.F.,.F.,(3,3),(0.,1.),.PIECEWISE_BEZIER_KNOTS.);
#491=B_SPLINE_CURVE_WITH_KNOTS('',2,(#12577,#12578,#12579),
 .UNSPECIFIED.,.F.,.F.,(3,3),(0.,1.),.PIECEWISE_BEZIER_KNOTS.);
#492=B_SPLINE_CURVE_WITH_KNOTS('',2,(#12581,#12582,#12583),
 .UNSPECIFIED.,.F.,.F.,(3,3),(0.,1.),.PIECEWISE_BEZIER_KNOTS.);
#493=B_SPLINE_CURVE_WITH_KNOTS('',2,(#12591,#12592,#12593),
 .UNSPECIFIED.,.F.,.F.,(3,3),(0.,1.),.PIECEWISE_BEZIER_KNOTS.);
#494=B_SPLINE_CURVE_WITH_KNOTS('',2,(#12595,#12596,#12597),
 .UNSPECIFIED.,.F.,.F.,(3,3),(0.,1.),.PIECEWISE_BEZIER_KNOTS.);
#495=B_SPLINE_CURVE_WITH_KNOTS('',2,(#12599,#12600,#12601),
 .UNSPECIFIED.,.F.,.F.,(3,3),(0.,1.),.PIECEWISE_BEZIER_KNOTS.);
#496=B_SPLINE_CURVE_WITH_KNOTS('',2,(#12603,#12604,#12605),
 .UNSPECIFIED.,.F.,.F.,(3,3),(0.,1.),.PIECEWISE_BEZIER_KNOTS.);
#497=B_SPLINE_CURVE_WITH_KNOTS('',2,(#12607,#12608,#12609),
 .UNSPECIFIED.,.F.,.F.,(3,3),(0.,1.),.PIECEWISE_BEZIER_KNOTS.);
#498=B_SPLINE_CURVE_WITH_KNOTS('',2,(#12617,#12618,#12619),
 .UNSPECIFIED.,.F.,.F.,(3,3),(0.,1.),.PIECEWISE_BEZIER_KNOTS.);
#499=B_SPLINE_CURVE_WITH_KNOTS('',2,(#12625,#12626,#12627),
 .UNSPECIFIED.,.F.,.F.,(3,3),(0.,1.),.PIECEWISE_BEZIER_KNOTS.);
#500=B_SPLINE_CURVE_WITH_KNOTS('',2,(#12629,#12630,#12631),
 .UNSPECIFIED.,.F.,.F.,(3,3),(0.,1.),.PIECEWISE_BEZIER_KNOTS.);
#501=B_SPLINE_CURVE_WITH_KNOTS('',2,(#12633,#12634,#12635),
 .UNSPECIFIED.,.F.,.F.,(3,3),(0.,1.),.PIECEWISE_BEZIER_KNOTS.);
#502=B_SPLINE_CURVE_WITH_KNOTS('',2,(#12641,#12642,#12643),
 .UNSPECIFIED.,.F.,.F.,(3,3),(0.,1.),.PIECEWISE_BEZIER_KNOTS.);
#503=B_SPLINE_CURVE_WITH_KNOTS('',2,(#12645,#12646,#12647),
 .UNSPECIFIED.,.F.,.F.,(3,3),(0.,1.),.PIECEWISE_BEZIER_KNOTS.);
#504=B_SPLINE_CURVE_WITH_KNOTS('',2,(#12649,#12650,#12651),
 .UNSPECIFIED.,.F.,.F.,(3,3),(0.,1.),.PIECEWISE_BEZIER_KNOTS.);
#505=B_SPLINE_CURVE_WITH_KNOTS('',2,(#12671,#12672,#12673),
 .UNSPECIFIED.,.F.,.F.,(3,3),(0.,1.),.PIECEWISE_BEZIER_KNOTS.);
#506=B_SPLINE_CURVE_WITH_KNOTS('',2,(#12675,#12676,#12677),
 .UNSPECIFIED.,.F.,.F.,(3,3),(0.,1.),.PIECEWISE_BEZIER_KNOTS.);
#507=B_SPLINE_CURVE_WITH_KNOTS('',2,(#12679,#12680,#12681),
 .UNSPECIFIED.,.F.,.F.,(3,3),(0.,1.),.PIECEWISE_BEZIER_KNOTS.);
#508=B_SPLINE_CURVE_WITH_KNOTS('',2,(#12683,#12684,#12685),
 .UNSPECIFIED.,.F.,.F.,(3,3),(0.,1.),.PIECEWISE_BEZIER_KNOTS.);
#509=B_SPLINE_CURVE_WITH_KNOTS('',2,(#12693,#12694,#12695),
 .UNSPECIFIED.,.F.,.F.,(3,3),(0.,1.),.PIECEWISE_BEZIER_KNOTS.);
#510=B_SPLINE_CURVE_WITH_KNOTS('',2,(#12697,#12698,#12699),
 .UNSPECIFIED.,.F.,.F.,(3,3),(0.,1.),.PIECEWISE_BEZIER_KNOTS.);
#511=B_SPLINE_CURVE_WITH_KNOTS('',2,(#12701,#12702,#12703),
 .UNSPECIFIED.,.F.,.F.,(3,3),(0.,1.),.PIECEWISE_BEZIER_KNOTS.);
#512=B_SPLINE_CURVE_WITH_KNOTS('',2,(#12705,#12706,#12707),
 .UNSPECIFIED.,.F.,.F.,(3,3),(0.,1.),.PIECEWISE_BEZIER_KNOTS.);
#513=B_SPLINE_CURVE_WITH_KNOTS('',2,(#12725,#12726,#12727),
 .UNSPECIFIED.,.F.,.F.,(3,3),(0.,1.),.PIECEWISE_BEZIER_KNOTS.);
#514=B_SPLINE_CURVE_WITH_KNOTS('',2,(#12735,#12736,#12737),
 .UNSPECIFIED.,.F.,.F.,(3,3),(0.,1.),.PIECEWISE_BEZIER_KNOTS.);
#515=B_SPLINE_CURVE_WITH_KNOTS('',2,(#12739,#12740,#12741),
 .UNSPECIFIED.,.F.,.F.,(3,3),(0.,1.),.PIECEWISE_BEZIER_KNOTS.);
#516=B_SPLINE_CURVE_WITH_KNOTS('',2,(#12751,#12752,#12753),
 .UNSPECIFIED.,.F.,.F.,(3,3),(0.,1.),.PIECEWISE_BEZIER_KNOTS.);
#517=B_SPLINE_CURVE_WITH_KNOTS('',2,(#12755,#12756,#12757),
 .UNSPECIFIED.,.F.,.F.,(3,3),(0.,1.),.PIECEWISE_BEZIER_KNOTS.);
#518=B_SPLINE_CURVE_WITH_KNOTS('',2,(#12759,#12760,#12761),
 .UNSPECIFIED.,.F.,.F.,(3,3),(0.,1.),.PIECEWISE_BEZIER_KNOTS.);
#519=B_SPLINE_CURVE_WITH_KNOTS('',2,(#12763,#12764,#12765),
 .UNSPECIFIED.,.F.,.F.,(3,3),(0.,1.),.PIECEWISE_BEZIER_KNOTS.);
#520=B_SPLINE_CURVE_WITH_KNOTS('',2,(#12767,#12768,#12769),
 .UNSPECIFIED.,.F.,.F.,(3,3),(0.,1.),.PIECEWISE_BEZIER_KNOTS.);
#521=B_SPLINE_CURVE_WITH_KNOTS('',2,(#12775,#12776,#12777),
 .UNSPECIFIED.,.F.,.F.,(3,3),(0.,1.),.PIECEWISE_BEZIER_KNOTS.);
#522=B_SPLINE_CURVE_WITH_KNOTS('',2,(#12779,#12780,#12781),
 .UNSPECIFIED.,.F.,.F.,(3,3),(0.,1.),.PIECEWISE_BEZIER_KNOTS.);
#523=B_SPLINE_CURVE_WITH_KNOTS('',2,(#12783,#12784,#12785),
 .UNSPECIFIED.,.F.,.F.,(3,3),(0.,1.),.PIECEWISE_BEZIER_KNOTS.);
#524=B_SPLINE_CURVE_WITH_KNOTS('',2,(#12793,#12794,#12795),
 .UNSPECIFIED.,.F.,.F.,(3,3),(0.,1.),.PIECEWISE_BEZIER_KNOTS.);
#525=B_SPLINE_CURVE_WITH_KNOTS('',2,(#12797,#12798,#12799),
 .UNSPECIFIED.,.F.,.F.,(3,3),(0.,1.),.PIECEWISE_BEZIER_KNOTS.);
#526=B_SPLINE_CURVE_WITH_KNOTS('',2,(#12832,#12833,#12834),
 .UNSPECIFIED.,.F.,.F.,(3,3),(0.,1.),.PIECEWISE_BEZIER_KNOTS.);
#527=B_SPLINE_CURVE_WITH_KNOTS('',2,(#12841,#12842,#12843),
 .UNSPECIFIED.,.F.,.F.,(3,3),(0.,1.),.PIECEWISE_BEZIER_KNOTS.);
#528=B_SPLINE_CURVE_WITH_KNOTS('',2,(#12845,#12846,#12847),
 .UNSPECIFIED.,.F.,.F.,(3,3),(0.,1.),.PIECEWISE_BEZIER_KNOTS.);
#529=B_SPLINE_CURVE_WITH_KNOTS('',2,(#12853,#12854,#12855),
 .UNSPECIFIED.,.F.,.F.,(3,3),(0.,1.),.PIECEWISE_BEZIER_KNOTS.);
#530=B_SPLINE_CURVE_WITH_KNOTS('',2,(#12859,#12860,#12861),
 .UNSPECIFIED.,.F.,.F.,(3,3),(0.,1.),.PIECEWISE_BEZIER_KNOTS.);
#531=B_SPLINE_CURVE_WITH_KNOTS('',2,(#12863,#12864,#12865),
 .UNSPECIFIED.,.F.,.F.,(3,3),(0.,1.),.PIECEWISE_BEZIER_KNOTS.);
#532=B_SPLINE_CURVE_WITH_KNOTS('',2,(#12867,#12868,#12869),
 .UNSPECIFIED.,.F.,.F.,(3,3),(0.,1.),.PIECEWISE_BEZIER_KNOTS.);
#533=B_SPLINE_CURVE_WITH_KNOTS('',2,(#12871,#12872,#12873),
 .UNSPECIFIED.,.F.,.F.,(3,3),(0.,1.),.PIECEWISE_BEZIER_KNOTS.);
#534=B_SPLINE_CURVE_WITH_KNOTS('',2,(#12891,#12892,#12893),
 .UNSPECIFIED.,.F.,.F.,(3,3),(0.,1.),.PIECEWISE_BEZIER_KNOTS.);
#535=B_SPLINE_CURVE_WITH_KNOTS('',2,(#12895,#12896,#12897),
 .UNSPECIFIED.,.F.,.F.,(3,3),(0.,1.),.PIECEWISE_BEZIER_KNOTS.);
#536=B_SPLINE_CURVE_WITH_KNOTS('',2,(#12911,#12912,#12913),
 .UNSPECIFIED.,.F.,.F.,(3,3),(0.,1.),.PIECEWISE_BEZIER_KNOTS.);
#537=B_SPLINE_CURVE_WITH_KNOTS('',2,(#12915,#12916,#12917),
 .UNSPECIFIED.,.F.,.F.,(3,3),(0.,1.),.PIECEWISE_BEZIER_KNOTS.);
#538=B_SPLINE_CURVE_WITH_KNOTS('',2,(#12921,#12922,#12923),
 .UNSPECIFIED.,.F.,.F.,(3,3),(0.,1.),.PIECEWISE_BEZIER_KNOTS.);
#539=B_SPLINE_CURVE_WITH_KNOTS('',2,(#12927,#12928,#12929),
 .UNSPECIFIED.,.F.,.F.,(3,3),(0.,1.),.PIECEWISE_BEZIER_KNOTS.);
#540=B_SPLINE_CURVE_WITH_KNOTS('',2,(#12933,#12934,#12935),
 .UNSPECIFIED.,.F.,.F.,(3,3),(0.,1.),.PIECEWISE_BEZIER_KNOTS.);
#541=B_SPLINE_CURVE_WITH_KNOTS('',2,(#12937,#12938,#12939),
 .UNSPECIFIED.,.F.,.F.,(3,3),(0.,1.),.PIECEWISE_BEZIER_KNOTS.);
#542=B_SPLINE_CURVE_WITH_KNOTS('',2,(#12941,#12942,#12943),
 .UNSPECIFIED.,.F.,.F.,(3,3),(0.,1.),.PIECEWISE_BEZIER_KNOTS.);
#543=B_SPLINE_CURVE_WITH_KNOTS('',2,(#12945,#12946,#12947),
 .UNSPECIFIED.,.F.,.F.,(3,3),(0.,1.),.PIECEWISE_BEZIER_KNOTS.);
#544=B_SPLINE_CURVE_WITH_KNOTS('',2,(#12949,#12950,#12951),
 .UNSPECIFIED.,.F.,.F.,(3,3),(0.,1.),.PIECEWISE_BEZIER_KNOTS.);
#545=B_SPLINE_CURVE_WITH_KNOTS('',2,(#12953,#12954,#12955),
 .UNSPECIFIED.,.F.,.F.,(3,3),(0.,1.),.PIECEWISE_BEZIER_KNOTS.);
#546=B_SPLINE_CURVE_WITH_KNOTS('',2,(#12959,#12960,#12961),
 .UNSPECIFIED.,.F.,.F.,(3,3),(0.,1.),.PIECEWISE_BEZIER_KNOTS.);
#547=B_SPLINE_CURVE_WITH_KNOTS('',2,(#12969,#12970,#12971),
 .UNSPECIFIED.,.F.,.F.,(3,3),(0.,1.),.PIECEWISE_BEZIER_KNOTS.);
#548=B_SPLINE_CURVE_WITH_KNOTS('',2,(#12977,#12978,#12979),
 .UNSPECIFIED.,.F.,.F.,(3,3),(0.,1.),.PIECEWISE_BEZIER_KNOTS.);
#549=B_SPLINE_CURVE_WITH_KNOTS('',2,(#12981,#12982,#12983),
 .UNSPECIFIED.,.F.,.F.,(3,3),(0.,1.),.PIECEWISE_BEZIER_KNOTS.);
#550=B_SPLINE_CURVE_WITH_KNOTS('',2,(#13017,#13018,#13019),
 .UNSPECIFIED.,.F.,.F.,(3,3),(0.,1.),.PIECEWISE_BEZIER_KNOTS.);
#551=B_SPLINE_CURVE_WITH_KNOTS('',2,(#13021,#13022,#13023),
 .UNSPECIFIED.,.F.,.F.,(3,3),(0.,1.),.PIECEWISE_BEZIER_KNOTS.);
#552=B_SPLINE_CURVE_WITH_KNOTS('',2,(#13025,#13026,#13027),
 .UNSPECIFIED.,.F.,.F.,(3,3),(0.,1.),.PIECEWISE_BEZIER_KNOTS.);
#553=B_SPLINE_CURVE_WITH_KNOTS('',2,(#13029,#13030,#13031),
 .UNSPECIFIED.,.F.,.F.,(3,3),(0.,1.),.PIECEWISE_BEZIER_KNOTS.);
#554=B_SPLINE_CURVE_WITH_KNOTS('',2,(#13033,#13034,#13035),
 .UNSPECIFIED.,.F.,.F.,(3,3),(0.,1.),.PIECEWISE_BEZIER_KNOTS.);
#555=B_SPLINE_CURVE_WITH_KNOTS('',2,(#13041,#13042,#13043),
 .UNSPECIFIED.,.F.,.F.,(3,3),(0.,1.),.PIECEWISE_BEZIER_KNOTS.);
#556=B_SPLINE_CURVE_WITH_KNOTS('',2,(#13045,#13046,#13047),
 .UNSPECIFIED.,.F.,.F.,(3,3),(0.,1.),.PIECEWISE_BEZIER_KNOTS.);
#557=B_SPLINE_CURVE_WITH_KNOTS('',2,(#13049,#13050,#13051),
 .UNSPECIFIED.,.F.,.F.,(3,3),(0.,1.),.PIECEWISE_BEZIER_KNOTS.);
#558=B_SPLINE_CURVE_WITH_KNOTS('',2,(#13059,#13060,#13061),
 .UNSPECIFIED.,.F.,.F.,(3,3),(0.,1.),.PIECEWISE_BEZIER_KNOTS.);
#559=B_SPLINE_CURVE_WITH_KNOTS('',2,(#13063,#13064,#13065),
 .UNSPECIFIED.,.F.,.F.,(3,3),(0.,1.),.PIECEWISE_BEZIER_KNOTS.);
#560=B_SPLINE_CURVE_WITH_KNOTS('',2,(#13070,#13071,#13072),
 .UNSPECIFIED.,.F.,.F.,(3,3),(0.,1.),.PIECEWISE_BEZIER_KNOTS.);
#561=B_SPLINE_CURVE_WITH_KNOTS('',2,(#13075,#13076,#13077),
 .UNSPECIFIED.,.F.,.F.,(3,3),(0.,1.),.PIECEWISE_BEZIER_KNOTS.);
#562=B_SPLINE_CURVE_WITH_KNOTS('',2,(#13079,#13080,#13081),
 .UNSPECIFIED.,.F.,.F.,(3,3),(0.,1.),.PIECEWISE_BEZIER_KNOTS.);
#563=B_SPLINE_CURVE_WITH_KNOTS('',2,(#13083,#13084,#13085),
 .UNSPECIFIED.,.F.,.F.,(3,3),(0.,1.),.PIECEWISE_BEZIER_KNOTS.);
#564=B_SPLINE_CURVE_WITH_KNOTS('',2,(#13097,#13098,#13099),
 .UNSPECIFIED.,.F.,.F.,(3,3),(0.,1.),.PIECEWISE_BEZIER_KNOTS.);
#565=B_SPLINE_CURVE_WITH_KNOTS('',2,(#13101,#13102,#13103),
 .UNSPECIFIED.,.F.,.F.,(3,3),(0.,1.),.PIECEWISE_BEZIER_KNOTS.);
#566=B_SPLINE_CURVE_WITH_KNOTS('',2,(#13105,#13106,#13107),
 .UNSPECIFIED.,.F.,.F.,(3,3),(0.,1.),.PIECEWISE_BEZIER_KNOTS.);
#567=B_SPLINE_CURVE_WITH_KNOTS('',2,(#13113,#13114,#13115),
 .UNSPECIFIED.,.F.,.F.,(3,3),(0.,1.),.PIECEWISE_BEZIER_KNOTS.);
#568=B_SPLINE_CURVE_WITH_KNOTS('',2,(#13167,#13168,#13169),
 .UNSPECIFIED.,.F.,.F.,(3,3),(0.,1.),.PIECEWISE_BEZIER_KNOTS.);
#569=B_SPLINE_CURVE_WITH_KNOTS('',2,(#13173,#13174,#13175),
 .UNSPECIFIED.,.F.,.F.,(3,3),(0.,1.),.PIECEWISE_BEZIER_KNOTS.);
#570=B_SPLINE_CURVE_WITH_KNOTS('',2,(#13177,#13178,#13179),
 .UNSPECIFIED.,.F.,.F.,(3,3),(0.,1.),.PIECEWISE_BEZIER_KNOTS.);
#571=B_SPLINE_CURVE_WITH_KNOTS('',2,(#13181,#13182,#13183),
 .UNSPECIFIED.,.F.,.F.,(3,3),(0.,1.),.PIECEWISE_BEZIER_KNOTS.);
#572=B_SPLINE_CURVE_WITH_KNOTS('',2,(#13185,#13186,#13187),
 .UNSPECIFIED.,.F.,.F.,(3,3),(0.,1.),.PIECEWISE_BEZIER_KNOTS.);
#573=B_SPLINE_CURVE_WITH_KNOTS('',2,(#13193,#13194,#13195),
 .UNSPECIFIED.,.F.,.F.,(3,3),(0.,1.),.PIECEWISE_BEZIER_KNOTS.);
#574=B_SPLINE_CURVE_WITH_KNOTS('',2,(#13197,#13198,#13199),
 .UNSPECIFIED.,.F.,.F.,(3,3),(0.,1.),.PIECEWISE_BEZIER_KNOTS.);
#575=B_SPLINE_CURVE_WITH_KNOTS('',2,(#13201,#13202,#13203),
 .UNSPECIFIED.,.F.,.F.,(3,3),(0.,1.),.PIECEWISE_BEZIER_KNOTS.);
#576=B_SPLINE_CURVE_WITH_KNOTS('',2,(#13205,#13206,#13207),
 .UNSPECIFIED.,.F.,.F.,(3,3),(0.,1.),.PIECEWISE_BEZIER_KNOTS.);
#577=B_SPLINE_CURVE_WITH_KNOTS('',2,(#13209,#13210,#13211),
 .UNSPECIFIED.,.F.,.F.,(3,3),(0.,1.),.PIECEWISE_BEZIER_KNOTS.);
#578=B_SPLINE_CURVE_WITH_KNOTS('',2,(#13217,#13218,#13219),
 .UNSPECIFIED.,.F.,.F.,(3,3),(0.,1.),.PIECEWISE_BEZIER_KNOTS.);
#579=B_SPLINE_CURVE_WITH_KNOTS('',2,(#13221,#13222,#13223),
 .UNSPECIFIED.,.F.,.F.,(3,3),(0.,1.),.PIECEWISE_BEZIER_KNOTS.);
#580=B_SPLINE_CURVE_WITH_KNOTS('',2,(#13225,#13226,#13227),
 .UNSPECIFIED.,.F.,.F.,(3,3),(0.,1.),.PIECEWISE_BEZIER_KNOTS.);
#581=B_SPLINE_CURVE_WITH_KNOTS('',2,(#13235,#13236,#13237),
 .UNSPECIFIED.,.F.,.F.,(3,3),(0.,1.),.PIECEWISE_BEZIER_KNOTS.);
#582=B_SPLINE_CURVE_WITH_KNOTS('',2,(#13239,#13240,#13241),
 .UNSPECIFIED.,.F.,.F.,(3,3),(0.,1.),.PIECEWISE_BEZIER_KNOTS.);
#583=B_SPLINE_CURVE_WITH_KNOTS('',2,(#13249,#13250,#13251),
 .UNSPECIFIED.,.F.,.F.,(3,3),(0.,1.),.PIECEWISE_BEZIER_KNOTS.);
#584=B_SPLINE_CURVE_WITH_KNOTS('',2,(#13253,#13254,#13255),
 .UNSPECIFIED.,.F.,.F.,(3,3),(0.,1.),.PIECEWISE_BEZIER_KNOTS.);
#585=B_SPLINE_CURVE_WITH_KNOTS('',2,(#13257,#13258,#13259),
 .UNSPECIFIED.,.F.,.F.,(3,3),(0.,1.),.PIECEWISE_BEZIER_KNOTS.);
#586=B_SPLINE_CURVE_WITH_KNOTS('',2,(#13261,#13262,#13263),
 .UNSPECIFIED.,.F.,.F.,(3,3),(0.,1.),.PIECEWISE_BEZIER_KNOTS.);
#587=B_SPLINE_CURVE_WITH_KNOTS('',2,(#13265,#13266,#13267),
 .UNSPECIFIED.,.F.,.F.,(3,3),(0.,1.),.PIECEWISE_BEZIER_KNOTS.);
#588=B_SPLINE_CURVE_WITH_KNOTS('',2,(#13269,#13270,#13271),
 .UNSPECIFIED.,.F.,.F.,(3,3),(0.,1.),.PIECEWISE_BEZIER_KNOTS.);
#589=B_SPLINE_CURVE_WITH_KNOTS('',2,(#13441,#13442,#13443),
 .UNSPECIFIED.,.F.,.F.,(3,3),(0.,1.),.PIECEWISE_BEZIER_KNOTS.);
#590=B_SPLINE_CURVE_WITH_KNOTS('',2,(#13448,#13449,#13450),
 .UNSPECIFIED.,.F.,.F.,(3,3),(0.,1.),.PIECEWISE_BEZIER_KNOTS.);
#591=B_SPLINE_CURVE_WITH_KNOTS('',2,(#13461,#13462,#13463),
 .UNSPECIFIED.,.F.,.F.,(3,3),(0.,1.),.PIECEWISE_BEZIER_KNOTS.);
#592=B_SPLINE_CURVE_WITH_KNOTS('',2,(#13467,#13468,#13469),
 .UNSPECIFIED.,.F.,.F.,(3,3),(0.,1.),.PIECEWISE_BEZIER_KNOTS.);
#593=B_SPLINE_CURVE_WITH_KNOTS('',2,(#13478,#13479,#13480),
 .UNSPECIFIED.,.F.,.F.,(3,3),(0.,1.),.PIECEWISE_BEZIER_KNOTS.);
#594=B_SPLINE_CURVE_WITH_KNOTS('',2,(#13484,#13485,#13486),
 .UNSPECIFIED.,.F.,.F.,(3,3),(0.,1.),.PIECEWISE_BEZIER_KNOTS.);
#595=B_SPLINE_CURVE_WITH_KNOTS('',2,(#13495,#13496,#13497),
 .UNSPECIFIED.,.F.,.F.,(3,3),(0.,1.),.PIECEWISE_BEZIER_KNOTS.);
#596=B_SPLINE_CURVE_WITH_KNOTS('',2,(#13501,#13502,#13503),
 .UNSPECIFIED.,.F.,.F.,(3,3),(0.,1.),.PIECEWISE_BEZIER_KNOTS.);
#597=B_SPLINE_CURVE_WITH_KNOTS('',2,(#13512,#13513,#13514),
 .UNSPECIFIED.,.F.,.F.,(3,3),(0.,1.),.PIECEWISE_BEZIER_KNOTS.);
#598=B_SPLINE_CURVE_WITH_KNOTS('',2,(#13518,#13519,#13520),
 .UNSPECIFIED.,.F.,.F.,(3,3),(0.,1.),.PIECEWISE_BEZIER_KNOTS.);
#599=B_SPLINE_CURVE_WITH_KNOTS('',2,(#13529,#13530,#13531),
 .UNSPECIFIED.,.F.,.F.,(3,3),(0.,1.),.PIECEWISE_BEZIER_KNOTS.);
#600=B_SPLINE_CURVE_WITH_KNOTS('',2,(#13535,#13536,#13537),
 .UNSPECIFIED.,.F.,.F.,(3,3),(0.,1.),.PIECEWISE_BEZIER_KNOTS.);
#601=B_SPLINE_CURVE_WITH_KNOTS('',2,(#13546,#13547,#13548),
 .UNSPECIFIED.,.F.,.F.,(3,3),(0.,1.),.PIECEWISE_BEZIER_KNOTS.);
#602=B_SPLINE_CURVE_WITH_KNOTS('',2,(#13552,#13553,#13554),
 .UNSPECIFIED.,.F.,.F.,(3,3),(0.,1.),.PIECEWISE_BEZIER_KNOTS.);
#603=B_SPLINE_CURVE_WITH_KNOTS('',2,(#13609,#13610,#13611),
 .UNSPECIFIED.,.F.,.F.,(3,3),(0.,1.),.PIECEWISE_BEZIER_KNOTS.);
#604=B_SPLINE_CURVE_WITH_KNOTS('',2,(#13622,#13623,#13624),
 .UNSPECIFIED.,.F.,.F.,(3,3),(0.,1.),.PIECEWISE_BEZIER_KNOTS.);
#605=B_SPLINE_CURVE_WITH_KNOTS('',2,(#13635,#13636,#13637),
 .UNSPECIFIED.,.F.,.F.,(3,3),(0.,1.),.PIECEWISE_BEZIER_KNOTS.);
#606=B_SPLINE_CURVE_WITH_KNOTS('',2,(#13648,#13649,#13650),
 .UNSPECIFIED.,.F.,.F.,(3,3),(0.,1.),.PIECEWISE_BEZIER_KNOTS.);
#607=B_SPLINE_CURVE_WITH_KNOTS('',2,(#13661,#13662,#13663),
 .UNSPECIFIED.,.F.,.F.,(3,3),(0.,1.),.PIECEWISE_BEZIER_KNOTS.);
#608=B_SPLINE_CURVE_WITH_KNOTS('',2,(#13672,#13673,#13674),
 .UNSPECIFIED.,.F.,.F.,(3,3),(0.,1.),.PIECEWISE_BEZIER_KNOTS.);
#609=B_SPLINE_CURVE_WITH_KNOTS('',2,(#13683,#13684,#13685),
 .UNSPECIFIED.,.F.,.F.,(3,3),(0.,1.),.PIECEWISE_BEZIER_KNOTS.);
#610=B_SPLINE_CURVE_WITH_KNOTS('',2,(#13686,#13687,#13688),
 .UNSPECIFIED.,.F.,.F.,(3,3),(0.,1.),.PIECEWISE_BEZIER_KNOTS.);
#611=B_SPLINE_CURVE_WITH_KNOTS('',2,(#13699,#13700,#13701),
 .UNSPECIFIED.,.F.,.F.,(3,3),(0.,1.),.PIECEWISE_BEZIER_KNOTS.);
#612=B_SPLINE_CURVE_WITH_KNOTS('',2,(#13706,#13707,#13708),
 .UNSPECIFIED.,.F.,.F.,(3,3),(0.,1.),.PIECEWISE_BEZIER_KNOTS.);
#613=B_SPLINE_CURVE_WITH_KNOTS('',2,(#13719,#13720,#13721),
 .UNSPECIFIED.,.F.,.F.,(3,3),(0.,1.),.PIECEWISE_BEZIER_KNOTS.);
#614=B_SPLINE_CURVE_WITH_KNOTS('',2,(#13725,#13726,#13727),
 .UNSPECIFIED.,.F.,.F.,(3,3),(0.,1.),.PIECEWISE_BEZIER_KNOTS.);
#615=B_SPLINE_CURVE_WITH_KNOTS('',2,(#13736,#13737,#13738),
 .UNSPECIFIED.,.F.,.F.,(3,3),(0.,1.),.PIECEWISE_BEZIER_KNOTS.);
#616=B_SPLINE_CURVE_WITH_KNOTS('',2,(#13742,#13743,#13744),
 .UNSPECIFIED.,.F.,.F.,(3,3),(0.,1.),.PIECEWISE_BEZIER_KNOTS.);
#617=B_SPLINE_CURVE_WITH_KNOTS('',2,(#13753,#13754,#13755),
 .UNSPECIFIED.,.F.,.F.,(3,3),(0.,1.),.PIECEWISE_BEZIER_KNOTS.);
#618=B_SPLINE_CURVE_WITH_KNOTS('',2,(#13759,#13760,#13761),
 .UNSPECIFIED.,.F.,.F.,(3,3),(0.,1.),.PIECEWISE_BEZIER_KNOTS.);
#619=B_SPLINE_CURVE_WITH_KNOTS('',2,(#13770,#13771,#13772),
 .UNSPECIFIED.,.F.,.F.,(3,3),(0.,1.),.PIECEWISE_BEZIER_KNOTS.);
#620=B_SPLINE_CURVE_WITH_KNOTS('',2,(#13776,#13777,#13778),
 .UNSPECIFIED.,.F.,.F.,(3,3),(0.,1.),.PIECEWISE_BEZIER_KNOTS.);
#621=B_SPLINE_CURVE_WITH_KNOTS('',2,(#13815,#13816,#13817),
 .UNSPECIFIED.,.F.,.F.,(3,3),(0.,1.),.PIECEWISE_BEZIER_KNOTS.);
#622=B_SPLINE_CURVE_WITH_KNOTS('',2,(#13828,#13829,#13830),
 .UNSPECIFIED.,.F.,.F.,(3,3),(0.,1.),.PIECEWISE_BEZIER_KNOTS.);
#623=B_SPLINE_CURVE_WITH_KNOTS('',2,(#13853,#13854,#13855),
 .UNSPECIFIED.,.F.,.F.,(3,3),(0.,1.),.PIECEWISE_BEZIER_KNOTS.);
#624=B_SPLINE_CURVE_WITH_KNOTS('',2,(#13866,#13867,#13868),
 .UNSPECIFIED.,.F.,.F.,(3,3),(0.,1.),.PIECEWISE_BEZIER_KNOTS.);
#625=B_SPLINE_CURVE_WITH_KNOTS('',2,(#13879,#13880,#13881),
 .UNSPECIFIED.,.F.,.F.,(3,3),(0.,1.),.PIECEWISE_BEZIER_KNOTS.);
#626=B_SPLINE_CURVE_WITH_KNOTS('',2,(#13900,#13901,#13902),
 .UNSPECIFIED.,.F.,.F.,(3,3),(0.,1.),.PIECEWISE_BEZIER_KNOTS.);
#627=B_SPLINE_CURVE_WITH_KNOTS('',2,(#13913,#13914,#13915),
 .UNSPECIFIED.,.F.,.F.,(3,3),(0.,1.),.PIECEWISE_BEZIER_KNOTS.);
#628=B_SPLINE_CURVE_WITH_KNOTS('',2,(#13926,#13927,#13928),
 .UNSPECIFIED.,.F.,.F.,(3,3),(0.,1.),.PIECEWISE_BEZIER_KNOTS.);
#629=B_SPLINE_CURVE_WITH_KNOTS('',2,(#13939,#13940,#13941),
 .UNSPECIFIED.,.F.,.F.,(3,3),(0.,1.),.PIECEWISE_BEZIER_KNOTS.);
#630=B_SPLINE_CURVE_WITH_KNOTS('',2,(#13952,#13953,#13954),
 .UNSPECIFIED.,.F.,.F.,(3,3),(0.,1.),.PIECEWISE_BEZIER_KNOTS.);
#631=B_SPLINE_CURVE_WITH_KNOTS('',2,(#13965,#13966,#13967),
 .UNSPECIFIED.,.F.,.F.,(3,3),(0.,1.),.PIECEWISE_BEZIER_KNOTS.);
#632=B_SPLINE_CURVE_WITH_KNOTS('',2,(#13968,#13969,#13970),
 .UNSPECIFIED.,.F.,.F.,(3,3),(0.,1.),.PIECEWISE_BEZIER_KNOTS.);
#633=B_SPLINE_CURVE_WITH_KNOTS('',2,(#13981,#13982,#13983),
 .UNSPECIFIED.,.F.,.F.,(3,3),(0.,1.),.PIECEWISE_BEZIER_KNOTS.);
#634=B_SPLINE_CURVE_WITH_KNOTS('',2,(#13988,#13989,#13990),
 .UNSPECIFIED.,.F.,.F.,(3,3),(0.,1.),.PIECEWISE_BEZIER_KNOTS.);
#635=B_SPLINE_CURVE_WITH_KNOTS('',2,(#14001,#14002,#14003),
 .UNSPECIFIED.,.F.,.F.,(3,3),(0.,1.),.PIECEWISE_BEZIER_KNOTS.);
#636=B_SPLINE_CURVE_WITH_KNOTS('',2,(#14007,#14008,#14009),
 .UNSPECIFIED.,.F.,.F.,(3,3),(0.,1.),.PIECEWISE_BEZIER_KNOTS.);
#637=B_SPLINE_CURVE_WITH_KNOTS('',2,(#14018,#14019,#14020),
 .UNSPECIFIED.,.F.,.F.,(3,3),(0.,1.),.PIECEWISE_BEZIER_KNOTS.);
#638=B_SPLINE_CURVE_WITH_KNOTS('',2,(#14024,#14025,#14026),
 .UNSPECIFIED.,.F.,.F.,(3,3),(0.,1.),.PIECEWISE_BEZIER_KNOTS.);
#639=B_SPLINE_CURVE_WITH_KNOTS('',2,(#14035,#14036,#14037),
 .UNSPECIFIED.,.F.,.F.,(3,3),(0.,1.),.PIECEWISE_BEZIER_KNOTS.);
#640=B_SPLINE_CURVE_WITH_KNOTS('',2,(#14041,#14042,#14043),
 .UNSPECIFIED.,.F.,.F.,(3,3),(0.,1.),.PIECEWISE_BEZIER_KNOTS.);
#641=B_SPLINE_CURVE_WITH_KNOTS('',2,(#14052,#14053,#14054),
 .UNSPECIFIED.,.F.,.F.,(3,3),(0.,1.),.PIECEWISE_BEZIER_KNOTS.);
#642=B_SPLINE_CURVE_WITH_KNOTS('',2,(#14058,#14059,#14060),
 .UNSPECIFIED.,.F.,.F.,(3,3),(0.,1.),.PIECEWISE_BEZIER_KNOTS.);
#643=B_SPLINE_CURVE_WITH_KNOTS('',2,(#14069,#14070,#14071),
 .UNSPECIFIED.,.F.,.F.,(3,3),(0.,1.),.PIECEWISE_BEZIER_KNOTS.);
#644=B_SPLINE_CURVE_WITH_KNOTS('',2,(#14075,#14076,#14077),
 .UNSPECIFIED.,.F.,.F.,(3,3),(0.,1.),.PIECEWISE_BEZIER_KNOTS.);
#645=B_SPLINE_CURVE_WITH_KNOTS('',2,(#14086,#14087,#14088),
 .UNSPECIFIED.,.F.,.F.,(3,3),(0.,1.),.PIECEWISE_BEZIER_KNOTS.);
#646=B_SPLINE_CURVE_WITH_KNOTS('',2,(#14092,#14093,#14094),
 .UNSPECIFIED.,.F.,.F.,(3,3),(0.,1.),.PIECEWISE_BEZIER_KNOTS.);
#647=B_SPLINE_CURVE_WITH_KNOTS('',2,(#14117,#14118,#14119),
 .UNSPECIFIED.,.F.,.F.,(3,3),(0.,1.),.PIECEWISE_BEZIER_KNOTS.);
#648=B_SPLINE_CURVE_WITH_KNOTS('',2,(#14130,#14131,#14132),
 .UNSPECIFIED.,.F.,.F.,(3,3),(0.,1.),.PIECEWISE_BEZIER_KNOTS.);
#649=B_SPLINE_CURVE_WITH_KNOTS('',2,(#14143,#14144,#14145),
 .UNSPECIFIED.,.F.,.F.,(3,3),(0.,1.),.PIECEWISE_BEZIER_KNOTS.);
#650=B_SPLINE_CURVE_WITH_KNOTS('',2,(#14156,#14157,#14158),
 .UNSPECIFIED.,.F.,.F.,(3,3),(0.,1.),.PIECEWISE_BEZIER_KNOTS.);
#651=B_SPLINE_CURVE_WITH_KNOTS('',2,(#14173,#14174,#14175),
 .UNSPECIFIED.,.F.,.F.,(3,3),(0.,1.),.PIECEWISE_BEZIER_KNOTS.);
#652=B_SPLINE_CURVE_WITH_KNOTS('',2,(#14218,#14219,#14220),
 .UNSPECIFIED.,.F.,.F.,(3,3),(0.,1.),.PIECEWISE_BEZIER_KNOTS.);
#653=B_SPLINE_CURVE_WITH_KNOTS('',2,(#14221,#14222,#14223),
 .UNSPECIFIED.,.F.,.F.,(3,3),(0.,1.),.PIECEWISE_BEZIER_KNOTS.);
#654=B_SPLINE_CURVE_WITH_KNOTS('',2,(#14297,#14298,#14299),
 .UNSPECIFIED.,.F.,.F.,(3,3),(0.,1.),.PIECEWISE_BEZIER_KNOTS.);
#655=B_SPLINE_CURVE_WITH_KNOTS('',2,(#14312,#14313,#14314),
 .UNSPECIFIED.,.F.,.F.,(3,3),(0.,1.),.PIECEWISE_BEZIER_KNOTS.);
#656=B_SPLINE_CURVE_WITH_KNOTS('',2,(#14333,#14334,#14335),
 .UNSPECIFIED.,.F.,.F.,(3,3),(0.,1.),.PIECEWISE_BEZIER_KNOTS.);
#657=B_SPLINE_CURVE_WITH_KNOTS('',2,(#14346,#14347,#14348),
 .UNSPECIFIED.,.F.,.F.,(3,3),(0.,1.),.PIECEWISE_BEZIER_KNOTS.);
#658=B_SPLINE_CURVE_WITH_KNOTS('',2,(#14359,#14360,#14361),
 .UNSPECIFIED.,.F.,.F.,(3,3),(0.,1.),.PIECEWISE_BEZIER_KNOTS.);
#659=B_SPLINE_CURVE_WITH_KNOTS('',2,(#14392,#14393,#14394),
 .UNSPECIFIED.,.F.,.F.,(3,3),(0.,1.),.PIECEWISE_BEZIER_KNOTS.);
#660=B_SPLINE_CURVE_WITH_KNOTS('',2,(#14405,#14406,#14407),
 .UNSPECIFIED.,.F.,.F.,(3,3),(0.,1.),.PIECEWISE_BEZIER_KNOTS.);
#661=B_SPLINE_CURVE_WITH_KNOTS('',2,(#14416,#14417,#14418),
 .UNSPECIFIED.,.F.,.F.,(3,3),(0.,1.),.PIECEWISE_BEZIER_KNOTS.);
#662=B_SPLINE_CURVE_WITH_KNOTS('',2,(#14428,#14429,#14430),
 .UNSPECIFIED.,.F.,.F.,(3,3),(0.,1.),.PIECEWISE_BEZIER_KNOTS.);
#663=B_SPLINE_CURVE_WITH_KNOTS('',2,(#14435,#14436,#14437),
 .UNSPECIFIED.,.F.,.F.,(3,3),(0.,1.),.PIECEWISE_BEZIER_KNOTS.);
#664=B_SPLINE_CURVE_WITH_KNOTS('',2,(#14448,#14449,#14450),
 .UNSPECIFIED.,.F.,.F.,(3,3),(0.,1.),.PIECEWISE_BEZIER_KNOTS.);
#665=B_SPLINE_CURVE_WITH_KNOTS('',2,(#14454,#14455,#14456),
 .UNSPECIFIED.,.F.,.F.,(3,3),(0.,1.),.PIECEWISE_BEZIER_KNOTS.);
#666=B_SPLINE_CURVE_WITH_KNOTS('',2,(#14465,#14466,#14467),
 .UNSPECIFIED.,.F.,.F.,(3,3),(0.,1.),.PIECEWISE_BEZIER_KNOTS.);
#667=B_SPLINE_CURVE_WITH_KNOTS('',2,(#14471,#14472,#14473),
 .UNSPECIFIED.,.F.,.F.,(3,3),(0.,1.),.PIECEWISE_BEZIER_KNOTS.);
#668=B_SPLINE_CURVE_WITH_KNOTS('',2,(#14482,#14483,#14484),
 .UNSPECIFIED.,.F.,.F.,(3,3),(0.,1.),.PIECEWISE_BEZIER_KNOTS.);
#669=B_SPLINE_CURVE_WITH_KNOTS('',2,(#14488,#14489,#14490),
 .UNSPECIFIED.,.F.,.F.,(3,3),(0.,1.),.PIECEWISE_BEZIER_KNOTS.);
#670=B_SPLINE_CURVE_WITH_KNOTS('',2,(#14499,#14500,#14501),
 .UNSPECIFIED.,.F.,.F.,(3,3),(0.,1.),.PIECEWISE_BEZIER_KNOTS.);
#671=B_SPLINE_CURVE_WITH_KNOTS('',2,(#14505,#14506,#14507),
 .UNSPECIFIED.,.F.,.F.,(3,3),(0.,1.),.PIECEWISE_BEZIER_KNOTS.);
#672=B_SPLINE_CURVE_WITH_KNOTS('',2,(#14544,#14545,#14546),
 .UNSPECIFIED.,.F.,.F.,(3,3),(0.,1.),.PIECEWISE_BEZIER_KNOTS.);
#673=B_SPLINE_CURVE_WITH_KNOTS('',2,(#14557,#14558,#14559),
 .UNSPECIFIED.,.F.,.F.,(3,3),(0.,1.),.PIECEWISE_BEZIER_KNOTS.);
#674=B_SPLINE_CURVE_WITH_KNOTS('',2,(#14582,#14583,#14584),
 .UNSPECIFIED.,.F.,.F.,(3,3),(0.,1.),.PIECEWISE_BEZIER_KNOTS.);
#675=B_SPLINE_CURVE_WITH_KNOTS('',2,(#14595,#14596,#14597),
 .UNSPECIFIED.,.F.,.F.,(3,3),(0.,1.),.PIECEWISE_BEZIER_KNOTS.);
#676=B_SPLINE_CURVE_WITH_KNOTS('',2,(#14608,#14609,#14610),
 .UNSPECIFIED.,.F.,.F.,(3,3),(0.,1.),.PIECEWISE_BEZIER_KNOTS.);
#677=B_SPLINE_CURVE_WITH_KNOTS('',2,(#14629,#14630,#14631),
 .UNSPECIFIED.,.F.,.F.,(3,3),(0.,1.),.PIECEWISE_BEZIER_KNOTS.);
#678=B_SPLINE_CURVE_WITH_KNOTS('',2,(#14642,#14643,#14644),
 .UNSPECIFIED.,.F.,.F.,(3,3),(0.,1.),.PIECEWISE_BEZIER_KNOTS.);
#679=B_SPLINE_CURVE_WITH_KNOTS('',2,(#14655,#14656,#14657),
 .UNSPECIFIED.,.F.,.F.,(3,3),(0.,1.),.PIECEWISE_BEZIER_KNOTS.);
#680=B_SPLINE_CURVE_WITH_KNOTS('',2,(#14668,#14669,#14670),
 .UNSPECIFIED.,.F.,.F.,(3,3),(0.,1.),.PIECEWISE_BEZIER_KNOTS.);
#681=B_SPLINE_CURVE_WITH_KNOTS('',2,(#14681,#14682,#14683),
 .UNSPECIFIED.,.F.,.F.,(3,3),(0.,1.),.PIECEWISE_BEZIER_KNOTS.);
#682=B_SPLINE_CURVE_WITH_KNOTS('',2,(#14694,#14695,#14696),
 .UNSPECIFIED.,.F.,.F.,(3,3),(0.,1.),.PIECEWISE_BEZIER_KNOTS.);
#683=B_SPLINE_CURVE_WITH_KNOTS('',2,(#14697,#14698,#14699),
 .UNSPECIFIED.,.F.,.F.,(3,3),(0.,1.),.PIECEWISE_BEZIER_KNOTS.);
#684=B_SPLINE_CURVE_WITH_KNOTS('',2,(#14759,#14760,#14761),
 .UNSPECIFIED.,.F.,.F.,(3,3),(0.,1.),.PIECEWISE_BEZIER_KNOTS.);
#685=B_SPLINE_CURVE_WITH_KNOTS('',2,(#14766,#14767,#14768),
 .UNSPECIFIED.,.F.,.F.,(3,3),(0.,1.),.PIECEWISE_BEZIER_KNOTS.);
#686=B_SPLINE_CURVE_WITH_KNOTS('',2,(#14779,#14780,#14781),
 .UNSPECIFIED.,.F.,.F.,(3,3),(0.,1.),.PIECEWISE_BEZIER_KNOTS.);
#687=B_SPLINE_CURVE_WITH_KNOTS('',2,(#14785,#14786,#14787),
 .UNSPECIFIED.,.F.,.F.,(3,3),(0.,1.),.PIECEWISE_BEZIER_KNOTS.);
#688=B_SPLINE_CURVE_WITH_KNOTS('',2,(#14796,#14797,#14798),
 .UNSPECIFIED.,.F.,.F.,(3,3),(0.,1.),.PIECEWISE_BEZIER_KNOTS.);
#689=B_SPLINE_CURVE_WITH_KNOTS('',2,(#14802,#14803,#14804),
 .UNSPECIFIED.,.F.,.F.,(3,3),(0.,1.),.PIECEWISE_BEZIER_KNOTS.);
#690=B_SPLINE_CURVE_WITH_KNOTS('',2,(#14813,#14814,#14815),
 .UNSPECIFIED.,.F.,.F.,(3,3),(0.,1.),.PIECEWISE_BEZIER_KNOTS.);
#691=B_SPLINE_CURVE_WITH_KNOTS('',2,(#14819,#14820,#14821),
 .UNSPECIFIED.,.F.,.F.,(3,3),(0.,1.),.PIECEWISE_BEZIER_KNOTS.);
#692=B_SPLINE_CURVE_WITH_KNOTS('',2,(#14830,#14831,#14832),
 .UNSPECIFIED.,.F.,.F.,(3,3),(0.,1.),.PIECEWISE_BEZIER_KNOTS.);
#693=B_SPLINE_CURVE_WITH_KNOTS('',2,(#14836,#14837,#14838),
 .UNSPECIFIED.,.F.,.F.,(3,3),(0.,1.),.PIECEWISE_BEZIER_KNOTS.);
#694=B_SPLINE_CURVE_WITH_KNOTS('',2,(#14856,#14857,#14858),
 .UNSPECIFIED.,.F.,.F.,(3,3),(0.,1.),.PIECEWISE_BEZIER_KNOTS.);
#695=B_SPLINE_CURVE_WITH_KNOTS('',2,(#14862,#14863,#14864),
 .UNSPECIFIED.,.F.,.F.,(3,3),(0.,1.),.PIECEWISE_BEZIER_KNOTS.);
#696=B_SPLINE_CURVE_WITH_KNOTS('',2,(#14873,#14874,#14875),
 .UNSPECIFIED.,.F.,.F.,(3,3),(0.,1.),.PIECEWISE_BEZIER_KNOTS.);
#697=B_SPLINE_CURVE_WITH_KNOTS('',2,(#14879,#14880,#14881),
 .UNSPECIFIED.,.F.,.F.,(3,3),(0.,1.),.PIECEWISE_BEZIER_KNOTS.);
#698=B_SPLINE_CURVE_WITH_KNOTS('',2,(#14896,#14897,#14898),
 .UNSPECIFIED.,.F.,.F.,(3,3),(0.,1.),.PIECEWISE_BEZIER_KNOTS.);
#699=B_SPLINE_CURVE_WITH_KNOTS('',2,(#14902,#14903,#14904),
 .UNSPECIFIED.,.F.,.F.,(3,3),(0.,1.),.PIECEWISE_BEZIER_KNOTS.);
#700=B_SPLINE_CURVE_WITH_KNOTS('',2,(#14913,#14914,#14915),
 .UNSPECIFIED.,.F.,.F.,(3,3),(0.,1.),.PIECEWISE_BEZIER_KNOTS.);
#701=B_SPLINE_CURVE_WITH_KNOTS('',2,(#14919,#14920,#14921),
 .UNSPECIFIED.,.F.,.F.,(3,3),(0.,1.),.PIECEWISE_BEZIER_KNOTS.);
#702=B_SPLINE_CURVE_WITH_KNOTS('',2,(#14930,#14931,#14932),
 .UNSPECIFIED.,.F.,.F.,(3,3),(0.,1.),.PIECEWISE_BEZIER_KNOTS.);
#703=B_SPLINE_CURVE_WITH_KNOTS('',2,(#14936,#14937,#14938),
 .UNSPECIFIED.,.F.,.F.,(3,3),(0.,1.),.PIECEWISE_BEZIER_KNOTS.);
#704=B_SPLINE_CURVE_WITH_KNOTS('',2,(#14947,#14948,#14949),
 .UNSPECIFIED.,.F.,.F.,(3,3),(0.,1.),.PIECEWISE_BEZIER_KNOTS.);
#705=B_SPLINE_CURVE_WITH_KNOTS('',2,(#14953,#14954,#14955),
 .UNSPECIFIED.,.F.,.F.,(3,3),(0.,1.),.PIECEWISE_BEZIER_KNOTS.);
#706=B_SPLINE_CURVE_WITH_KNOTS('',2,(#14980,#14981,#14982),
 .UNSPECIFIED.,.F.,.F.,(3,3),(0.,1.),.PIECEWISE_BEZIER_KNOTS.);
#707=B_SPLINE_CURVE_WITH_KNOTS('',2,(#14993,#14994,#14995),
 .UNSPECIFIED.,.F.,.F.,(3,3),(0.,1.),.PIECEWISE_BEZIER_KNOTS.);
#708=B_SPLINE_CURVE_WITH_KNOTS('',2,(#15014,#15015,#15016),
 .UNSPECIFIED.,.F.,.F.,(3,3),(0.,1.),.PIECEWISE_BEZIER_KNOTS.);
#709=B_SPLINE_CURVE_WITH_KNOTS('',2,(#15039,#15040,#15041),
 .UNSPECIFIED.,.F.,.F.,(3,3),(0.,1.),.PIECEWISE_BEZIER_KNOTS.);
#710=B_SPLINE_CURVE_WITH_KNOTS('',2,(#15056,#15057,#15058),
 .UNSPECIFIED.,.F.,.F.,(3,3),(0.,1.),.PIECEWISE_BEZIER_KNOTS.);
#711=B_SPLINE_CURVE_WITH_KNOTS('',2,(#15069,#15070,#15071),
 .UNSPECIFIED.,.F.,.F.,(3,3),(0.,1.),.PIECEWISE_BEZIER_KNOTS.);
#712=B_SPLINE_CURVE_WITH_KNOTS('',2,(#15082,#15083,#15084),
 .UNSPECIFIED.,.F.,.F.,(3,3),(0.,1.),.PIECEWISE_BEZIER_KNOTS.);
#713=B_SPLINE_CURVE_WITH_KNOTS('',2,(#15095,#15096,#15097),
 .UNSPECIFIED.,.F.,.F.,(3,3),(0.,1.),.PIECEWISE_BEZIER_KNOTS.);
#714=B_SPLINE_CURVE_WITH_KNOTS('',2,(#15108,#15109,#15110),
 .UNSPECIFIED.,.F.,.F.,(3,3),(0.,1.),.PIECEWISE_BEZIER_KNOTS.);
#715=B_SPLINE_CURVE_WITH_KNOTS('',2,(#15121,#15122,#15123),
 .UNSPECIFIED.,.F.,.F.,(3,3),(0.,1.),.PIECEWISE_BEZIER_KNOTS.);
#716=B_SPLINE_CURVE_WITH_KNOTS('',2,(#15138,#15139,#15140),
 .UNSPECIFIED.,.F.,.F.,(3,3),(0.,1.),.PIECEWISE_BEZIER_KNOTS.);
#717=B_SPLINE_CURVE_WITH_KNOTS('',2,(#15155,#15156,#15157),
 .UNSPECIFIED.,.F.,.F.,(3,3),(0.,1.),.PIECEWISE_BEZIER_KNOTS.);
#718=B_SPLINE_CURVE_WITH_KNOTS('',2,(#15172,#15173,#15174),
 .UNSPECIFIED.,.F.,.F.,(3,3),(0.,1.),.PIECEWISE_BEZIER_KNOTS.);
#719=B_SPLINE_CURVE_WITH_KNOTS('',2,(#15185,#15186,#15187),
 .UNSPECIFIED.,.F.,.F.,(3,3),(0.,1.),.PIECEWISE_BEZIER_KNOTS.);
#720=B_SPLINE_CURVE_WITH_KNOTS('',2,(#15204,#15205,#15206),
 .UNSPECIFIED.,.F.,.F.,(3,3),(0.,1.),.PIECEWISE_BEZIER_KNOTS.);
#721=B_SPLINE_CURVE_WITH_KNOTS('',2,(#15207,#15208,#15209),
 .UNSPECIFIED.,.F.,.F.,(3,3),(0.,1.),.PIECEWISE_BEZIER_KNOTS.);
#722=B_SPLINE_CURVE_WITH_KNOTS('',2,(#15220,#15221,#15222),
 .UNSPECIFIED.,.F.,.F.,(3,3),(0.,1.),.PIECEWISE_BEZIER_KNOTS.);
#723=B_SPLINE_CURVE_WITH_KNOTS('',2,(#15223,#15224,#15225),
 .UNSPECIFIED.,.F.,.F.,(3,3),(0.,1.),.PIECEWISE_BEZIER_KNOTS.);
#724=B_SPLINE_CURVE_WITH_KNOTS('',2,(#15253,#15254,#15255),
 .UNSPECIFIED.,.F.,.F.,(3,3),(0.,1.),.PIECEWISE_BEZIER_KNOTS.);
#725=B_SPLINE_CURVE_WITH_KNOTS('',2,(#15266,#15267,#15268),
 .UNSPECIFIED.,.F.,.F.,(3,3),(0.,1.),.PIECEWISE_BEZIER_KNOTS.);
#726=B_SPLINE_CURVE_WITH_KNOTS('',2,(#15311,#15312,#15313),
 .UNSPECIFIED.,.F.,.F.,(3,3),(0.,1.),.PIECEWISE_BEZIER_KNOTS.);
#727=B_SPLINE_CURVE_WITH_KNOTS('',2,(#15324,#15325,#15326),
 .UNSPECIFIED.,.F.,.F.,(3,3),(0.,1.),.PIECEWISE_BEZIER_KNOTS.);
#728=B_SPLINE_CURVE_WITH_KNOTS('',2,(#15337,#15338,#15339),
 .UNSPECIFIED.,.F.,.F.,(3,3),(0.,1.),.PIECEWISE_BEZIER_KNOTS.);
#729=B_SPLINE_CURVE_WITH_KNOTS('',2,(#15348,#15349,#15350),
 .UNSPECIFIED.,.F.,.F.,(3,3),(0.,1.),.PIECEWISE_BEZIER_KNOTS.);
#730=B_SPLINE_CURVE_WITH_KNOTS('',2,(#15362,#15363,#15364),
 .UNSPECIFIED.,.F.,.F.,(3,3),(0.,1.),.PIECEWISE_BEZIER_KNOTS.);
#731=B_SPLINE_CURVE_WITH_KNOTS('',2,(#15377,#15378,#15379),
 .UNSPECIFIED.,.F.,.F.,(3,3),(0.,1.),.PIECEWISE_BEZIER_KNOTS.);
#732=B_SPLINE_CURVE_WITH_KNOTS('',2,(#15398,#15399,#15400),
 .UNSPECIFIED.,.F.,.F.,(3,3),(0.,1.),.PIECEWISE_BEZIER_KNOTS.);
#733=B_SPLINE_CURVE_WITH_KNOTS('',2,(#15411,#15412,#15413),
 .UNSPECIFIED.,.F.,.F.,(3,3),(0.,1.),.PIECEWISE_BEZIER_KNOTS.);
#734=B_SPLINE_CURVE_WITH_KNOTS('',2,(#15487,#15488,#15489),
 .UNSPECIFIED.,.F.,.F.,(3,3),(0.,1.),.PIECEWISE_BEZIER_KNOTS.);
#735=B_SPLINE_CURVE_WITH_KNOTS('',2,(#15494,#15495,#15496),
 .UNSPECIFIED.,.F.,.F.,(3,3),(0.,1.),.PIECEWISE_BEZIER_KNOTS.);
#736=B_SPLINE_CURVE_WITH_KNOTS('',2,(#15507,#15508,#15509),
 .UNSPECIFIED.,.F.,.F.,(3,3),(0.,1.),.PIECEWISE_BEZIER_KNOTS.);
#737=B_SPLINE_CURVE_WITH_KNOTS('',2,(#15513,#15514,#15515),
 .UNSPECIFIED.,.F.,.F.,(3,3),(0.,1.),.PIECEWISE_BEZIER_KNOTS.);
#738=B_SPLINE_CURVE_WITH_KNOTS('',2,(#15524,#15525,#15526),
 .UNSPECIFIED.,.F.,.F.,(3,3),(0.,1.),.PIECEWISE_BEZIER_KNOTS.);
#739=B_SPLINE_CURVE_WITH_KNOTS('',2,(#15530,#15531,#15532),
 .UNSPECIFIED.,.F.,.F.,(3,3),(0.,1.),.PIECEWISE_BEZIER_KNOTS.);
#740=B_SPLINE_CURVE_WITH_KNOTS('',2,(#15541,#15542,#15543),
 .UNSPECIFIED.,.F.,.F.,(3,3),(0.,1.),.PIECEWISE_BEZIER_KNOTS.);
#741=B_SPLINE_CURVE_WITH_KNOTS('',2,(#15547,#15548,#15549),
 .UNSPECIFIED.,.F.,.F.,(3,3),(0.,1.),.PIECEWISE_BEZIER_KNOTS.);
#742=B_SPLINE_CURVE_WITH_KNOTS('',2,(#15558,#15559,#15560),
 .UNSPECIFIED.,.F.,.F.,(3,3),(0.,1.),.PIECEWISE_BEZIER_KNOTS.);
#743=B_SPLINE_CURVE_WITH_KNOTS('',2,(#15564,#15565,#15566),
 .UNSPECIFIED.,.F.,.F.,(3,3),(0.,1.),.PIECEWISE_BEZIER_KNOTS.);
#744=B_SPLINE_CURVE_WITH_KNOTS('',2,(#15603,#15604,#15605),
 .UNSPECIFIED.,.F.,.F.,(3,3),(0.,1.),.PIECEWISE_BEZIER_KNOTS.);
#745=B_SPLINE_CURVE_WITH_KNOTS('',2,(#15616,#15617,#15618),
 .UNSPECIFIED.,.F.,.F.,(3,3),(0.,1.),.PIECEWISE_BEZIER_KNOTS.);
#746=B_SPLINE_CURVE_WITH_KNOTS('',2,(#15641,#15642,#15643),
 .UNSPECIFIED.,.F.,.F.,(3,3),(0.,1.),.PIECEWISE_BEZIER_KNOTS.);
#747=B_SPLINE_CURVE_WITH_KNOTS('',2,(#15654,#15655,#15656),
 .UNSPECIFIED.,.F.,.F.,(3,3),(0.,1.),.PIECEWISE_BEZIER_KNOTS.);
#748=B_SPLINE_CURVE_WITH_KNOTS('',2,(#15667,#15668,#15669),
 .UNSPECIFIED.,.F.,.F.,(3,3),(0.,1.),.PIECEWISE_BEZIER_KNOTS.);
#749=B_SPLINE_CURVE_WITH_KNOTS('',2,(#15688,#15689,#15690),
 .UNSPECIFIED.,.F.,.F.,(3,3),(0.,1.),.PIECEWISE_BEZIER_KNOTS.);
#750=B_SPLINE_CURVE_WITH_KNOTS('',2,(#15701,#15702,#15703),
 .UNSPECIFIED.,.F.,.F.,(3,3),(0.,1.),.PIECEWISE_BEZIER_KNOTS.);
#751=B_SPLINE_CURVE_WITH_KNOTS('',2,(#15714,#15715,#15716),
 .UNSPECIFIED.,.F.,.F.,(3,3),(0.,1.),.PIECEWISE_BEZIER_KNOTS.);
#752=B_SPLINE_CURVE_WITH_KNOTS('',2,(#15727,#15728,#15729),
 .UNSPECIFIED.,.F.,.F.,(3,3),(0.,1.),.PIECEWISE_BEZIER_KNOTS.);
#753=B_SPLINE_CURVE_WITH_KNOTS('',2,(#15740,#15741,#15742),
 .UNSPECIFIED.,.F.,.F.,(3,3),(0.,1.),.PIECEWISE_BEZIER_KNOTS.);
#754=B_SPLINE_CURVE_WITH_KNOTS('',2,(#15753,#15754,#15755),
 .UNSPECIFIED.,.F.,.F.,(3,3),(0.,1.),.PIECEWISE_BEZIER_KNOTS.);
#755=B_SPLINE_CURVE_WITH_KNOTS('',2,(#15756,#15757,#15758),
 .UNSPECIFIED.,.F.,.F.,(3,3),(0.,1.),.PIECEWISE_BEZIER_KNOTS.);
#756=B_SPLINE_CURVE_WITH_KNOTS('',2,(#15785,#15786,#15787),
 .UNSPECIFIED.,.F.,.F.,(3,3),(0.,1.),.PIECEWISE_BEZIER_KNOTS.);
#757=B_SPLINE_CURVE_WITH_KNOTS('',2,(#15798,#15799,#15800),
 .UNSPECIFIED.,.F.,.F.,(3,3),(0.,1.),.PIECEWISE_BEZIER_KNOTS.);
#758=B_SPLINE_CURVE_WITH_KNOTS('',2,(#15823,#15824,#15825),
 .UNSPECIFIED.,.F.,.F.,(3,3),(0.,1.),.PIECEWISE_BEZIER_KNOTS.);
#759=B_SPLINE_CURVE_WITH_KNOTS('',2,(#15868,#15869,#15870),
 .UNSPECIFIED.,.F.,.F.,(3,3),(0.,1.),.PIECEWISE_BEZIER_KNOTS.);
#760=B_SPLINE_CURVE_WITH_KNOTS('',2,(#15881,#15882,#15883),
 .UNSPECIFIED.,.F.,.F.,(3,3),(0.,1.),.PIECEWISE_BEZIER_KNOTS.);
#761=B_SPLINE_CURVE_WITH_KNOTS('',2,(#15894,#15895,#15896),
 .UNSPECIFIED.,.F.,.F.,(3,3),(0.,1.),.PIECEWISE_BEZIER_KNOTS.);
#762=B_SPLINE_CURVE_WITH_KNOTS('',2,(#15907,#15908,#15909),
 .UNSPECIFIED.,.F.,.F.,(3,3),(0.,1.),.PIECEWISE_BEZIER_KNOTS.);
#763=B_SPLINE_CURVE_WITH_KNOTS('',2,(#15932,#15933,#15934),
 .UNSPECIFIED.,.F.,.F.,(3,3),(0.,1.),.PIECEWISE_BEZIER_KNOTS.);
#764=B_SPLINE_CURVE_WITH_KNOTS('',2,(#15945,#15946,#15947),
 .UNSPECIFIED.,.F.,.F.,(3,3),(0.,1.),.PIECEWISE_BEZIER_KNOTS.);
#765=B_SPLINE_CURVE_WITH_KNOTS('',2,(#15958,#15959,#15960),
 .UNSPECIFIED.,.F.,.F.,(3,3),(0.,1.),.PIECEWISE_BEZIER_KNOTS.);
#766=B_SPLINE_CURVE_WITH_KNOTS('',2,(#15969,#15970,#15971),
 .UNSPECIFIED.,.F.,.F.,(3,3),(0.,1.),.PIECEWISE_BEZIER_KNOTS.);
#767=B_SPLINE_CURVE_WITH_KNOTS('',2,(#16047,#16048,#16049),
 .UNSPECIFIED.,.F.,.F.,(3,3),(0.,1.),.PIECEWISE_BEZIER_KNOTS.);
#768=B_SPLINE_CURVE_WITH_KNOTS('',2,(#16062,#16063,#16064),
 .UNSPECIFIED.,.F.,.F.,(3,3),(0.,1.),.PIECEWISE_BEZIER_KNOTS.);
#769=B_SPLINE_CURVE_WITH_KNOTS('',2,(#16075,#16076,#16077),
 .UNSPECIFIED.,.F.,.F.,(3,3),(0.,1.),.PIECEWISE_BEZIER_KNOTS.);
#770=B_SPLINE_CURVE_WITH_KNOTS('',2,(#16088,#16089,#16090),
 .UNSPECIFIED.,.F.,.F.,(3,3),(0.,1.),.PIECEWISE_BEZIER_KNOTS.);
#771=B_SPLINE_CURVE_WITH_KNOTS('',2,(#16109,#16110,#16111),
 .UNSPECIFIED.,.F.,.F.,(3,3),(0.,1.),.PIECEWISE_BEZIER_KNOTS.);
#772=B_SPLINE_CURVE_WITH_KNOTS('',2,(#16122,#16123,#16124),
 .UNSPECIFIED.,.F.,.F.,(3,3),(0.,1.),.PIECEWISE_BEZIER_KNOTS.);
#773=B_SPLINE_CURVE_WITH_KNOTS('',2,(#16135,#16136,#16137),
 .UNSPECIFIED.,.F.,.F.,(3,3),(0.,1.),.PIECEWISE_BEZIER_KNOTS.);
#774=B_SPLINE_CURVE_WITH_KNOTS('',2,(#16156,#16157,#16158),
 .UNSPECIFIED.,.F.,.F.,(3,3),(0.,1.),.PIECEWISE_BEZIER_KNOTS.);
#775=B_SPLINE_CURVE_WITH_KNOTS('',2,(#16181,#16182,#16183),
 .UNSPECIFIED.,.F.,.F.,(3,3),(0.,1.),.PIECEWISE_BEZIER_KNOTS.);
#776=B_SPLINE_CURVE_WITH_KNOTS('',2,(#16194,#16195,#16196),
 .UNSPECIFIED.,.F.,.F.,(3,3),(0.,1.),.PIECEWISE_BEZIER_KNOTS.);
#777=B_SPLINE_CURVE_WITH_KNOTS('',2,(#16207,#16208,#16209),
 .UNSPECIFIED.,.F.,.F.,(3,3),(0.,1.),.PIECEWISE_BEZIER_KNOTS.);
#778=B_SPLINE_CURVE_WITH_KNOTS('',2,(#16220,#16221,#16222),
 .UNSPECIFIED.,.F.,.F.,(3,3),(0.,1.),.PIECEWISE_BEZIER_KNOTS.);
#779=B_SPLINE_CURVE_WITH_KNOTS('',2,(#16233,#16234,#16235),
 .UNSPECIFIED.,.F.,.F.,(3,3),(0.,1.),.PIECEWISE_BEZIER_KNOTS.);
#780=B_SPLINE_CURVE_WITH_KNOTS('',2,(#16258,#16259,#16260),
 .UNSPECIFIED.,.F.,.F.,(3,3),(0.,1.),.PIECEWISE_BEZIER_KNOTS.);
#781=B_SPLINE_CURVE_WITH_KNOTS('',2,(#16269,#16270,#16271),
 .UNSPECIFIED.,.F.,.F.,(3,3),(0.,1.),.PIECEWISE_BEZIER_KNOTS.);
#782=B_SPLINE_CURVE_WITH_KNOTS('',2,(#16314,#16315,#16316),
 .UNSPECIFIED.,.F.,.F.,(3,3),(0.,1.),.PIECEWISE_BEZIER_KNOTS.);
#783=B_SPLINE_CURVE_WITH_KNOTS('',2,(#16339,#16340,#16341),
 .UNSPECIFIED.,.F.,.F.,(3,3),(0.,1.),.PIECEWISE_BEZIER_KNOTS.);
#784=B_SPLINE_CURVE_WITH_KNOTS('',2,(#16352,#16353,#16354),
 .UNSPECIFIED.,.F.,.F.,(3,3),(0.,1.),.PIECEWISE_BEZIER_KNOTS.);
#785=B_SPLINE_CURVE_WITH_KNOTS('',2,(#16385,#16386,#16387),
 .UNSPECIFIED.,.F.,.F.,(3,3),(0.,1.),.PIECEWISE_BEZIER_KNOTS.);
#786=B_SPLINE_CURVE_WITH_KNOTS('',2,(#16432,#16433,#16434),
 .UNSPECIFIED.,.F.,.F.,(3,3),(0.,1.),.PIECEWISE_BEZIER_KNOTS.);
#787=B_SPLINE_CURVE_WITH_KNOTS('',2,(#16457,#16458,#16459),
 .UNSPECIFIED.,.F.,.F.,(3,3),(0.,1.),.PIECEWISE_BEZIER_KNOTS.);
#788=B_SPLINE_CURVE_WITH_KNOTS('',2,(#16470,#16471,#16472),
 .UNSPECIFIED.,.F.,.F.,(3,3),(0.,1.),.PIECEWISE_BEZIER_KNOTS.);
#789=B_SPLINE_CURVE_WITH_KNOTS('',2,(#16503,#16504,#16505),
 .UNSPECIFIED.,.F.,.F.,(3,3),(0.,1.),.PIECEWISE_BEZIER_KNOTS.);
#790=B_SPLINE_CURVE_WITH_KNOTS('',2,(#16525,#16526,#16527),
 .UNSPECIFIED.,.F.,.F.,(3,3),(0.,1.),.PIECEWISE_BEZIER_KNOTS.);
#791=B_SPLINE_CURVE_WITH_KNOTS('',2,(#16538,#16539,#16540),
 .UNSPECIFIED.,.F.,.F.,(3,3),(0.,1.),.PIECEWISE_BEZIER_KNOTS.);
#792=B_SPLINE_CURVE_WITH_KNOTS('',2,(#16595,#16596,#16597),
 .UNSPECIFIED.,.F.,.F.,(3,3),(0.,1.),.PIECEWISE_BEZIER_KNOTS.);
#793=B_SPLINE_CURVE_WITH_KNOTS('',2,(#16623,#16624,#16625),
 .UNSPECIFIED.,.F.,.F.,(3,3),(0.,1.),.PIECEWISE_BEZIER_KNOTS.);
#794=B_SPLINE_CURVE_WITH_KNOTS('',2,(#16638,#16639,#16640),
 .UNSPECIFIED.,.F.,.F.,(3,3),(0.,1.),.PIECEWISE_BEZIER_KNOTS.);
#795=B_SPLINE_CURVE_WITH_KNOTS('',2,(#16651,#16652,#16653),
 .UNSPECIFIED.,.F.,.F.,(3,3),(0.,1.),.PIECEWISE_BEZIER_KNOTS.);
#796=B_SPLINE_CURVE_WITH_KNOTS('',2,(#16664,#16665,#16666),
 .UNSPECIFIED.,.F.,.F.,(3,3),(0.,1.),.PIECEWISE_BEZIER_KNOTS.);
#797=B_SPLINE_CURVE_WITH_KNOTS('',2,(#16677,#16678,#16679),
 .UNSPECIFIED.,.F.,.F.,(3,3),(0.,1.),.PIECEWISE_BEZIER_KNOTS.);
#798=B_SPLINE_CURVE_WITH_KNOTS('',2,(#16690,#16691,#16692),
 .UNSPECIFIED.,.F.,.F.,(3,3),(0.,1.),.PIECEWISE_BEZIER_KNOTS.);
#799=B_SPLINE_CURVE_WITH_KNOTS('',2,(#16703,#16704,#16705),
 .UNSPECIFIED.,.F.,.F.,(3,3),(0.,1.),.PIECEWISE_BEZIER_KNOTS.);
#800=B_SPLINE_CURVE_WITH_KNOTS('',2,(#16716,#16717,#16718),
 .UNSPECIFIED.,.F.,.F.,(3,3),(0.,1.),.PIECEWISE_BEZIER_KNOTS.);
#801=B_SPLINE_CURVE_WITH_KNOTS('',2,(#16729,#16730,#16731),
 .UNSPECIFIED.,.F.,.F.,(3,3),(0.,1.),.PIECEWISE_BEZIER_KNOTS.);
#802=B_SPLINE_CURVE_WITH_KNOTS('',2,(#16750,#16751,#16752),
 .UNSPECIFIED.,.F.,.F.,(3,3),(0.,1.),.PIECEWISE_BEZIER_KNOTS.);
#803=B_SPLINE_CURVE_WITH_KNOTS('',2,(#16763,#16764,#16765),
 .UNSPECIFIED.,.F.,.F.,(3,3),(0.,1.),.PIECEWISE_BEZIER_KNOTS.);
#804=B_SPLINE_CURVE_WITH_KNOTS('',2,(#16776,#16777,#16778),
 .UNSPECIFIED.,.F.,.F.,(3,3),(0.,1.),.PIECEWISE_BEZIER_KNOTS.);
#805=B_SPLINE_CURVE_WITH_KNOTS('',2,(#16789,#16790,#16791),
 .UNSPECIFIED.,.F.,.F.,(3,3),(0.,1.),.PIECEWISE_BEZIER_KNOTS.);
#806=B_SPLINE_CURVE_WITH_KNOTS('',2,(#16802,#16803,#16804),
 .UNSPECIFIED.,.F.,.F.,(3,3),(0.,1.),.PIECEWISE_BEZIER_KNOTS.);
#807=B_SPLINE_CURVE_WITH_KNOTS('',2,(#16815,#16816,#16817),
 .UNSPECIFIED.,.F.,.F.,(3,3),(0.,1.),.PIECEWISE_BEZIER_KNOTS.);
#808=B_SPLINE_CURVE_WITH_KNOTS('',2,(#16828,#16829,#16830),
 .UNSPECIFIED.,.F.,.F.,(3,3),(0.,1.),.PIECEWISE_BEZIER_KNOTS.);
#809=B_SPLINE_CURVE_WITH_KNOTS('',2,(#16841,#16842,#16843),
 .UNSPECIFIED.,.F.,.F.,(3,3),(0.,1.),.PIECEWISE_BEZIER_KNOTS.);
#810=B_SPLINE_CURVE_WITH_KNOTS('',2,(#16854,#16855,#16856),
 .UNSPECIFIED.,.F.,.F.,(3,3),(0.,1.),.PIECEWISE_BEZIER_KNOTS.);
#811=B_SPLINE_CURVE_WITH_KNOTS('',2,(#16879,#16880,#16881),
 .UNSPECIFIED.,.F.,.F.,(3,3),(0.,1.),.PIECEWISE_BEZIER_KNOTS.);
#812=B_SPLINE_CURVE_WITH_KNOTS('',2,(#16890,#16891,#16892),
 .UNSPECIFIED.,.F.,.F.,(3,3),(0.,1.),.PIECEWISE_BEZIER_KNOTS.);
#813=SHAPE_REPRESENTATION_RELATIONSHIP('','',#9828,#816);
#814=SHAPE_REPRESENTATION_RELATIONSHIP('','',#9829,#817);
#815=SHAPE_REPRESENTATION_RELATIONSHIP('','',#9830,#818);
#816=ADVANCED_BREP_SHAPE_REPRESENTATION('',(#9822),#17168);
#817=ADVANCED_BREP_SHAPE_REPRESENTATION('',(#9823),#17169);
#818=ADVANCED_BREP_SHAPE_REPRESENTATION('',(#9824),#17170);
#819=ORIENTED_EDGE('',*,*,#3665,.F.);
#820=ORIENTED_EDGE('',*,*,#3666,.F.);
#821=ORIENTED_EDGE('',*,*,#3667,.T.);
#822=ORIENTED_EDGE('',*,*,#3668,.T.);
#823=ORIENTED_EDGE('',*,*,#3669,.T.);
#824=ORIENTED_EDGE('',*,*,#3670,.F.);
#825=ORIENTED_EDGE('',*,*,#3671,.F.);
#826=ORIENTED_EDGE('',*,*,#3666,.T.);
#827=ORIENTED_EDGE('',*,*,#3672,.T.);
#828=ORIENTED_EDGE('',*,*,#3673,.F.);
#829=ORIENTED_EDGE('',*,*,#3674,.F.);
#830=ORIENTED_EDGE('',*,*,#3670,.T.);
#831=ORIENTED_EDGE('',*,*,#3675,.F.);
#832=ORIENTED_EDGE('',*,*,#3668,.F.);
#833=ORIENTED_EDGE('',*,*,#3676,.T.);
#834=ORIENTED_EDGE('',*,*,#3673,.T.);
#835=ORIENTED_EDGE('',*,*,#3667,.F.);
#836=ORIENTED_EDGE('',*,*,#3671,.T.);
#837=ORIENTED_EDGE('',*,*,#3674,.T.);
#838=ORIENTED_EDGE('',*,*,#3676,.F.);
#839=ORIENTED_EDGE('',*,*,#3665,.T.);
#840=ORIENTED_EDGE('',*,*,#3675,.T.);
#841=ORIENTED_EDGE('',*,*,#3672,.F.);
#842=ORIENTED_EDGE('',*,*,#3669,.F.);
#843=ORIENTED_EDGE('',*,*,#3677,.T.);
#844=ORIENTED_EDGE('',*,*,#3678,.T.);
#845=ORIENTED_EDGE('',*,*,#3679,.T.);
#846=ORIENTED_EDGE('',*,*,#3680,.T.);
#847=ORIENTED_EDGE('',*,*,#3681,.T.);
#848=ORIENTED_EDGE('',*,*,#3682,.T.);
#849=ORIENTED_EDGE('',*,*,#3683,.T.);
#850=ORIENTED_EDGE('',*,*,#3684,.T.);
#851=ORIENTED_EDGE('',*,*,#3685,.T.);
#852=ORIENTED_EDGE('',*,*,#3686,.T.);
#853=ORIENTED_EDGE('',*,*,#3687,.T.);
#854=ORIENTED_EDGE('',*,*,#3688,.T.);
#855=ORIENTED_EDGE('',*,*,#3689,.T.);
#856=ORIENTED_EDGE('',*,*,#3690,.T.);
#857=ORIENTED_EDGE('',*,*,#3691,.T.);
#858=ORIENTED_EDGE('',*,*,#3692,.T.);
#859=ORIENTED_EDGE('',*,*,#3693,.T.);
#860=ORIENTED_EDGE('',*,*,#3694,.T.);
#861=ORIENTED_EDGE('',*,*,#3695,.T.);
#862=ORIENTED_EDGE('',*,*,#3696,.T.);
#863=ORIENTED_EDGE('',*,*,#3697,.T.);
#864=ORIENTED_EDGE('',*,*,#3698,.T.);
#865=ORIENTED_EDGE('',*,*,#3699,.T.);
#866=ORIENTED_EDGE('',*,*,#3700,.T.);
#867=ORIENTED_EDGE('',*,*,#3701,.T.);
#868=ORIENTED_EDGE('',*,*,#3702,.T.);
#869=ORIENTED_EDGE('',*,*,#3703,.T.);
#870=ORIENTED_EDGE('',*,*,#3704,.T.);
#871=ORIENTED_EDGE('',*,*,#3705,.T.);
#872=ORIENTED_EDGE('',*,*,#3706,.T.);
#873=ORIENTED_EDGE('',*,*,#3707,.T.);
#874=ORIENTED_EDGE('',*,*,#3708,.T.);
#875=ORIENTED_EDGE('',*,*,#3709,.T.);
#876=ORIENTED_EDGE('',*,*,#3710,.T.);
#877=ORIENTED_EDGE('',*,*,#3711,.T.);
#878=ORIENTED_EDGE('',*,*,#3712,.T.);
#879=ORIENTED_EDGE('',*,*,#3713,.T.);
#880=ORIENTED_EDGE('',*,*,#3714,.T.);
#881=ORIENTED_EDGE('',*,*,#3715,.T.);
#882=ORIENTED_EDGE('',*,*,#3716,.T.);
#883=ORIENTED_EDGE('',*,*,#3717,.T.);
#884=ORIENTED_EDGE('',*,*,#3718,.T.);
#885=ORIENTED_EDGE('',*,*,#3719,.T.);
#886=ORIENTED_EDGE('',*,*,#3720,.T.);
#887=ORIENTED_EDGE('',*,*,#3721,.T.);
#888=ORIENTED_EDGE('',*,*,#3722,.T.);
#889=ORIENTED_EDGE('',*,*,#3723,.T.);
#890=ORIENTED_EDGE('',*,*,#3724,.T.);
#891=ORIENTED_EDGE('',*,*,#3725,.T.);
#892=ORIENTED_EDGE('',*,*,#3726,.T.);
#893=ORIENTED_EDGE('',*,*,#3727,.T.);
#894=ORIENTED_EDGE('',*,*,#3728,.T.);
#895=ORIENTED_EDGE('',*,*,#3729,.T.);
#896=ORIENTED_EDGE('',*,*,#3730,.T.);
#897=ORIENTED_EDGE('',*,*,#3731,.T.);
#898=ORIENTED_EDGE('',*,*,#3732,.T.);
#899=ORIENTED_EDGE('',*,*,#3733,.T.);
#900=ORIENTED_EDGE('',*,*,#3734,.T.);
#901=ORIENTED_EDGE('',*,*,#3735,.T.);
#902=ORIENTED_EDGE('',*,*,#3736,.T.);
#903=ORIENTED_EDGE('',*,*,#3737,.T.);
#904=ORIENTED_EDGE('',*,*,#3738,.T.);
#905=ORIENTED_EDGE('',*,*,#3739,.T.);
#906=ORIENTED_EDGE('',*,*,#3740,.T.);
#907=ORIENTED_EDGE('',*,*,#3741,.T.);
#908=ORIENTED_EDGE('',*,*,#3742,.T.);
#909=ORIENTED_EDGE('',*,*,#3743,.T.);
#910=ORIENTED_EDGE('',*,*,#3744,.T.);
#911=ORIENTED_EDGE('',*,*,#3745,.T.);
#912=ORIENTED_EDGE('',*,*,#3746,.T.);
#913=ORIENTED_EDGE('',*,*,#3747,.T.);
#914=ORIENTED_EDGE('',*,*,#3748,.T.);
#915=ORIENTED_EDGE('',*,*,#3749,.T.);
#916=ORIENTED_EDGE('',*,*,#3750,.T.);
#917=ORIENTED_EDGE('',*,*,#3751,.T.);
#918=ORIENTED_EDGE('',*,*,#3752,.T.);
#919=ORIENTED_EDGE('',*,*,#3753,.T.);
#920=ORIENTED_EDGE('',*,*,#3754,.T.);
#921=ORIENTED_EDGE('',*,*,#3755,.T.);
#922=ORIENTED_EDGE('',*,*,#3756,.T.);
#923=ORIENTED_EDGE('',*,*,#3757,.T.);
#924=ORIENTED_EDGE('',*,*,#3758,.T.);
#925=ORIENTED_EDGE('',*,*,#3759,.T.);
#926=ORIENTED_EDGE('',*,*,#3760,.T.);
#927=ORIENTED_EDGE('',*,*,#3761,.T.);
#928=ORIENTED_EDGE('',*,*,#3762,.T.);
#929=ORIENTED_EDGE('',*,*,#3763,.T.);
#930=ORIENTED_EDGE('',*,*,#3764,.T.);
#931=ORIENTED_EDGE('',*,*,#3765,.T.);
#932=ORIENTED_EDGE('',*,*,#3766,.T.);
#933=ORIENTED_EDGE('',*,*,#3767,.T.);
#934=ORIENTED_EDGE('',*,*,#3768,.T.);
#935=ORIENTED_EDGE('',*,*,#3769,.T.);
#936=ORIENTED_EDGE('',*,*,#3770,.T.);
#937=ORIENTED_EDGE('',*,*,#3771,.T.);
#938=ORIENTED_EDGE('',*,*,#3772,.T.);
#939=ORIENTED_EDGE('',*,*,#3773,.T.);
#940=ORIENTED_EDGE('',*,*,#3774,.T.);
#941=ORIENTED_EDGE('',*,*,#3775,.T.);
#942=ORIENTED_EDGE('',*,*,#3776,.T.);
#943=ORIENTED_EDGE('',*,*,#3777,.T.);
#944=ORIENTED_EDGE('',*,*,#3778,.T.);
#945=ORIENTED_EDGE('',*,*,#3779,.T.);
#946=ORIENTED_EDGE('',*,*,#3780,.T.);
#947=ORIENTED_EDGE('',*,*,#3781,.T.);
#948=ORIENTED_EDGE('',*,*,#3782,.T.);
#949=ORIENTED_EDGE('',*,*,#3783,.T.);
#950=ORIENTED_EDGE('',*,*,#3784,.T.);
#951=ORIENTED_EDGE('',*,*,#3785,.T.);
#952=ORIENTED_EDGE('',*,*,#3786,.T.);
#953=ORIENTED_EDGE('',*,*,#3787,.T.);
#954=ORIENTED_EDGE('',*,*,#3788,.T.);
#955=ORIENTED_EDGE('',*,*,#3789,.T.);
#956=ORIENTED_EDGE('',*,*,#3790,.T.);
#957=ORIENTED_EDGE('',*,*,#3791,.T.);
#958=ORIENTED_EDGE('',*,*,#3792,.T.);
#959=ORIENTED_EDGE('',*,*,#3793,.T.);
#960=ORIENTED_EDGE('',*,*,#3794,.T.);
#961=ORIENTED_EDGE('',*,*,#3795,.T.);
#962=ORIENTED_EDGE('',*,*,#3796,.T.);
#963=ORIENTED_EDGE('',*,*,#3797,.T.);
#964=ORIENTED_EDGE('',*,*,#3798,.T.);
#965=ORIENTED_EDGE('',*,*,#3799,.T.);
#966=ORIENTED_EDGE('',*,*,#3800,.T.);
#967=ORIENTED_EDGE('',*,*,#3801,.T.);
#968=ORIENTED_EDGE('',*,*,#3802,.T.);
#969=ORIENTED_EDGE('',*,*,#3803,.T.);
#970=ORIENTED_EDGE('',*,*,#3804,.T.);
#971=ORIENTED_EDGE('',*,*,#3805,.T.);
#972=ORIENTED_EDGE('',*,*,#3806,.T.);
#973=ORIENTED_EDGE('',*,*,#3807,.T.);
#974=ORIENTED_EDGE('',*,*,#3808,.T.);
#975=ORIENTED_EDGE('',*,*,#3809,.T.);
#976=ORIENTED_EDGE('',*,*,#3810,.T.);
#977=ORIENTED_EDGE('',*,*,#3811,.T.);
#978=ORIENTED_EDGE('',*,*,#3812,.T.);
#979=ORIENTED_EDGE('',*,*,#3813,.T.);
#980=ORIENTED_EDGE('',*,*,#3814,.T.);
#981=ORIENTED_EDGE('',*,*,#3815,.T.);
#982=ORIENTED_EDGE('',*,*,#3816,.T.);
#983=ORIENTED_EDGE('',*,*,#3817,.T.);
#984=ORIENTED_EDGE('',*,*,#3818,.T.);
#985=ORIENTED_EDGE('',*,*,#3819,.T.);
#986=ORIENTED_EDGE('',*,*,#3820,.T.);
#987=ORIENTED_EDGE('',*,*,#3821,.T.);
#988=ORIENTED_EDGE('',*,*,#3822,.T.);
#989=ORIENTED_EDGE('',*,*,#3823,.T.);
#990=ORIENTED_EDGE('',*,*,#3824,.T.);
#991=ORIENTED_EDGE('',*,*,#3825,.T.);
#992=ORIENTED_EDGE('',*,*,#3826,.T.);
#993=ORIENTED_EDGE('',*,*,#3827,.T.);
#994=ORIENTED_EDGE('',*,*,#3828,.T.);
#995=ORIENTED_EDGE('',*,*,#3829,.T.);
#996=ORIENTED_EDGE('',*,*,#3830,.T.);
#997=ORIENTED_EDGE('',*,*,#3831,.T.);
#998=ORIENTED_EDGE('',*,*,#3832,.T.);
#999=ORIENTED_EDGE('',*,*,#3833,.T.);
#1000=ORIENTED_EDGE('',*,*,#3834,.T.);
#1001=ORIENTED_EDGE('',*,*,#3835,.T.);
#1002=ORIENTED_EDGE('',*,*,#3836,.T.);
#1003=ORIENTED_EDGE('',*,*,#3837,.T.);
#1004=ORIENTED_EDGE('',*,*,#3838,.T.);
#1005=ORIENTED_EDGE('',*,*,#3839,.T.);
#1006=ORIENTED_EDGE('',*,*,#3840,.T.);
#1007=ORIENTED_EDGE('',*,*,#3841,.T.);
#1008=ORIENTED_EDGE('',*,*,#3842,.T.);
#1009=ORIENTED_EDGE('',*,*,#3843,.T.);
#1010=ORIENTED_EDGE('',*,*,#3844,.T.);
#1011=ORIENTED_EDGE('',*,*,#3845,.T.);
#1012=ORIENTED_EDGE('',*,*,#3846,.T.);
#1013=ORIENTED_EDGE('',*,*,#3847,.T.);
#1014=ORIENTED_EDGE('',*,*,#3848,.T.);
#1015=ORIENTED_EDGE('',*,*,#3849,.T.);
#1016=ORIENTED_EDGE('',*,*,#3850,.T.);
#1017=ORIENTED_EDGE('',*,*,#3851,.T.);
#1018=ORIENTED_EDGE('',*,*,#3852,.T.);
#1019=ORIENTED_EDGE('',*,*,#3853,.T.);
#1020=ORIENTED_EDGE('',*,*,#3854,.T.);
#1021=ORIENTED_EDGE('',*,*,#3855,.T.);
#1022=ORIENTED_EDGE('',*,*,#3856,.T.);
#1023=ORIENTED_EDGE('',*,*,#3857,.T.);
#1024=ORIENTED_EDGE('',*,*,#3858,.T.);
#1025=ORIENTED_EDGE('',*,*,#3859,.T.);
#1026=ORIENTED_EDGE('',*,*,#3860,.T.);
#1027=ORIENTED_EDGE('',*,*,#3861,.T.);
#1028=ORIENTED_EDGE('',*,*,#3862,.T.);
#1029=ORIENTED_EDGE('',*,*,#3863,.T.);
#1030=ORIENTED_EDGE('',*,*,#3864,.T.);
#1031=ORIENTED_EDGE('',*,*,#3865,.T.);
#1032=ORIENTED_EDGE('',*,*,#3866,.T.);
#1033=ORIENTED_EDGE('',*,*,#3867,.T.);
#1034=ORIENTED_EDGE('',*,*,#3868,.T.);
#1035=ORIENTED_EDGE('',*,*,#3869,.T.);
#1036=ORIENTED_EDGE('',*,*,#3870,.T.);
#1037=ORIENTED_EDGE('',*,*,#3871,.T.);
#1038=ORIENTED_EDGE('',*,*,#3872,.T.);
#1039=ORIENTED_EDGE('',*,*,#3873,.T.);
#1040=ORIENTED_EDGE('',*,*,#3874,.T.);
#1041=ORIENTED_EDGE('',*,*,#3875,.T.);
#1042=ORIENTED_EDGE('',*,*,#3876,.T.);
#1043=ORIENTED_EDGE('',*,*,#3877,.T.);
#1044=ORIENTED_EDGE('',*,*,#3878,.T.);
#1045=ORIENTED_EDGE('',*,*,#3879,.T.);
#1046=ORIENTED_EDGE('',*,*,#3880,.T.);
#1047=ORIENTED_EDGE('',*,*,#3881,.T.);
#1048=ORIENTED_EDGE('',*,*,#3882,.T.);
#1049=ORIENTED_EDGE('',*,*,#3883,.T.);
#1050=ORIENTED_EDGE('',*,*,#3884,.T.);
#1051=ORIENTED_EDGE('',*,*,#3885,.T.);
#1052=ORIENTED_EDGE('',*,*,#3886,.T.);
#1053=ORIENTED_EDGE('',*,*,#3887,.T.);
#1054=ORIENTED_EDGE('',*,*,#3888,.T.);
#1055=ORIENTED_EDGE('',*,*,#3889,.T.);
#1056=ORIENTED_EDGE('',*,*,#3890,.T.);
#1057=ORIENTED_EDGE('',*,*,#3891,.T.);
#1058=ORIENTED_EDGE('',*,*,#3892,.T.);
#1059=ORIENTED_EDGE('',*,*,#3893,.T.);
#1060=ORIENTED_EDGE('',*,*,#3894,.T.);
#1061=ORIENTED_EDGE('',*,*,#3895,.T.);
#1062=ORIENTED_EDGE('',*,*,#3896,.T.);
#1063=ORIENTED_EDGE('',*,*,#3897,.T.);
#1064=ORIENTED_EDGE('',*,*,#3898,.T.);
#1065=ORIENTED_EDGE('',*,*,#3899,.T.);
#1066=ORIENTED_EDGE('',*,*,#3900,.T.);
#1067=ORIENTED_EDGE('',*,*,#3901,.T.);
#1068=ORIENTED_EDGE('',*,*,#3902,.T.);
#1069=ORIENTED_EDGE('',*,*,#3903,.T.);
#1070=ORIENTED_EDGE('',*,*,#3904,.T.);
#1071=ORIENTED_EDGE('',*,*,#3905,.T.);
#1072=ORIENTED_EDGE('',*,*,#3906,.T.);
#1073=ORIENTED_EDGE('',*,*,#3907,.T.);
#1074=ORIENTED_EDGE('',*,*,#3908,.T.);
#1075=ORIENTED_EDGE('',*,*,#3909,.T.);
#1076=ORIENTED_EDGE('',*,*,#3910,.T.);
#1077=ORIENTED_EDGE('',*,*,#3911,.T.);
#1078=ORIENTED_EDGE('',*,*,#3912,.T.);
#1079=ORIENTED_EDGE('',*,*,#3913,.T.);
#1080=ORIENTED_EDGE('',*,*,#3914,.T.);
#1081=ORIENTED_EDGE('',*,*,#3915,.T.);
#1082=ORIENTED_EDGE('',*,*,#3916,.T.);
#1083=ORIENTED_EDGE('',*,*,#3917,.T.);
#1084=ORIENTED_EDGE('',*,*,#3918,.T.);
#1085=ORIENTED_EDGE('',*,*,#3919,.T.);
#1086=ORIENTED_EDGE('',*,*,#3920,.T.);
#1087=ORIENTED_EDGE('',*,*,#3921,.T.);
#1088=ORIENTED_EDGE('',*,*,#3922,.T.);
#1089=ORIENTED_EDGE('',*,*,#3923,.T.);
#1090=ORIENTED_EDGE('',*,*,#3924,.T.);
#1091=ORIENTED_EDGE('',*,*,#3925,.T.);
#1092=ORIENTED_EDGE('',*,*,#3926,.T.);
#1093=ORIENTED_EDGE('',*,*,#3927,.T.);
#1094=ORIENTED_EDGE('',*,*,#3928,.T.);
#1095=ORIENTED_EDGE('',*,*,#3929,.T.);
#1096=ORIENTED_EDGE('',*,*,#3930,.T.);
#1097=ORIENTED_EDGE('',*,*,#3931,.T.);
#1098=ORIENTED_EDGE('',*,*,#3932,.T.);
#1099=ORIENTED_EDGE('',*,*,#3933,.T.);
#1100=ORIENTED_EDGE('',*,*,#3934,.T.);
#1101=ORIENTED_EDGE('',*,*,#3935,.T.);
#1102=ORIENTED_EDGE('',*,*,#3936,.T.);
#1103=ORIENTED_EDGE('',*,*,#3937,.T.);
#1104=ORIENTED_EDGE('',*,*,#3938,.T.);
#1105=ORIENTED_EDGE('',*,*,#3939,.T.);
#1106=ORIENTED_EDGE('',*,*,#3940,.T.);
#1107=ORIENTED_EDGE('',*,*,#3941,.T.);
#1108=ORIENTED_EDGE('',*,*,#3942,.T.);
#1109=ORIENTED_EDGE('',*,*,#3943,.T.);
#1110=ORIENTED_EDGE('',*,*,#3944,.T.);
#1111=ORIENTED_EDGE('',*,*,#3945,.T.);
#1112=ORIENTED_EDGE('',*,*,#3946,.T.);
#1113=ORIENTED_EDGE('',*,*,#3947,.T.);
#1114=ORIENTED_EDGE('',*,*,#3948,.T.);
#1115=ORIENTED_EDGE('',*,*,#3949,.T.);
#1116=ORIENTED_EDGE('',*,*,#3950,.T.);
#1117=ORIENTED_EDGE('',*,*,#3951,.T.);
#1118=ORIENTED_EDGE('',*,*,#3952,.T.);
#1119=ORIENTED_EDGE('',*,*,#3953,.T.);
#1120=ORIENTED_EDGE('',*,*,#3954,.T.);
#1121=ORIENTED_EDGE('',*,*,#3955,.T.);
#1122=ORIENTED_EDGE('',*,*,#3956,.T.);
#1123=ORIENTED_EDGE('',*,*,#3957,.T.);
#1124=ORIENTED_EDGE('',*,*,#3958,.T.);
#1125=ORIENTED_EDGE('',*,*,#3959,.T.);
#1126=ORIENTED_EDGE('',*,*,#3960,.T.);
#1127=ORIENTED_EDGE('',*,*,#3961,.T.);
#1128=ORIENTED_EDGE('',*,*,#3962,.T.);
#1129=ORIENTED_EDGE('',*,*,#3963,.T.);
#1130=ORIENTED_EDGE('',*,*,#3964,.T.);
#1131=ORIENTED_EDGE('',*,*,#3965,.T.);
#1132=ORIENTED_EDGE('',*,*,#3966,.T.);
#1133=ORIENTED_EDGE('',*,*,#3967,.T.);
#1134=ORIENTED_EDGE('',*,*,#3968,.T.);
#1135=ORIENTED_EDGE('',*,*,#3969,.T.);
#1136=ORIENTED_EDGE('',*,*,#3970,.T.);
#1137=ORIENTED_EDGE('',*,*,#3971,.T.);
#1138=ORIENTED_EDGE('',*,*,#3972,.T.);
#1139=ORIENTED_EDGE('',*,*,#3973,.T.);
#1140=ORIENTED_EDGE('',*,*,#3974,.T.);
#1141=ORIENTED_EDGE('',*,*,#3975,.T.);
#1142=ORIENTED_EDGE('',*,*,#3976,.T.);
#1143=ORIENTED_EDGE('',*,*,#3977,.T.);
#1144=ORIENTED_EDGE('',*,*,#3978,.T.);
#1145=ORIENTED_EDGE('',*,*,#3979,.T.);
#1146=ORIENTED_EDGE('',*,*,#3980,.T.);
#1147=ORIENTED_EDGE('',*,*,#3981,.T.);
#1148=ORIENTED_EDGE('',*,*,#3982,.T.);
#1149=ORIENTED_EDGE('',*,*,#3983,.T.);
#1150=ORIENTED_EDGE('',*,*,#3984,.T.);
#1151=ORIENTED_EDGE('',*,*,#3985,.T.);
#1152=ORIENTED_EDGE('',*,*,#3986,.T.);
#1153=ORIENTED_EDGE('',*,*,#3987,.T.);
#1154=ORIENTED_EDGE('',*,*,#3988,.T.);
#1155=ORIENTED_EDGE('',*,*,#3989,.T.);
#1156=ORIENTED_EDGE('',*,*,#3990,.T.);
#1157=ORIENTED_EDGE('',*,*,#3991,.T.);
#1158=ORIENTED_EDGE('',*,*,#3992,.T.);
#1159=ORIENTED_EDGE('',*,*,#3993,.T.);
#1160=ORIENTED_EDGE('',*,*,#3994,.T.);
#1161=ORIENTED_EDGE('',*,*,#3995,.T.);
#1162=ORIENTED_EDGE('',*,*,#3996,.T.);
#1163=ORIENTED_EDGE('',*,*,#3997,.T.);
#1164=ORIENTED_EDGE('',*,*,#3998,.T.);
#1165=ORIENTED_EDGE('',*,*,#3999,.T.);
#1166=ORIENTED_EDGE('',*,*,#4000,.T.);
#1167=ORIENTED_EDGE('',*,*,#4001,.T.);
#1168=ORIENTED_EDGE('',*,*,#4002,.T.);
#1169=ORIENTED_EDGE('',*,*,#4003,.T.);
#1170=ORIENTED_EDGE('',*,*,#4004,.T.);
#1171=ORIENTED_EDGE('',*,*,#4005,.T.);
#1172=ORIENTED_EDGE('',*,*,#4006,.T.);
#1173=ORIENTED_EDGE('',*,*,#4007,.T.);
#1174=ORIENTED_EDGE('',*,*,#4008,.T.);
#1175=ORIENTED_EDGE('',*,*,#4009,.T.);
#1176=ORIENTED_EDGE('',*,*,#4010,.T.);
#1177=ORIENTED_EDGE('',*,*,#4011,.T.);
#1178=ORIENTED_EDGE('',*,*,#4012,.T.);
#1179=ORIENTED_EDGE('',*,*,#4013,.T.);
#1180=ORIENTED_EDGE('',*,*,#4014,.T.);
#1181=ORIENTED_EDGE('',*,*,#4015,.T.);
#1182=ORIENTED_EDGE('',*,*,#4016,.T.);
#1183=ORIENTED_EDGE('',*,*,#4017,.T.);
#1184=ORIENTED_EDGE('',*,*,#4018,.T.);
#1185=ORIENTED_EDGE('',*,*,#4019,.T.);
#1186=ORIENTED_EDGE('',*,*,#4020,.F.);
#1187=ORIENTED_EDGE('',*,*,#4021,.T.);
#1188=ORIENTED_EDGE('',*,*,#4022,.T.);
#1189=ORIENTED_EDGE('',*,*,#4023,.F.);
#1190=ORIENTED_EDGE('',*,*,#4024,.F.);
#1191=ORIENTED_EDGE('',*,*,#4025,.T.);
#1192=ORIENTED_EDGE('',*,*,#4026,.T.);
#1193=ORIENTED_EDGE('',*,*,#4027,.F.);
#1194=ORIENTED_EDGE('',*,*,#4028,.T.);
#1195=ORIENTED_EDGE('',*,*,#4029,.T.);
#1196=ORIENTED_EDGE('',*,*,#4030,.T.);
#1197=ORIENTED_EDGE('',*,*,#4031,.T.);
#1198=ORIENTED_EDGE('',*,*,#4032,.T.);
#1199=ORIENTED_EDGE('',*,*,#4033,.F.);
#1200=ORIENTED_EDGE('',*,*,#4034,.T.);
#1201=ORIENTED_EDGE('',*,*,#4035,.T.);
#1202=ORIENTED_EDGE('',*,*,#4036,.T.);
#1203=ORIENTED_EDGE('',*,*,#4037,.T.);
#1204=ORIENTED_EDGE('',*,*,#4038,.F.);
#1205=ORIENTED_EDGE('',*,*,#4039,.T.);
#1206=ORIENTED_EDGE('',*,*,#4030,.F.);
#1207=ORIENTED_EDGE('',*,*,#4040,.T.);
#1208=ORIENTED_EDGE('',*,*,#4041,.T.);
#1209=ORIENTED_EDGE('',*,*,#4042,.T.);
#1210=ORIENTED_EDGE('',*,*,#4043,.F.);
#1211=ORIENTED_EDGE('',*,*,#4044,.F.);
#1212=ORIENTED_EDGE('',*,*,#4045,.T.);
#1213=ORIENTED_EDGE('',*,*,#4046,.F.);
#1214=ORIENTED_EDGE('',*,*,#4026,.F.);
#1215=ORIENTED_EDGE('',*,*,#4047,.T.);
#1216=ORIENTED_EDGE('',*,*,#4032,.F.);
#1217=ORIENTED_EDGE('',*,*,#4048,.F.);
#1218=ORIENTED_EDGE('',*,*,#4049,.F.);
#1219=ORIENTED_EDGE('',*,*,#4050,.F.);
#1220=ORIENTED_EDGE('',*,*,#4033,.T.);
#1221=ORIENTED_EDGE('',*,*,#4051,.F.);
#1222=ORIENTED_EDGE('',*,*,#4052,.T.);
#1223=ORIENTED_EDGE('',*,*,#4052,.F.);
#1224=ORIENTED_EDGE('',*,*,#4051,.T.);
#1225=ORIENTED_EDGE('',*,*,#4048,.T.);
#1226=ORIENTED_EDGE('',*,*,#4053,.F.);
#1227=ORIENTED_EDGE('',*,*,#4053,.T.);
#1228=ORIENTED_EDGE('',*,*,#4054,.F.);
#1229=ORIENTED_EDGE('',*,*,#4055,.T.);
#1230=ORIENTED_EDGE('',*,*,#4055,.F.);
#1231=ORIENTED_EDGE('',*,*,#4054,.T.);
#1232=ORIENTED_EDGE('',*,*,#4049,.T.);
#1233=ORIENTED_EDGE('',*,*,#4056,.F.);
#1234=ORIENTED_EDGE('',*,*,#4056,.T.);
#1235=ORIENTED_EDGE('',*,*,#4057,.F.);
#1236=ORIENTED_EDGE('',*,*,#4058,.T.);
#1237=ORIENTED_EDGE('',*,*,#4058,.F.);
#1238=ORIENTED_EDGE('',*,*,#4057,.T.);
#1239=ORIENTED_EDGE('',*,*,#4050,.T.);
#1240=ORIENTED_EDGE('',*,*,#4059,.F.);
#1241=ORIENTED_EDGE('',*,*,#4059,.T.);
#1242=ORIENTED_EDGE('',*,*,#4060,.F.);
#1243=ORIENTED_EDGE('',*,*,#4061,.T.);
#1244=ORIENTED_EDGE('',*,*,#4061,.F.);
#1245=ORIENTED_EDGE('',*,*,#4060,.T.);
#1246=ORIENTED_EDGE('',*,*,#4062,.T.);
#1247=ORIENTED_EDGE('',*,*,#4063,.T.);
#1248=ORIENTED_EDGE('',*,*,#4034,.F.);
#1249=ORIENTED_EDGE('',*,*,#4064,.T.);
#1250=ORIENTED_EDGE('',*,*,#4036,.F.);
#1251=ORIENTED_EDGE('',*,*,#4065,.T.);
#1252=ORIENTED_EDGE('',*,*,#4066,.T.);
#1253=ORIENTED_EDGE('',*,*,#4067,.T.);
#1254=ORIENTED_EDGE('',*,*,#4021,.F.);
#1255=ORIENTED_EDGE('',*,*,#4068,.F.);
#1256=ORIENTED_EDGE('',*,*,#4044,.T.);
#1257=ORIENTED_EDGE('',*,*,#4069,.T.);
#1258=ORIENTED_EDGE('',*,*,#4070,.F.);
#1259=ORIENTED_EDGE('',*,*,#4071,.T.);
#1260=ORIENTED_EDGE('',*,*,#4045,.F.);
#1261=ORIENTED_EDGE('',*,*,#4068,.T.);
#1262=ORIENTED_EDGE('',*,*,#4020,.T.);
#1263=ORIENTED_EDGE('',*,*,#4072,.F.);
#1264=ORIENTED_EDGE('',*,*,#4041,.F.);
#1265=ORIENTED_EDGE('',*,*,#4073,.F.);
#1266=ORIENTED_EDGE('',*,*,#4072,.T.);
#1267=ORIENTED_EDGE('',*,*,#4023,.T.);
#1268=ORIENTED_EDGE('',*,*,#4074,.F.);
#1269=ORIENTED_EDGE('',*,*,#4042,.F.);
#1270=ORIENTED_EDGE('',*,*,#4022,.F.);
#1271=ORIENTED_EDGE('',*,*,#4069,.F.);
#1272=ORIENTED_EDGE('',*,*,#4043,.T.);
#1273=ORIENTED_EDGE('',*,*,#4074,.T.);
#1274=ORIENTED_EDGE('',*,*,#4075,.F.);
#1275=ORIENTED_EDGE('',*,*,#4076,.T.);
#1276=ORIENTED_EDGE('',*,*,#4038,.T.);
#1277=ORIENTED_EDGE('',*,*,#4077,.T.);
#1278=ORIENTED_EDGE('',*,*,#4066,.F.);
#1279=ORIENTED_EDGE('',*,*,#4078,.T.);
#1280=ORIENTED_EDGE('',*,*,#4062,.F.);
#1281=ORIENTED_EDGE('',*,*,#4079,.T.);
#1282=ORIENTED_EDGE('',*,*,#4024,.T.);
#1283=ORIENTED_EDGE('',*,*,#4080,.T.);
#1284=ORIENTED_EDGE('',*,*,#4075,.T.);
#1285=ORIENTED_EDGE('',*,*,#4081,.T.);
#1286=ORIENTED_EDGE('',*,*,#4046,.T.);
#1287=ORIENTED_EDGE('',*,*,#4071,.F.);
#1288=ORIENTED_EDGE('',*,*,#4082,.F.);
#1289=ORIENTED_EDGE('',*,*,#4027,.T.);
#1290=ORIENTED_EDGE('',*,*,#4040,.F.);
#1291=ORIENTED_EDGE('',*,*,#4029,.F.);
#1292=ORIENTED_EDGE('',*,*,#4083,.T.);
#1293=ORIENTED_EDGE('',*,*,#4073,.T.);
#1294=ORIENTED_EDGE('',*,*,#4028,.F.);
#1295=ORIENTED_EDGE('',*,*,#4082,.T.);
#1296=ORIENTED_EDGE('',*,*,#4070,.T.);
#1297=ORIENTED_EDGE('',*,*,#4083,.F.);
#1298=ORIENTED_EDGE('',*,*,#4035,.F.);
#1299=ORIENTED_EDGE('',*,*,#4063,.F.);
#1300=ORIENTED_EDGE('',*,*,#4078,.F.);
#1301=ORIENTED_EDGE('',*,*,#4065,.F.);
#1302=ORIENTED_EDGE('',*,*,#4047,.F.);
#1303=ORIENTED_EDGE('',*,*,#4025,.F.);
#1304=ORIENTED_EDGE('',*,*,#4079,.F.);
#1305=ORIENTED_EDGE('',*,*,#4064,.F.);
#1306=ORIENTED_EDGE('',*,*,#4039,.F.);
#1307=ORIENTED_EDGE('',*,*,#4076,.F.);
#1308=ORIENTED_EDGE('',*,*,#4080,.F.);
#1309=ORIENTED_EDGE('',*,*,#4031,.F.);
#1310=ORIENTED_EDGE('',*,*,#4037,.F.);
#1311=ORIENTED_EDGE('',*,*,#4067,.F.);
#1312=ORIENTED_EDGE('',*,*,#4081,.F.);
#1313=ORIENTED_EDGE('',*,*,#4077,.F.);
#1314=ORIENTED_EDGE('',*,*,#4084,.F.);
#1315=ORIENTED_EDGE('',*,*,#4085,.F.);
#1316=ORIENTED_EDGE('',*,*,#4086,.T.);
#1317=ORIENTED_EDGE('',*,*,#4087,.T.);
#1318=ORIENTED_EDGE('',*,*,#4088,.F.);
#1319=ORIENTED_EDGE('',*,*,#4089,.F.);
#1320=ORIENTED_EDGE('',*,*,#4090,.T.);
#1321=ORIENTED_EDGE('',*,*,#4085,.T.);
#1322=ORIENTED_EDGE('',*,*,#4091,.F.);
#1323=ORIENTED_EDGE('',*,*,#4092,.F.);
#1324=ORIENTED_EDGE('',*,*,#4093,.T.);
#1325=ORIENTED_EDGE('',*,*,#4089,.T.);
#1326=ORIENTED_EDGE('',*,*,#4094,.F.);
#1327=ORIENTED_EDGE('',*,*,#4095,.F.);
#1328=ORIENTED_EDGE('',*,*,#4096,.T.);
#1329=ORIENTED_EDGE('',*,*,#4092,.T.);
#1330=ORIENTED_EDGE('',*,*,#4097,.F.);
#1331=ORIENTED_EDGE('',*,*,#4098,.F.);
#1332=ORIENTED_EDGE('',*,*,#4099,.T.);
#1333=ORIENTED_EDGE('',*,*,#4095,.T.);
#1334=ORIENTED_EDGE('',*,*,#4100,.F.);
#1335=ORIENTED_EDGE('',*,*,#4101,.F.);
#1336=ORIENTED_EDGE('',*,*,#4102,.T.);
#1337=ORIENTED_EDGE('',*,*,#4098,.T.);
#1338=ORIENTED_EDGE('',*,*,#4103,.F.);
#1339=ORIENTED_EDGE('',*,*,#4104,.F.);
#1340=ORIENTED_EDGE('',*,*,#4105,.T.);
#1341=ORIENTED_EDGE('',*,*,#4101,.T.);
#1342=ORIENTED_EDGE('',*,*,#4106,.F.);
#1343=ORIENTED_EDGE('',*,*,#4107,.F.);
#1344=ORIENTED_EDGE('',*,*,#4108,.T.);
#1345=ORIENTED_EDGE('',*,*,#4104,.T.);
#1346=ORIENTED_EDGE('',*,*,#4005,.F.);
#1347=ORIENTED_EDGE('',*,*,#4109,.F.);
#1348=ORIENTED_EDGE('',*,*,#4110,.T.);
#1349=ORIENTED_EDGE('',*,*,#4111,.T.);
#1350=ORIENTED_EDGE('',*,*,#4019,.F.);
#1351=ORIENTED_EDGE('',*,*,#4112,.F.);
#1352=ORIENTED_EDGE('',*,*,#4113,.T.);
#1353=ORIENTED_EDGE('',*,*,#4109,.T.);
#1354=ORIENTED_EDGE('',*,*,#4018,.F.);
#1355=ORIENTED_EDGE('',*,*,#4114,.F.);
#1356=ORIENTED_EDGE('',*,*,#4115,.T.);
#1357=ORIENTED_EDGE('',*,*,#4112,.T.);
#1358=ORIENTED_EDGE('',*,*,#4017,.F.);
#1359=ORIENTED_EDGE('',*,*,#4116,.F.);
#1360=ORIENTED_EDGE('',*,*,#4117,.T.);
#1361=ORIENTED_EDGE('',*,*,#4114,.T.);
#1362=ORIENTED_EDGE('',*,*,#4016,.F.);
#1363=ORIENTED_EDGE('',*,*,#4118,.F.);
#1364=ORIENTED_EDGE('',*,*,#4119,.T.);
#1365=ORIENTED_EDGE('',*,*,#4116,.T.);
#1366=ORIENTED_EDGE('',*,*,#4015,.F.);
#1367=ORIENTED_EDGE('',*,*,#4120,.F.);
#1368=ORIENTED_EDGE('',*,*,#4121,.T.);
#1369=ORIENTED_EDGE('',*,*,#4118,.T.);
#1370=ORIENTED_EDGE('',*,*,#4014,.F.);
#1371=ORIENTED_EDGE('',*,*,#4122,.F.);
#1372=ORIENTED_EDGE('',*,*,#4123,.T.);
#1373=ORIENTED_EDGE('',*,*,#4120,.T.);
#1374=ORIENTED_EDGE('',*,*,#4013,.F.);
#1375=ORIENTED_EDGE('',*,*,#4124,.F.);
#1376=ORIENTED_EDGE('',*,*,#4125,.T.);
#1377=ORIENTED_EDGE('',*,*,#4122,.T.);
#1378=ORIENTED_EDGE('',*,*,#4012,.F.);
#1379=ORIENTED_EDGE('',*,*,#4126,.F.);
#1380=ORIENTED_EDGE('',*,*,#4127,.T.);
#1381=ORIENTED_EDGE('',*,*,#4124,.T.);
#1382=ORIENTED_EDGE('',*,*,#4011,.F.);
#1383=ORIENTED_EDGE('',*,*,#4128,.F.);
#1384=ORIENTED_EDGE('',*,*,#4129,.T.);
#1385=ORIENTED_EDGE('',*,*,#4126,.T.);
#1386=ORIENTED_EDGE('',*,*,#4010,.F.);
#1387=ORIENTED_EDGE('',*,*,#4130,.F.);
#1388=ORIENTED_EDGE('',*,*,#4131,.T.);
#1389=ORIENTED_EDGE('',*,*,#4128,.T.);
#1390=ORIENTED_EDGE('',*,*,#4009,.F.);
#1391=ORIENTED_EDGE('',*,*,#4132,.F.);
#1392=ORIENTED_EDGE('',*,*,#4133,.T.);
#1393=ORIENTED_EDGE('',*,*,#4130,.T.);
#1394=ORIENTED_EDGE('',*,*,#4008,.F.);
#1395=ORIENTED_EDGE('',*,*,#4134,.F.);
#1396=ORIENTED_EDGE('',*,*,#4135,.T.);
#1397=ORIENTED_EDGE('',*,*,#4132,.T.);
#1398=ORIENTED_EDGE('',*,*,#4007,.F.);
#1399=ORIENTED_EDGE('',*,*,#4136,.F.);
#1400=ORIENTED_EDGE('',*,*,#4137,.T.);
#1401=ORIENTED_EDGE('',*,*,#4134,.T.);
#1402=ORIENTED_EDGE('',*,*,#4006,.F.);
#1403=ORIENTED_EDGE('',*,*,#4111,.F.);
#1404=ORIENTED_EDGE('',*,*,#4138,.T.);
#1405=ORIENTED_EDGE('',*,*,#4136,.T.);
#1406=ORIENTED_EDGE('',*,*,#4139,.F.);
#1407=ORIENTED_EDGE('',*,*,#4087,.F.);
#1408=ORIENTED_EDGE('',*,*,#4140,.T.);
#1409=ORIENTED_EDGE('',*,*,#4107,.T.);
#1410=ORIENTED_EDGE('',*,*,#4110,.F.);
#1411=ORIENTED_EDGE('',*,*,#4113,.F.);
#1412=ORIENTED_EDGE('',*,*,#4115,.F.);
#1413=ORIENTED_EDGE('',*,*,#4117,.F.);
#1414=ORIENTED_EDGE('',*,*,#4119,.F.);
#1415=ORIENTED_EDGE('',*,*,#4121,.F.);
#1416=ORIENTED_EDGE('',*,*,#4123,.F.);
#1417=ORIENTED_EDGE('',*,*,#4125,.F.);
#1418=ORIENTED_EDGE('',*,*,#4127,.F.);
#1419=ORIENTED_EDGE('',*,*,#4129,.F.);
#1420=ORIENTED_EDGE('',*,*,#4131,.F.);
#1421=ORIENTED_EDGE('',*,*,#4133,.F.);
#1422=ORIENTED_EDGE('',*,*,#4135,.F.);
#1423=ORIENTED_EDGE('',*,*,#4137,.F.);
#1424=ORIENTED_EDGE('',*,*,#4138,.F.);
#1425=ORIENTED_EDGE('',*,*,#4086,.F.);
#1426=ORIENTED_EDGE('',*,*,#4090,.F.);
#1427=ORIENTED_EDGE('',*,*,#4093,.F.);
#1428=ORIENTED_EDGE('',*,*,#4096,.F.);
#1429=ORIENTED_EDGE('',*,*,#4099,.F.);
#1430=ORIENTED_EDGE('',*,*,#4102,.F.);
#1431=ORIENTED_EDGE('',*,*,#4105,.F.);
#1432=ORIENTED_EDGE('',*,*,#4108,.F.);
#1433=ORIENTED_EDGE('',*,*,#4140,.F.);
#1434=ORIENTED_EDGE('',*,*,#4084,.T.);
#1435=ORIENTED_EDGE('',*,*,#4139,.T.);
#1436=ORIENTED_EDGE('',*,*,#4106,.T.);
#1437=ORIENTED_EDGE('',*,*,#4103,.T.);
#1438=ORIENTED_EDGE('',*,*,#4100,.T.);
#1439=ORIENTED_EDGE('',*,*,#4097,.T.);
#1440=ORIENTED_EDGE('',*,*,#4094,.T.);
#1441=ORIENTED_EDGE('',*,*,#4091,.T.);
#1442=ORIENTED_EDGE('',*,*,#4088,.T.);
#1443=ORIENTED_EDGE('',*,*,#4141,.F.);
#1444=ORIENTED_EDGE('',*,*,#4142,.F.);
#1445=ORIENTED_EDGE('',*,*,#4143,.T.);
#1446=ORIENTED_EDGE('',*,*,#4144,.T.);
#1447=ORIENTED_EDGE('',*,*,#4145,.F.);
#1448=ORIENTED_EDGE('',*,*,#4146,.F.);
#1449=ORIENTED_EDGE('',*,*,#4147,.T.);
#1450=ORIENTED_EDGE('',*,*,#4142,.T.);
#1451=ORIENTED_EDGE('',*,*,#4148,.F.);
#1452=ORIENTED_EDGE('',*,*,#4149,.F.);
#1453=ORIENTED_EDGE('',*,*,#4150,.T.);
#1454=ORIENTED_EDGE('',*,*,#4146,.T.);
#1455=ORIENTED_EDGE('',*,*,#4151,.F.);
#1456=ORIENTED_EDGE('',*,*,#4152,.F.);
#1457=ORIENTED_EDGE('',*,*,#4153,.T.);
#1458=ORIENTED_EDGE('',*,*,#4149,.T.);
#1459=ORIENTED_EDGE('',*,*,#4154,.F.);
#1460=ORIENTED_EDGE('',*,*,#4155,.F.);
#1461=ORIENTED_EDGE('',*,*,#4156,.T.);
#1462=ORIENTED_EDGE('',*,*,#4152,.T.);
#1463=ORIENTED_EDGE('',*,*,#4157,.F.);
#1464=ORIENTED_EDGE('',*,*,#4158,.F.);
#1465=ORIENTED_EDGE('',*,*,#4159,.T.);
#1466=ORIENTED_EDGE('',*,*,#4155,.T.);
#1467=ORIENTED_EDGE('',*,*,#4160,.F.);
#1468=ORIENTED_EDGE('',*,*,#4161,.F.);
#1469=ORIENTED_EDGE('',*,*,#4162,.T.);
#1470=ORIENTED_EDGE('',*,*,#4158,.T.);
#1471=ORIENTED_EDGE('',*,*,#3986,.F.);
#1472=ORIENTED_EDGE('',*,*,#4163,.F.);
#1473=ORIENTED_EDGE('',*,*,#4164,.T.);
#1474=ORIENTED_EDGE('',*,*,#4165,.T.);
#1475=ORIENTED_EDGE('',*,*,#4004,.F.);
#1476=ORIENTED_EDGE('',*,*,#4166,.F.);
#1477=ORIENTED_EDGE('',*,*,#4167,.T.);
#1478=ORIENTED_EDGE('',*,*,#4163,.T.);
#1479=ORIENTED_EDGE('',*,*,#4003,.F.);
#1480=ORIENTED_EDGE('',*,*,#4168,.F.);
#1481=ORIENTED_EDGE('',*,*,#4169,.T.);
#1482=ORIENTED_EDGE('',*,*,#4166,.T.);
#1483=ORIENTED_EDGE('',*,*,#4002,.F.);
#1484=ORIENTED_EDGE('',*,*,#4170,.F.);
#1485=ORIENTED_EDGE('',*,*,#4171,.T.);
#1486=ORIENTED_EDGE('',*,*,#4168,.T.);
#1487=ORIENTED_EDGE('',*,*,#4001,.F.);
#1488=ORIENTED_EDGE('',*,*,#4172,.F.);
#1489=ORIENTED_EDGE('',*,*,#4173,.T.);
#1490=ORIENTED_EDGE('',*,*,#4170,.T.);
#1491=ORIENTED_EDGE('',*,*,#4000,.F.);
#1492=ORIENTED_EDGE('',*,*,#4174,.F.);
#1493=ORIENTED_EDGE('',*,*,#4175,.T.);
#1494=ORIENTED_EDGE('',*,*,#4172,.T.);
#1495=ORIENTED_EDGE('',*,*,#3999,.F.);
#1496=ORIENTED_EDGE('',*,*,#4176,.F.);
#1497=ORIENTED_EDGE('',*,*,#4177,.T.);
#1498=ORIENTED_EDGE('',*,*,#4174,.T.);
#1499=ORIENTED_EDGE('',*,*,#3998,.F.);
#1500=ORIENTED_EDGE('',*,*,#4178,.F.);
#1501=ORIENTED_EDGE('',*,*,#4179,.T.);
#1502=ORIENTED_EDGE('',*,*,#4176,.T.);
#1503=ORIENTED_EDGE('',*,*,#3997,.F.);
#1504=ORIENTED_EDGE('',*,*,#4180,.F.);
#1505=ORIENTED_EDGE('',*,*,#4181,.T.);
#1506=ORIENTED_EDGE('',*,*,#4178,.T.);
#1507=ORIENTED_EDGE('',*,*,#3996,.F.);
#1508=ORIENTED_EDGE('',*,*,#4182,.F.);
#1509=ORIENTED_EDGE('',*,*,#4183,.T.);
#1510=ORIENTED_EDGE('',*,*,#4180,.T.);
#1511=ORIENTED_EDGE('',*,*,#3995,.F.);
#1512=ORIENTED_EDGE('',*,*,#4184,.F.);
#1513=ORIENTED_EDGE('',*,*,#4185,.T.);
#1514=ORIENTED_EDGE('',*,*,#4182,.T.);
#1515=ORIENTED_EDGE('',*,*,#3994,.F.);
#1516=ORIENTED_EDGE('',*,*,#4186,.F.);
#1517=ORIENTED_EDGE('',*,*,#4187,.T.);
#1518=ORIENTED_EDGE('',*,*,#4184,.T.);
#1519=ORIENTED_EDGE('',*,*,#3993,.F.);
#1520=ORIENTED_EDGE('',*,*,#4188,.F.);
#1521=ORIENTED_EDGE('',*,*,#4189,.T.);
#1522=ORIENTED_EDGE('',*,*,#4186,.T.);
#1523=ORIENTED_EDGE('',*,*,#3992,.F.);
#1524=ORIENTED_EDGE('',*,*,#4190,.F.);
#1525=ORIENTED_EDGE('',*,*,#4191,.T.);
#1526=ORIENTED_EDGE('',*,*,#4188,.T.);
#1527=ORIENTED_EDGE('',*,*,#3991,.F.);
#1528=ORIENTED_EDGE('',*,*,#4192,.F.);
#1529=ORIENTED_EDGE('',*,*,#4193,.T.);
#1530=ORIENTED_EDGE('',*,*,#4190,.T.);
#1531=ORIENTED_EDGE('',*,*,#3990,.F.);
#1532=ORIENTED_EDGE('',*,*,#4194,.F.);
#1533=ORIENTED_EDGE('',*,*,#4195,.T.);
#1534=ORIENTED_EDGE('',*,*,#4192,.T.);
#1535=ORIENTED_EDGE('',*,*,#3989,.F.);
#1536=ORIENTED_EDGE('',*,*,#4196,.F.);
#1537=ORIENTED_EDGE('',*,*,#4197,.T.);
#1538=ORIENTED_EDGE('',*,*,#4194,.T.);
#1539=ORIENTED_EDGE('',*,*,#3988,.F.);
#1540=ORIENTED_EDGE('',*,*,#4198,.F.);
#1541=ORIENTED_EDGE('',*,*,#4199,.T.);
#1542=ORIENTED_EDGE('',*,*,#4196,.T.);
#1543=ORIENTED_EDGE('',*,*,#3987,.F.);
#1544=ORIENTED_EDGE('',*,*,#4165,.F.);
#1545=ORIENTED_EDGE('',*,*,#4200,.T.);
#1546=ORIENTED_EDGE('',*,*,#4198,.T.);
#1547=ORIENTED_EDGE('',*,*,#4201,.F.);
#1548=ORIENTED_EDGE('',*,*,#4144,.F.);
#1549=ORIENTED_EDGE('',*,*,#4202,.T.);
#1550=ORIENTED_EDGE('',*,*,#4161,.T.);
#1551=ORIENTED_EDGE('',*,*,#4164,.F.);
#1552=ORIENTED_EDGE('',*,*,#4167,.F.);
#1553=ORIENTED_EDGE('',*,*,#4169,.F.);
#1554=ORIENTED_EDGE('',*,*,#4171,.F.);
#1555=ORIENTED_EDGE('',*,*,#4173,.F.);
#1556=ORIENTED_EDGE('',*,*,#4175,.F.);
#1557=ORIENTED_EDGE('',*,*,#4177,.F.);
#1558=ORIENTED_EDGE('',*,*,#4179,.F.);
#1559=ORIENTED_EDGE('',*,*,#4181,.F.);
#1560=ORIENTED_EDGE('',*,*,#4183,.F.);
#1561=ORIENTED_EDGE('',*,*,#4185,.F.);
#1562=ORIENTED_EDGE('',*,*,#4187,.F.);
#1563=ORIENTED_EDGE('',*,*,#4189,.F.);
#1564=ORIENTED_EDGE('',*,*,#4191,.F.);
#1565=ORIENTED_EDGE('',*,*,#4193,.F.);
#1566=ORIENTED_EDGE('',*,*,#4195,.F.);
#1567=ORIENTED_EDGE('',*,*,#4197,.F.);
#1568=ORIENTED_EDGE('',*,*,#4199,.F.);
#1569=ORIENTED_EDGE('',*,*,#4200,.F.);
#1570=ORIENTED_EDGE('',*,*,#4143,.F.);
#1571=ORIENTED_EDGE('',*,*,#4147,.F.);
#1572=ORIENTED_EDGE('',*,*,#4150,.F.);
#1573=ORIENTED_EDGE('',*,*,#4153,.F.);
#1574=ORIENTED_EDGE('',*,*,#4156,.F.);
#1575=ORIENTED_EDGE('',*,*,#4159,.F.);
#1576=ORIENTED_EDGE('',*,*,#4162,.F.);
#1577=ORIENTED_EDGE('',*,*,#4202,.F.);
#1578=ORIENTED_EDGE('',*,*,#4141,.T.);
#1579=ORIENTED_EDGE('',*,*,#4201,.T.);
#1580=ORIENTED_EDGE('',*,*,#4160,.T.);
#1581=ORIENTED_EDGE('',*,*,#4157,.T.);
#1582=ORIENTED_EDGE('',*,*,#4154,.T.);
#1583=ORIENTED_EDGE('',*,*,#4151,.T.);
#1584=ORIENTED_EDGE('',*,*,#4148,.T.);
#1585=ORIENTED_EDGE('',*,*,#4145,.T.);
#1586=ORIENTED_EDGE('',*,*,#4203,.F.);
#1587=ORIENTED_EDGE('',*,*,#4204,.F.);
#1588=ORIENTED_EDGE('',*,*,#4205,.T.);
#1589=ORIENTED_EDGE('',*,*,#4206,.T.);
#1590=ORIENTED_EDGE('',*,*,#4207,.F.);
#1591=ORIENTED_EDGE('',*,*,#4208,.F.);
#1592=ORIENTED_EDGE('',*,*,#4209,.T.);
#1593=ORIENTED_EDGE('',*,*,#4204,.T.);
#1594=ORIENTED_EDGE('',*,*,#4210,.F.);
#1595=ORIENTED_EDGE('',*,*,#4211,.F.);
#1596=ORIENTED_EDGE('',*,*,#4212,.T.);
#1597=ORIENTED_EDGE('',*,*,#4208,.T.);
#1598=ORIENTED_EDGE('',*,*,#4213,.F.);
#1599=ORIENTED_EDGE('',*,*,#4214,.F.);
#1600=ORIENTED_EDGE('',*,*,#4215,.T.);
#1601=ORIENTED_EDGE('',*,*,#4211,.T.);
#1602=ORIENTED_EDGE('',*,*,#4216,.F.);
#1603=ORIENTED_EDGE('',*,*,#4217,.F.);
#1604=ORIENTED_EDGE('',*,*,#4218,.T.);
#1605=ORIENTED_EDGE('',*,*,#4214,.T.);
#1606=ORIENTED_EDGE('',*,*,#4219,.F.);
#1607=ORIENTED_EDGE('',*,*,#4220,.F.);
#1608=ORIENTED_EDGE('',*,*,#4221,.T.);
#1609=ORIENTED_EDGE('',*,*,#4217,.T.);
#1610=ORIENTED_EDGE('',*,*,#4222,.F.);
#1611=ORIENTED_EDGE('',*,*,#4223,.F.);
#1612=ORIENTED_EDGE('',*,*,#4224,.T.);
#1613=ORIENTED_EDGE('',*,*,#4220,.T.);
#1614=ORIENTED_EDGE('',*,*,#4225,.F.);
#1615=ORIENTED_EDGE('',*,*,#4226,.F.);
#1616=ORIENTED_EDGE('',*,*,#4227,.T.);
#1617=ORIENTED_EDGE('',*,*,#4223,.T.);
#1618=ORIENTED_EDGE('',*,*,#3970,.F.);
#1619=ORIENTED_EDGE('',*,*,#4228,.F.);
#1620=ORIENTED_EDGE('',*,*,#4229,.T.);
#1621=ORIENTED_EDGE('',*,*,#4230,.T.);
#1622=ORIENTED_EDGE('',*,*,#3985,.F.);
#1623=ORIENTED_EDGE('',*,*,#4231,.F.);
#1624=ORIENTED_EDGE('',*,*,#4232,.T.);
#1625=ORIENTED_EDGE('',*,*,#4228,.T.);
#1626=ORIENTED_EDGE('',*,*,#3984,.F.);
#1627=ORIENTED_EDGE('',*,*,#4233,.F.);
#1628=ORIENTED_EDGE('',*,*,#4234,.T.);
#1629=ORIENTED_EDGE('',*,*,#4231,.T.);
#1630=ORIENTED_EDGE('',*,*,#3983,.F.);
#1631=ORIENTED_EDGE('',*,*,#4235,.F.);
#1632=ORIENTED_EDGE('',*,*,#4236,.T.);
#1633=ORIENTED_EDGE('',*,*,#4233,.T.);
#1634=ORIENTED_EDGE('',*,*,#3982,.F.);
#1635=ORIENTED_EDGE('',*,*,#4237,.F.);
#1636=ORIENTED_EDGE('',*,*,#4238,.T.);
#1637=ORIENTED_EDGE('',*,*,#4235,.T.);
#1638=ORIENTED_EDGE('',*,*,#3981,.F.);
#1639=ORIENTED_EDGE('',*,*,#4239,.F.);
#1640=ORIENTED_EDGE('',*,*,#4240,.T.);
#1641=ORIENTED_EDGE('',*,*,#4237,.T.);
#1642=ORIENTED_EDGE('',*,*,#3980,.F.);
#1643=ORIENTED_EDGE('',*,*,#4241,.F.);
#1644=ORIENTED_EDGE('',*,*,#4242,.T.);
#1645=ORIENTED_EDGE('',*,*,#4239,.T.);
#1646=ORIENTED_EDGE('',*,*,#3979,.F.);
#1647=ORIENTED_EDGE('',*,*,#4243,.F.);
#1648=ORIENTED_EDGE('',*,*,#4244,.T.);
#1649=ORIENTED_EDGE('',*,*,#4241,.T.);
#1650=ORIENTED_EDGE('',*,*,#3978,.F.);
#1651=ORIENTED_EDGE('',*,*,#4245,.F.);
#1652=ORIENTED_EDGE('',*,*,#4246,.T.);
#1653=ORIENTED_EDGE('',*,*,#4243,.T.);
#1654=ORIENTED_EDGE('',*,*,#3977,.F.);
#1655=ORIENTED_EDGE('',*,*,#4247,.F.);
#1656=ORIENTED_EDGE('',*,*,#4248,.T.);
#1657=ORIENTED_EDGE('',*,*,#4245,.T.);
#1658=ORIENTED_EDGE('',*,*,#3976,.F.);
#1659=ORIENTED_EDGE('',*,*,#4249,.F.);
#1660=ORIENTED_EDGE('',*,*,#4250,.T.);
#1661=ORIENTED_EDGE('',*,*,#4247,.T.);
#1662=ORIENTED_EDGE('',*,*,#3975,.F.);
#1663=ORIENTED_EDGE('',*,*,#4251,.F.);
#1664=ORIENTED_EDGE('',*,*,#4252,.T.);
#1665=ORIENTED_EDGE('',*,*,#4249,.T.);
#1666=ORIENTED_EDGE('',*,*,#3974,.F.);
#1667=ORIENTED_EDGE('',*,*,#4253,.F.);
#1668=ORIENTED_EDGE('',*,*,#4254,.T.);
#1669=ORIENTED_EDGE('',*,*,#4251,.T.);
#1670=ORIENTED_EDGE('',*,*,#3973,.F.);
#1671=ORIENTED_EDGE('',*,*,#4255,.F.);
#1672=ORIENTED_EDGE('',*,*,#4256,.T.);
#1673=ORIENTED_EDGE('',*,*,#4253,.T.);
#1674=ORIENTED_EDGE('',*,*,#3972,.F.);
#1675=ORIENTED_EDGE('',*,*,#4257,.F.);
#1676=ORIENTED_EDGE('',*,*,#4258,.T.);
#1677=ORIENTED_EDGE('',*,*,#4255,.T.);
#1678=ORIENTED_EDGE('',*,*,#3971,.F.);
#1679=ORIENTED_EDGE('',*,*,#4230,.F.);
#1680=ORIENTED_EDGE('',*,*,#4259,.T.);
#1681=ORIENTED_EDGE('',*,*,#4257,.T.);
#1682=ORIENTED_EDGE('',*,*,#4260,.F.);
#1683=ORIENTED_EDGE('',*,*,#4206,.F.);
#1684=ORIENTED_EDGE('',*,*,#4261,.T.);
#1685=ORIENTED_EDGE('',*,*,#4226,.T.);
#1686=ORIENTED_EDGE('',*,*,#4229,.F.);
#1687=ORIENTED_EDGE('',*,*,#4232,.F.);
#1688=ORIENTED_EDGE('',*,*,#4234,.F.);
#1689=ORIENTED_EDGE('',*,*,#4236,.F.);
#1690=ORIENTED_EDGE('',*,*,#4238,.F.);
#1691=ORIENTED_EDGE('',*,*,#4240,.F.);
#1692=ORIENTED_EDGE('',*,*,#4242,.F.);
#1693=ORIENTED_EDGE('',*,*,#4244,.F.);
#1694=ORIENTED_EDGE('',*,*,#4246,.F.);
#1695=ORIENTED_EDGE('',*,*,#4248,.F.);
#1696=ORIENTED_EDGE('',*,*,#4250,.F.);
#1697=ORIENTED_EDGE('',*,*,#4252,.F.);
#1698=ORIENTED_EDGE('',*,*,#4254,.F.);
#1699=ORIENTED_EDGE('',*,*,#4256,.F.);
#1700=ORIENTED_EDGE('',*,*,#4258,.F.);
#1701=ORIENTED_EDGE('',*,*,#4259,.F.);
#1702=ORIENTED_EDGE('',*,*,#4205,.F.);
#1703=ORIENTED_EDGE('',*,*,#4209,.F.);
#1704=ORIENTED_EDGE('',*,*,#4212,.F.);
#1705=ORIENTED_EDGE('',*,*,#4215,.F.);
#1706=ORIENTED_EDGE('',*,*,#4218,.F.);
#1707=ORIENTED_EDGE('',*,*,#4221,.F.);
#1708=ORIENTED_EDGE('',*,*,#4224,.F.);
#1709=ORIENTED_EDGE('',*,*,#4227,.F.);
#1710=ORIENTED_EDGE('',*,*,#4261,.F.);
#1711=ORIENTED_EDGE('',*,*,#4203,.T.);
#1712=ORIENTED_EDGE('',*,*,#4260,.T.);
#1713=ORIENTED_EDGE('',*,*,#4225,.T.);
#1714=ORIENTED_EDGE('',*,*,#4222,.T.);
#1715=ORIENTED_EDGE('',*,*,#4219,.T.);
#1716=ORIENTED_EDGE('',*,*,#4216,.T.);
#1717=ORIENTED_EDGE('',*,*,#4213,.T.);
#1718=ORIENTED_EDGE('',*,*,#4210,.T.);
#1719=ORIENTED_EDGE('',*,*,#4207,.T.);
#1720=ORIENTED_EDGE('',*,*,#3955,.F.);
#1721=ORIENTED_EDGE('',*,*,#4262,.F.);
#1722=ORIENTED_EDGE('',*,*,#4263,.T.);
#1723=ORIENTED_EDGE('',*,*,#4264,.T.);
#1724=ORIENTED_EDGE('',*,*,#3969,.F.);
#1725=ORIENTED_EDGE('',*,*,#4265,.F.);
#1726=ORIENTED_EDGE('',*,*,#4266,.T.);
#1727=ORIENTED_EDGE('',*,*,#4262,.T.);
#1728=ORIENTED_EDGE('',*,*,#3968,.F.);
#1729=ORIENTED_EDGE('',*,*,#4267,.F.);
#1730=ORIENTED_EDGE('',*,*,#4268,.T.);
#1731=ORIENTED_EDGE('',*,*,#4265,.T.);
#1732=ORIENTED_EDGE('',*,*,#3967,.F.);
#1733=ORIENTED_EDGE('',*,*,#4269,.F.);
#1734=ORIENTED_EDGE('',*,*,#4270,.T.);
#1735=ORIENTED_EDGE('',*,*,#4267,.T.);
#1736=ORIENTED_EDGE('',*,*,#3966,.F.);
#1737=ORIENTED_EDGE('',*,*,#4271,.F.);
#1738=ORIENTED_EDGE('',*,*,#4272,.T.);
#1739=ORIENTED_EDGE('',*,*,#4269,.T.);
#1740=ORIENTED_EDGE('',*,*,#3965,.F.);
#1741=ORIENTED_EDGE('',*,*,#4273,.F.);
#1742=ORIENTED_EDGE('',*,*,#4274,.T.);
#1743=ORIENTED_EDGE('',*,*,#4271,.T.);
#1744=ORIENTED_EDGE('',*,*,#3964,.F.);
#1745=ORIENTED_EDGE('',*,*,#4275,.F.);
#1746=ORIENTED_EDGE('',*,*,#4276,.T.);
#1747=ORIENTED_EDGE('',*,*,#4273,.T.);
#1748=ORIENTED_EDGE('',*,*,#3963,.F.);
#1749=ORIENTED_EDGE('',*,*,#4277,.F.);
#1750=ORIENTED_EDGE('',*,*,#4278,.T.);
#1751=ORIENTED_EDGE('',*,*,#4275,.T.);
#1752=ORIENTED_EDGE('',*,*,#3962,.F.);
#1753=ORIENTED_EDGE('',*,*,#4279,.F.);
#1754=ORIENTED_EDGE('',*,*,#4280,.T.);
#1755=ORIENTED_EDGE('',*,*,#4277,.T.);
#1756=ORIENTED_EDGE('',*,*,#3961,.F.);
#1757=ORIENTED_EDGE('',*,*,#4281,.F.);
#1758=ORIENTED_EDGE('',*,*,#4282,.T.);
#1759=ORIENTED_EDGE('',*,*,#4279,.T.);
#1760=ORIENTED_EDGE('',*,*,#3960,.F.);
#1761=ORIENTED_EDGE('',*,*,#4283,.F.);
#1762=ORIENTED_EDGE('',*,*,#4284,.T.);
#1763=ORIENTED_EDGE('',*,*,#4281,.T.);
#1764=ORIENTED_EDGE('',*,*,#3959,.F.);
#1765=ORIENTED_EDGE('',*,*,#4285,.F.);
#1766=ORIENTED_EDGE('',*,*,#4286,.T.);
#1767=ORIENTED_EDGE('',*,*,#4283,.T.);
#1768=ORIENTED_EDGE('',*,*,#3958,.F.);
#1769=ORIENTED_EDGE('',*,*,#4287,.F.);
#1770=ORIENTED_EDGE('',*,*,#4288,.T.);
#1771=ORIENTED_EDGE('',*,*,#4285,.T.);
#1772=ORIENTED_EDGE('',*,*,#3957,.F.);
#1773=ORIENTED_EDGE('',*,*,#4289,.F.);
#1774=ORIENTED_EDGE('',*,*,#4290,.T.);
#1775=ORIENTED_EDGE('',*,*,#4287,.T.);
#1776=ORIENTED_EDGE('',*,*,#3956,.F.);
#1777=ORIENTED_EDGE('',*,*,#4264,.F.);
#1778=ORIENTED_EDGE('',*,*,#4291,.T.);
#1779=ORIENTED_EDGE('',*,*,#4289,.T.);
#1780=ORIENTED_EDGE('',*,*,#4263,.F.);
#1781=ORIENTED_EDGE('',*,*,#4266,.F.);
#1782=ORIENTED_EDGE('',*,*,#4268,.F.);
#1783=ORIENTED_EDGE('',*,*,#4270,.F.);
#1784=ORIENTED_EDGE('',*,*,#4272,.F.);
#1785=ORIENTED_EDGE('',*,*,#4274,.F.);
#1786=ORIENTED_EDGE('',*,*,#4276,.F.);
#1787=ORIENTED_EDGE('',*,*,#4278,.F.);
#1788=ORIENTED_EDGE('',*,*,#4280,.F.);
#1789=ORIENTED_EDGE('',*,*,#4282,.F.);
#1790=ORIENTED_EDGE('',*,*,#4284,.F.);
#1791=ORIENTED_EDGE('',*,*,#4286,.F.);
#1792=ORIENTED_EDGE('',*,*,#4288,.F.);
#1793=ORIENTED_EDGE('',*,*,#4290,.F.);
#1794=ORIENTED_EDGE('',*,*,#4291,.F.);
#1795=ORIENTED_EDGE('',*,*,#3940,.F.);
#1796=ORIENTED_EDGE('',*,*,#4292,.F.);
#1797=ORIENTED_EDGE('',*,*,#4293,.T.);
#1798=ORIENTED_EDGE('',*,*,#4294,.T.);
#1799=ORIENTED_EDGE('',*,*,#3954,.F.);
#1800=ORIENTED_EDGE('',*,*,#4295,.F.);
#1801=ORIENTED_EDGE('',*,*,#4296,.T.);
#1802=ORIENTED_EDGE('',*,*,#4292,.T.);
#1803=ORIENTED_EDGE('',*,*,#3953,.F.);
#1804=ORIENTED_EDGE('',*,*,#4297,.F.);
#1805=ORIENTED_EDGE('',*,*,#4298,.T.);
#1806=ORIENTED_EDGE('',*,*,#4295,.T.);
#1807=ORIENTED_EDGE('',*,*,#3952,.F.);
#1808=ORIENTED_EDGE('',*,*,#4299,.F.);
#1809=ORIENTED_EDGE('',*,*,#4300,.T.);
#1810=ORIENTED_EDGE('',*,*,#4297,.T.);
#1811=ORIENTED_EDGE('',*,*,#3951,.F.);
#1812=ORIENTED_EDGE('',*,*,#4301,.F.);
#1813=ORIENTED_EDGE('',*,*,#4302,.T.);
#1814=ORIENTED_EDGE('',*,*,#4299,.T.);
#1815=ORIENTED_EDGE('',*,*,#3950,.F.);
#1816=ORIENTED_EDGE('',*,*,#4303,.F.);
#1817=ORIENTED_EDGE('',*,*,#4304,.T.);
#1818=ORIENTED_EDGE('',*,*,#4301,.T.);
#1819=ORIENTED_EDGE('',*,*,#3949,.F.);
#1820=ORIENTED_EDGE('',*,*,#4305,.F.);
#1821=ORIENTED_EDGE('',*,*,#4306,.T.);
#1822=ORIENTED_EDGE('',*,*,#4303,.T.);
#1823=ORIENTED_EDGE('',*,*,#3948,.F.);
#1824=ORIENTED_EDGE('',*,*,#4307,.F.);
#1825=ORIENTED_EDGE('',*,*,#4308,.T.);
#1826=ORIENTED_EDGE('',*,*,#4305,.T.);
#1827=ORIENTED_EDGE('',*,*,#3947,.F.);
#1828=ORIENTED_EDGE('',*,*,#4309,.F.);
#1829=ORIENTED_EDGE('',*,*,#4310,.T.);
#1830=ORIENTED_EDGE('',*,*,#4307,.T.);
#1831=ORIENTED_EDGE('',*,*,#3946,.F.);
#1832=ORIENTED_EDGE('',*,*,#4311,.F.);
#1833=ORIENTED_EDGE('',*,*,#4312,.T.);
#1834=ORIENTED_EDGE('',*,*,#4309,.T.);
#1835=ORIENTED_EDGE('',*,*,#3945,.F.);
#1836=ORIENTED_EDGE('',*,*,#4313,.F.);
#1837=ORIENTED_EDGE('',*,*,#4314,.T.);
#1838=ORIENTED_EDGE('',*,*,#4311,.T.);
#1839=ORIENTED_EDGE('',*,*,#3944,.F.);
#1840=ORIENTED_EDGE('',*,*,#4315,.F.);
#1841=ORIENTED_EDGE('',*,*,#4316,.T.);
#1842=ORIENTED_EDGE('',*,*,#4313,.T.);
#1843=ORIENTED_EDGE('',*,*,#3943,.F.);
#1844=ORIENTED_EDGE('',*,*,#4317,.F.);
#1845=ORIENTED_EDGE('',*,*,#4318,.T.);
#1846=ORIENTED_EDGE('',*,*,#4315,.T.);
#1847=ORIENTED_EDGE('',*,*,#3942,.F.);
#1848=ORIENTED_EDGE('',*,*,#4319,.F.);
#1849=ORIENTED_EDGE('',*,*,#4320,.T.);
#1850=ORIENTED_EDGE('',*,*,#4317,.T.);
#1851=ORIENTED_EDGE('',*,*,#3941,.F.);
#1852=ORIENTED_EDGE('',*,*,#4294,.F.);
#1853=ORIENTED_EDGE('',*,*,#4321,.T.);
#1854=ORIENTED_EDGE('',*,*,#4319,.T.);
#1855=ORIENTED_EDGE('',*,*,#4293,.F.);
#1856=ORIENTED_EDGE('',*,*,#4296,.F.);
#1857=ORIENTED_EDGE('',*,*,#4298,.F.);
#1858=ORIENTED_EDGE('',*,*,#4300,.F.);
#1859=ORIENTED_EDGE('',*,*,#4302,.F.);
#1860=ORIENTED_EDGE('',*,*,#4304,.F.);
#1861=ORIENTED_EDGE('',*,*,#4306,.F.);
#1862=ORIENTED_EDGE('',*,*,#4308,.F.);
#1863=ORIENTED_EDGE('',*,*,#4310,.F.);
#1864=ORIENTED_EDGE('',*,*,#4312,.F.);
#1865=ORIENTED_EDGE('',*,*,#4314,.F.);
#1866=ORIENTED_EDGE('',*,*,#4316,.F.);
#1867=ORIENTED_EDGE('',*,*,#4318,.F.);
#1868=ORIENTED_EDGE('',*,*,#4320,.F.);
#1869=ORIENTED_EDGE('',*,*,#4321,.F.);
#1870=ORIENTED_EDGE('',*,*,#4322,.F.);
#1871=ORIENTED_EDGE('',*,*,#4323,.F.);
#1872=ORIENTED_EDGE('',*,*,#4324,.T.);
#1873=ORIENTED_EDGE('',*,*,#4325,.T.);
#1874=ORIENTED_EDGE('',*,*,#4326,.F.);
#1875=ORIENTED_EDGE('',*,*,#4327,.F.);
#1876=ORIENTED_EDGE('',*,*,#4328,.T.);
#1877=ORIENTED_EDGE('',*,*,#4323,.T.);
#1878=ORIENTED_EDGE('',*,*,#4329,.F.);
#1879=ORIENTED_EDGE('',*,*,#4330,.F.);
#1880=ORIENTED_EDGE('',*,*,#4331,.T.);
#1881=ORIENTED_EDGE('',*,*,#4327,.T.);
#1882=ORIENTED_EDGE('',*,*,#4332,.F.);
#1883=ORIENTED_EDGE('',*,*,#4333,.F.);
#1884=ORIENTED_EDGE('',*,*,#4334,.T.);
#1885=ORIENTED_EDGE('',*,*,#4330,.T.);
#1886=ORIENTED_EDGE('',*,*,#4335,.F.);
#1887=ORIENTED_EDGE('',*,*,#4336,.F.);
#1888=ORIENTED_EDGE('',*,*,#4337,.T.);
#1889=ORIENTED_EDGE('',*,*,#4333,.T.);
#1890=ORIENTED_EDGE('',*,*,#4338,.F.);
#1891=ORIENTED_EDGE('',*,*,#4339,.F.);
#1892=ORIENTED_EDGE('',*,*,#4340,.T.);
#1893=ORIENTED_EDGE('',*,*,#4336,.T.);
#1894=ORIENTED_EDGE('',*,*,#4341,.F.);
#1895=ORIENTED_EDGE('',*,*,#4342,.F.);
#1896=ORIENTED_EDGE('',*,*,#4343,.T.);
#1897=ORIENTED_EDGE('',*,*,#4339,.T.);
#1898=ORIENTED_EDGE('',*,*,#3921,.F.);
#1899=ORIENTED_EDGE('',*,*,#4344,.F.);
#1900=ORIENTED_EDGE('',*,*,#4345,.T.);
#1901=ORIENTED_EDGE('',*,*,#4346,.T.);
#1902=ORIENTED_EDGE('',*,*,#3939,.F.);
#1903=ORIENTED_EDGE('',*,*,#4347,.F.);
#1904=ORIENTED_EDGE('',*,*,#4348,.T.);
#1905=ORIENTED_EDGE('',*,*,#4344,.T.);
#1906=ORIENTED_EDGE('',*,*,#3938,.F.);
#1907=ORIENTED_EDGE('',*,*,#4349,.F.);
#1908=ORIENTED_EDGE('',*,*,#4350,.T.);
#1909=ORIENTED_EDGE('',*,*,#4347,.T.);
#1910=ORIENTED_EDGE('',*,*,#3937,.F.);
#1911=ORIENTED_EDGE('',*,*,#4351,.F.);
#1912=ORIENTED_EDGE('',*,*,#4352,.T.);
#1913=ORIENTED_EDGE('',*,*,#4349,.T.);
#1914=ORIENTED_EDGE('',*,*,#3936,.F.);
#1915=ORIENTED_EDGE('',*,*,#4353,.F.);
#1916=ORIENTED_EDGE('',*,*,#4354,.T.);
#1917=ORIENTED_EDGE('',*,*,#4351,.T.);
#1918=ORIENTED_EDGE('',*,*,#3935,.F.);
#1919=ORIENTED_EDGE('',*,*,#4355,.F.);
#1920=ORIENTED_EDGE('',*,*,#4356,.T.);
#1921=ORIENTED_EDGE('',*,*,#4353,.T.);
#1922=ORIENTED_EDGE('',*,*,#3934,.F.);
#1923=ORIENTED_EDGE('',*,*,#4357,.F.);
#1924=ORIENTED_EDGE('',*,*,#4358,.T.);
#1925=ORIENTED_EDGE('',*,*,#4355,.T.);
#1926=ORIENTED_EDGE('',*,*,#3933,.F.);
#1927=ORIENTED_EDGE('',*,*,#4359,.F.);
#1928=ORIENTED_EDGE('',*,*,#4360,.T.);
#1929=ORIENTED_EDGE('',*,*,#4357,.T.);
#1930=ORIENTED_EDGE('',*,*,#3932,.F.);
#1931=ORIENTED_EDGE('',*,*,#4361,.F.);
#1932=ORIENTED_EDGE('',*,*,#4362,.T.);
#1933=ORIENTED_EDGE('',*,*,#4359,.T.);
#1934=ORIENTED_EDGE('',*,*,#3931,.F.);
#1935=ORIENTED_EDGE('',*,*,#4363,.F.);
#1936=ORIENTED_EDGE('',*,*,#4364,.T.);
#1937=ORIENTED_EDGE('',*,*,#4361,.T.);
#1938=ORIENTED_EDGE('',*,*,#3930,.F.);
#1939=ORIENTED_EDGE('',*,*,#4365,.F.);
#1940=ORIENTED_EDGE('',*,*,#4366,.T.);
#1941=ORIENTED_EDGE('',*,*,#4363,.T.);
#1942=ORIENTED_EDGE('',*,*,#3929,.F.);
#1943=ORIENTED_EDGE('',*,*,#4367,.F.);
#1944=ORIENTED_EDGE('',*,*,#4368,.T.);
#1945=ORIENTED_EDGE('',*,*,#4365,.T.);
#1946=ORIENTED_EDGE('',*,*,#3928,.F.);
#1947=ORIENTED_EDGE('',*,*,#4369,.F.);
#1948=ORIENTED_EDGE('',*,*,#4370,.T.);
#1949=ORIENTED_EDGE('',*,*,#4367,.T.);
#1950=ORIENTED_EDGE('',*,*,#3927,.F.);
#1951=ORIENTED_EDGE('',*,*,#4371,.F.);
#1952=ORIENTED_EDGE('',*,*,#4372,.T.);
#1953=ORIENTED_EDGE('',*,*,#4369,.T.);
#1954=ORIENTED_EDGE('',*,*,#3926,.F.);
#1955=ORIENTED_EDGE('',*,*,#4373,.F.);
#1956=ORIENTED_EDGE('',*,*,#4374,.T.);
#1957=ORIENTED_EDGE('',*,*,#4371,.T.);
#1958=ORIENTED_EDGE('',*,*,#3925,.F.);
#1959=ORIENTED_EDGE('',*,*,#4375,.F.);
#1960=ORIENTED_EDGE('',*,*,#4376,.T.);
#1961=ORIENTED_EDGE('',*,*,#4373,.T.);
#1962=ORIENTED_EDGE('',*,*,#3924,.F.);
#1963=ORIENTED_EDGE('',*,*,#4377,.F.);
#1964=ORIENTED_EDGE('',*,*,#4378,.T.);
#1965=ORIENTED_EDGE('',*,*,#4375,.T.);
#1966=ORIENTED_EDGE('',*,*,#3923,.F.);
#1967=ORIENTED_EDGE('',*,*,#4379,.F.);
#1968=ORIENTED_EDGE('',*,*,#4380,.T.);
#1969=ORIENTED_EDGE('',*,*,#4377,.T.);
#1970=ORIENTED_EDGE('',*,*,#3922,.F.);
#1971=ORIENTED_EDGE('',*,*,#4346,.F.);
#1972=ORIENTED_EDGE('',*,*,#4381,.T.);
#1973=ORIENTED_EDGE('',*,*,#4379,.T.);
#1974=ORIENTED_EDGE('',*,*,#4382,.F.);
#1975=ORIENTED_EDGE('',*,*,#4325,.F.);
#1976=ORIENTED_EDGE('',*,*,#4383,.T.);
#1977=ORIENTED_EDGE('',*,*,#4342,.T.);
#1978=ORIENTED_EDGE('',*,*,#4345,.F.);
#1979=ORIENTED_EDGE('',*,*,#4348,.F.);
#1980=ORIENTED_EDGE('',*,*,#4350,.F.);
#1981=ORIENTED_EDGE('',*,*,#4352,.F.);
#1982=ORIENTED_EDGE('',*,*,#4354,.F.);
#1983=ORIENTED_EDGE('',*,*,#4356,.F.);
#1984=ORIENTED_EDGE('',*,*,#4358,.F.);
#1985=ORIENTED_EDGE('',*,*,#4360,.F.);
#1986=ORIENTED_EDGE('',*,*,#4362,.F.);
#1987=ORIENTED_EDGE('',*,*,#4364,.F.);
#1988=ORIENTED_EDGE('',*,*,#4366,.F.);
#1989=ORIENTED_EDGE('',*,*,#4368,.F.);
#1990=ORIENTED_EDGE('',*,*,#4370,.F.);
#1991=ORIENTED_EDGE('',*,*,#4372,.F.);
#1992=ORIENTED_EDGE('',*,*,#4374,.F.);
#1993=ORIENTED_EDGE('',*,*,#4376,.F.);
#1994=ORIENTED_EDGE('',*,*,#4378,.F.);
#1995=ORIENTED_EDGE('',*,*,#4380,.F.);
#1996=ORIENTED_EDGE('',*,*,#4381,.F.);
#1997=ORIENTED_EDGE('',*,*,#4324,.F.);
#1998=ORIENTED_EDGE('',*,*,#4328,.F.);
#1999=ORIENTED_EDGE('',*,*,#4331,.F.);
#2000=ORIENTED_EDGE('',*,*,#4334,.F.);
#2001=ORIENTED_EDGE('',*,*,#4337,.F.);
#2002=ORIENTED_EDGE('',*,*,#4340,.F.);
#2003=ORIENTED_EDGE('',*,*,#4343,.F.);
#2004=ORIENTED_EDGE('',*,*,#4383,.F.);
#2005=ORIENTED_EDGE('',*,*,#4322,.T.);
#2006=ORIENTED_EDGE('',*,*,#4382,.T.);
#2007=ORIENTED_EDGE('',*,*,#4341,.T.);
#2008=ORIENTED_EDGE('',*,*,#4338,.T.);
#2009=ORIENTED_EDGE('',*,*,#4335,.T.);
#2010=ORIENTED_EDGE('',*,*,#4332,.T.);
#2011=ORIENTED_EDGE('',*,*,#4329,.T.);
#2012=ORIENTED_EDGE('',*,*,#4326,.T.);
#2013=ORIENTED_EDGE('',*,*,#3909,.F.);
#2014=ORIENTED_EDGE('',*,*,#4384,.F.);
#2015=ORIENTED_EDGE('',*,*,#4385,.T.);
#2016=ORIENTED_EDGE('',*,*,#4386,.T.);
#2017=ORIENTED_EDGE('',*,*,#3920,.F.);
#2018=ORIENTED_EDGE('',*,*,#4387,.F.);
#2019=ORIENTED_EDGE('',*,*,#4388,.T.);
#2020=ORIENTED_EDGE('',*,*,#4384,.T.);
#2021=ORIENTED_EDGE('',*,*,#3919,.F.);
#2022=ORIENTED_EDGE('',*,*,#4389,.F.);
#2023=ORIENTED_EDGE('',*,*,#4390,.T.);
#2024=ORIENTED_EDGE('',*,*,#4387,.T.);
#2025=ORIENTED_EDGE('',*,*,#3918,.F.);
#2026=ORIENTED_EDGE('',*,*,#4391,.F.);
#2027=ORIENTED_EDGE('',*,*,#4392,.T.);
#2028=ORIENTED_EDGE('',*,*,#4389,.T.);
#2029=ORIENTED_EDGE('',*,*,#3917,.F.);
#2030=ORIENTED_EDGE('',*,*,#4393,.F.);
#2031=ORIENTED_EDGE('',*,*,#4394,.T.);
#2032=ORIENTED_EDGE('',*,*,#4391,.T.);
#2033=ORIENTED_EDGE('',*,*,#3916,.F.);
#2034=ORIENTED_EDGE('',*,*,#4395,.F.);
#2035=ORIENTED_EDGE('',*,*,#4396,.T.);
#2036=ORIENTED_EDGE('',*,*,#4393,.T.);
#2037=ORIENTED_EDGE('',*,*,#3915,.F.);
#2038=ORIENTED_EDGE('',*,*,#4397,.F.);
#2039=ORIENTED_EDGE('',*,*,#4398,.T.);
#2040=ORIENTED_EDGE('',*,*,#4395,.T.);
#2041=ORIENTED_EDGE('',*,*,#3914,.F.);
#2042=ORIENTED_EDGE('',*,*,#4399,.F.);
#2043=ORIENTED_EDGE('',*,*,#4400,.T.);
#2044=ORIENTED_EDGE('',*,*,#4397,.T.);
#2045=ORIENTED_EDGE('',*,*,#3913,.F.);
#2046=ORIENTED_EDGE('',*,*,#4401,.F.);
#2047=ORIENTED_EDGE('',*,*,#4402,.T.);
#2048=ORIENTED_EDGE('',*,*,#4399,.T.);
#2049=ORIENTED_EDGE('',*,*,#3912,.F.);
#2050=ORIENTED_EDGE('',*,*,#4403,.F.);
#2051=ORIENTED_EDGE('',*,*,#4404,.T.);
#2052=ORIENTED_EDGE('',*,*,#4401,.T.);
#2053=ORIENTED_EDGE('',*,*,#3911,.F.);
#2054=ORIENTED_EDGE('',*,*,#4405,.F.);
#2055=ORIENTED_EDGE('',*,*,#4406,.T.);
#2056=ORIENTED_EDGE('',*,*,#4403,.T.);
#2057=ORIENTED_EDGE('',*,*,#3910,.F.);
#2058=ORIENTED_EDGE('',*,*,#4386,.F.);
#2059=ORIENTED_EDGE('',*,*,#4407,.T.);
#2060=ORIENTED_EDGE('',*,*,#4405,.T.);
#2061=ORIENTED_EDGE('',*,*,#4385,.F.);
#2062=ORIENTED_EDGE('',*,*,#4388,.F.);
#2063=ORIENTED_EDGE('',*,*,#4390,.F.);
#2064=ORIENTED_EDGE('',*,*,#4392,.F.);
#2065=ORIENTED_EDGE('',*,*,#4394,.F.);
#2066=ORIENTED_EDGE('',*,*,#4396,.F.);
#2067=ORIENTED_EDGE('',*,*,#4398,.F.);
#2068=ORIENTED_EDGE('',*,*,#4400,.F.);
#2069=ORIENTED_EDGE('',*,*,#4402,.F.);
#2070=ORIENTED_EDGE('',*,*,#4404,.F.);
#2071=ORIENTED_EDGE('',*,*,#4406,.F.);
#2072=ORIENTED_EDGE('',*,*,#4407,.F.);
#2073=ORIENTED_EDGE('',*,*,#4408,.F.);
#2074=ORIENTED_EDGE('',*,*,#4409,.F.);
#2075=ORIENTED_EDGE('',*,*,#4410,.T.);
#2076=ORIENTED_EDGE('',*,*,#4411,.T.);
#2077=ORIENTED_EDGE('',*,*,#4412,.F.);
#2078=ORIENTED_EDGE('',*,*,#4413,.F.);
#2079=ORIENTED_EDGE('',*,*,#4414,.T.);
#2080=ORIENTED_EDGE('',*,*,#4409,.T.);
#2081=ORIENTED_EDGE('',*,*,#4415,.F.);
#2082=ORIENTED_EDGE('',*,*,#4416,.F.);
#2083=ORIENTED_EDGE('',*,*,#4417,.T.);
#2084=ORIENTED_EDGE('',*,*,#4413,.T.);
#2085=ORIENTED_EDGE('',*,*,#4418,.F.);
#2086=ORIENTED_EDGE('',*,*,#4419,.F.);
#2087=ORIENTED_EDGE('',*,*,#4420,.T.);
#2088=ORIENTED_EDGE('',*,*,#4416,.T.);
#2089=ORIENTED_EDGE('',*,*,#4421,.F.);
#2090=ORIENTED_EDGE('',*,*,#4422,.F.);
#2091=ORIENTED_EDGE('',*,*,#4423,.T.);
#2092=ORIENTED_EDGE('',*,*,#4419,.T.);
#2093=ORIENTED_EDGE('',*,*,#4424,.F.);
#2094=ORIENTED_EDGE('',*,*,#4425,.F.);
#2095=ORIENTED_EDGE('',*,*,#4426,.T.);
#2096=ORIENTED_EDGE('',*,*,#4427,.T.);
#2097=ORIENTED_EDGE('',*,*,#4428,.F.);
#2098=ORIENTED_EDGE('',*,*,#4429,.F.);
#2099=ORIENTED_EDGE('',*,*,#4430,.T.);
#2100=ORIENTED_EDGE('',*,*,#4425,.T.);
#2101=ORIENTED_EDGE('',*,*,#4431,.F.);
#2102=ORIENTED_EDGE('',*,*,#4432,.F.);
#2103=ORIENTED_EDGE('',*,*,#4433,.T.);
#2104=ORIENTED_EDGE('',*,*,#4429,.T.);
#2105=ORIENTED_EDGE('',*,*,#4434,.F.);
#2106=ORIENTED_EDGE('',*,*,#4435,.F.);
#2107=ORIENTED_EDGE('',*,*,#4436,.T.);
#2108=ORIENTED_EDGE('',*,*,#4432,.T.);
#2109=ORIENTED_EDGE('',*,*,#4437,.F.);
#2110=ORIENTED_EDGE('',*,*,#4438,.F.);
#2111=ORIENTED_EDGE('',*,*,#4439,.T.);
#2112=ORIENTED_EDGE('',*,*,#4435,.T.);
#2113=ORIENTED_EDGE('',*,*,#4440,.F.);
#2114=ORIENTED_EDGE('',*,*,#4441,.F.);
#2115=ORIENTED_EDGE('',*,*,#4442,.T.);
#2116=ORIENTED_EDGE('',*,*,#4438,.T.);
#2117=ORIENTED_EDGE('',*,*,#4443,.F.);
#2118=ORIENTED_EDGE('',*,*,#4444,.F.);
#2119=ORIENTED_EDGE('',*,*,#4445,.T.);
#2120=ORIENTED_EDGE('',*,*,#4441,.T.);
#2121=ORIENTED_EDGE('',*,*,#4446,.F.);
#2122=ORIENTED_EDGE('',*,*,#4447,.F.);
#2123=ORIENTED_EDGE('',*,*,#4448,.T.);
#2124=ORIENTED_EDGE('',*,*,#4444,.T.);
#2125=ORIENTED_EDGE('',*,*,#3880,.F.);
#2126=ORIENTED_EDGE('',*,*,#4449,.F.);
#2127=ORIENTED_EDGE('',*,*,#4450,.T.);
#2128=ORIENTED_EDGE('',*,*,#4451,.T.);
#2129=ORIENTED_EDGE('',*,*,#3908,.F.);
#2130=ORIENTED_EDGE('',*,*,#4452,.F.);
#2131=ORIENTED_EDGE('',*,*,#4453,.T.);
#2132=ORIENTED_EDGE('',*,*,#4449,.T.);
#2133=ORIENTED_EDGE('',*,*,#3907,.F.);
#2134=ORIENTED_EDGE('',*,*,#4454,.F.);
#2135=ORIENTED_EDGE('',*,*,#4455,.T.);
#2136=ORIENTED_EDGE('',*,*,#4452,.T.);
#2137=ORIENTED_EDGE('',*,*,#3906,.F.);
#2138=ORIENTED_EDGE('',*,*,#4456,.F.);
#2139=ORIENTED_EDGE('',*,*,#4457,.T.);
#2140=ORIENTED_EDGE('',*,*,#4454,.T.);
#2141=ORIENTED_EDGE('',*,*,#3905,.F.);
#2142=ORIENTED_EDGE('',*,*,#4458,.F.);
#2143=ORIENTED_EDGE('',*,*,#4459,.T.);
#2144=ORIENTED_EDGE('',*,*,#4456,.T.);
#2145=ORIENTED_EDGE('',*,*,#3904,.F.);
#2146=ORIENTED_EDGE('',*,*,#4460,.F.);
#2147=ORIENTED_EDGE('',*,*,#4461,.T.);
#2148=ORIENTED_EDGE('',*,*,#4458,.T.);
#2149=ORIENTED_EDGE('',*,*,#3903,.F.);
#2150=ORIENTED_EDGE('',*,*,#4462,.F.);
#2151=ORIENTED_EDGE('',*,*,#4463,.T.);
#2152=ORIENTED_EDGE('',*,*,#4460,.T.);
#2153=ORIENTED_EDGE('',*,*,#3902,.F.);
#2154=ORIENTED_EDGE('',*,*,#4464,.F.);
#2155=ORIENTED_EDGE('',*,*,#4465,.T.);
#2156=ORIENTED_EDGE('',*,*,#4462,.T.);
#2157=ORIENTED_EDGE('',*,*,#3901,.F.);
#2158=ORIENTED_EDGE('',*,*,#4466,.F.);
#2159=ORIENTED_EDGE('',*,*,#4467,.T.);
#2160=ORIENTED_EDGE('',*,*,#4464,.T.);
#2161=ORIENTED_EDGE('',*,*,#3900,.F.);
#2162=ORIENTED_EDGE('',*,*,#4468,.F.);
#2163=ORIENTED_EDGE('',*,*,#4469,.T.);
#2164=ORIENTED_EDGE('',*,*,#4466,.T.);
#2165=ORIENTED_EDGE('',*,*,#3899,.F.);
#2166=ORIENTED_EDGE('',*,*,#4470,.F.);
#2167=ORIENTED_EDGE('',*,*,#4471,.T.);
#2168=ORIENTED_EDGE('',*,*,#4468,.T.);
#2169=ORIENTED_EDGE('',*,*,#3898,.F.);
#2170=ORIENTED_EDGE('',*,*,#4472,.F.);
#2171=ORIENTED_EDGE('',*,*,#4473,.T.);
#2172=ORIENTED_EDGE('',*,*,#4470,.T.);
#2173=ORIENTED_EDGE('',*,*,#3897,.F.);
#2174=ORIENTED_EDGE('',*,*,#4474,.F.);
#2175=ORIENTED_EDGE('',*,*,#4475,.T.);
#2176=ORIENTED_EDGE('',*,*,#4472,.T.);
#2177=ORIENTED_EDGE('',*,*,#3896,.F.);
#2178=ORIENTED_EDGE('',*,*,#4476,.F.);
#2179=ORIENTED_EDGE('',*,*,#4477,.T.);
#2180=ORIENTED_EDGE('',*,*,#4474,.T.);
#2181=ORIENTED_EDGE('',*,*,#3895,.F.);
#2182=ORIENTED_EDGE('',*,*,#4478,.F.);
#2183=ORIENTED_EDGE('',*,*,#4479,.T.);
#2184=ORIENTED_EDGE('',*,*,#4476,.T.);
#2185=ORIENTED_EDGE('',*,*,#3894,.F.);
#2186=ORIENTED_EDGE('',*,*,#4480,.F.);
#2187=ORIENTED_EDGE('',*,*,#4481,.T.);
#2188=ORIENTED_EDGE('',*,*,#4478,.T.);
#2189=ORIENTED_EDGE('',*,*,#3893,.F.);
#2190=ORIENTED_EDGE('',*,*,#4482,.F.);
#2191=ORIENTED_EDGE('',*,*,#4483,.T.);
#2192=ORIENTED_EDGE('',*,*,#4480,.T.);
#2193=ORIENTED_EDGE('',*,*,#3892,.F.);
#2194=ORIENTED_EDGE('',*,*,#4484,.F.);
#2195=ORIENTED_EDGE('',*,*,#4485,.T.);
#2196=ORIENTED_EDGE('',*,*,#4482,.T.);
#2197=ORIENTED_EDGE('',*,*,#3891,.F.);
#2198=ORIENTED_EDGE('',*,*,#4486,.F.);
#2199=ORIENTED_EDGE('',*,*,#4487,.T.);
#2200=ORIENTED_EDGE('',*,*,#4484,.T.);
#2201=ORIENTED_EDGE('',*,*,#3890,.F.);
#2202=ORIENTED_EDGE('',*,*,#4488,.F.);
#2203=ORIENTED_EDGE('',*,*,#4489,.T.);
#2204=ORIENTED_EDGE('',*,*,#4486,.T.);
#2205=ORIENTED_EDGE('',*,*,#3889,.F.);
#2206=ORIENTED_EDGE('',*,*,#4490,.F.);
#2207=ORIENTED_EDGE('',*,*,#4491,.T.);
#2208=ORIENTED_EDGE('',*,*,#4488,.T.);
#2209=ORIENTED_EDGE('',*,*,#3888,.F.);
#2210=ORIENTED_EDGE('',*,*,#4492,.F.);
#2211=ORIENTED_EDGE('',*,*,#4493,.T.);
#2212=ORIENTED_EDGE('',*,*,#4490,.T.);
#2213=ORIENTED_EDGE('',*,*,#3887,.F.);
#2214=ORIENTED_EDGE('',*,*,#4494,.F.);
#2215=ORIENTED_EDGE('',*,*,#4495,.T.);
#2216=ORIENTED_EDGE('',*,*,#4492,.T.);
#2217=ORIENTED_EDGE('',*,*,#3886,.F.);
#2218=ORIENTED_EDGE('',*,*,#4496,.F.);
#2219=ORIENTED_EDGE('',*,*,#4497,.T.);
#2220=ORIENTED_EDGE('',*,*,#4494,.T.);
#2221=ORIENTED_EDGE('',*,*,#3885,.F.);
#2222=ORIENTED_EDGE('',*,*,#4498,.F.);
#2223=ORIENTED_EDGE('',*,*,#4499,.T.);
#2224=ORIENTED_EDGE('',*,*,#4496,.T.);
#2225=ORIENTED_EDGE('',*,*,#3884,.F.);
#2226=ORIENTED_EDGE('',*,*,#4500,.F.);
#2227=ORIENTED_EDGE('',*,*,#4501,.T.);
#2228=ORIENTED_EDGE('',*,*,#4498,.T.);
#2229=ORIENTED_EDGE('',*,*,#3883,.F.);
#2230=ORIENTED_EDGE('',*,*,#4502,.F.);
#2231=ORIENTED_EDGE('',*,*,#4503,.T.);
#2232=ORIENTED_EDGE('',*,*,#4500,.T.);
#2233=ORIENTED_EDGE('',*,*,#3882,.F.);
#2234=ORIENTED_EDGE('',*,*,#4504,.F.);
#2235=ORIENTED_EDGE('',*,*,#4505,.T.);
#2236=ORIENTED_EDGE('',*,*,#4502,.T.);
#2237=ORIENTED_EDGE('',*,*,#4506,.F.);
#2238=ORIENTED_EDGE('',*,*,#4427,.F.);
#2239=ORIENTED_EDGE('',*,*,#4507,.T.);
#2240=ORIENTED_EDGE('',*,*,#4447,.T.);
#2241=ORIENTED_EDGE('',*,*,#3881,.F.);
#2242=ORIENTED_EDGE('',*,*,#4451,.F.);
#2243=ORIENTED_EDGE('',*,*,#4508,.T.);
#2244=ORIENTED_EDGE('',*,*,#4504,.T.);
#2245=ORIENTED_EDGE('',*,*,#4509,.F.);
#2246=ORIENTED_EDGE('',*,*,#4411,.F.);
#2247=ORIENTED_EDGE('',*,*,#4510,.T.);
#2248=ORIENTED_EDGE('',*,*,#4422,.T.);
#2249=ORIENTED_EDGE('',*,*,#4450,.F.);
#2250=ORIENTED_EDGE('',*,*,#4453,.F.);
#2251=ORIENTED_EDGE('',*,*,#4455,.F.);
#2252=ORIENTED_EDGE('',*,*,#4457,.F.);
#2253=ORIENTED_EDGE('',*,*,#4459,.F.);
#2254=ORIENTED_EDGE('',*,*,#4461,.F.);
#2255=ORIENTED_EDGE('',*,*,#4463,.F.);
#2256=ORIENTED_EDGE('',*,*,#4465,.F.);
#2257=ORIENTED_EDGE('',*,*,#4467,.F.);
#2258=ORIENTED_EDGE('',*,*,#4469,.F.);
#2259=ORIENTED_EDGE('',*,*,#4471,.F.);
#2260=ORIENTED_EDGE('',*,*,#4473,.F.);
#2261=ORIENTED_EDGE('',*,*,#4475,.F.);
#2262=ORIENTED_EDGE('',*,*,#4477,.F.);
#2263=ORIENTED_EDGE('',*,*,#4479,.F.);
#2264=ORIENTED_EDGE('',*,*,#4481,.F.);
#2265=ORIENTED_EDGE('',*,*,#4483,.F.);
#2266=ORIENTED_EDGE('',*,*,#4485,.F.);
#2267=ORIENTED_EDGE('',*,*,#4487,.F.);
#2268=ORIENTED_EDGE('',*,*,#4489,.F.);
#2269=ORIENTED_EDGE('',*,*,#4491,.F.);
#2270=ORIENTED_EDGE('',*,*,#4493,.F.);
#2271=ORIENTED_EDGE('',*,*,#4495,.F.);
#2272=ORIENTED_EDGE('',*,*,#4497,.F.);
#2273=ORIENTED_EDGE('',*,*,#4499,.F.);
#2274=ORIENTED_EDGE('',*,*,#4501,.F.);
#2275=ORIENTED_EDGE('',*,*,#4503,.F.);
#2276=ORIENTED_EDGE('',*,*,#4505,.F.);
#2277=ORIENTED_EDGE('',*,*,#4508,.F.);
#2278=ORIENTED_EDGE('',*,*,#4426,.F.);
#2279=ORIENTED_EDGE('',*,*,#4430,.F.);
#2280=ORIENTED_EDGE('',*,*,#4433,.F.);
#2281=ORIENTED_EDGE('',*,*,#4436,.F.);
#2282=ORIENTED_EDGE('',*,*,#4439,.F.);
#2283=ORIENTED_EDGE('',*,*,#4442,.F.);
#2284=ORIENTED_EDGE('',*,*,#4445,.F.);
#2285=ORIENTED_EDGE('',*,*,#4448,.F.);
#2286=ORIENTED_EDGE('',*,*,#4507,.F.);
#2287=ORIENTED_EDGE('',*,*,#4410,.F.);
#2288=ORIENTED_EDGE('',*,*,#4414,.F.);
#2289=ORIENTED_EDGE('',*,*,#4417,.F.);
#2290=ORIENTED_EDGE('',*,*,#4420,.F.);
#2291=ORIENTED_EDGE('',*,*,#4423,.F.);
#2292=ORIENTED_EDGE('',*,*,#4510,.F.);
#2293=ORIENTED_EDGE('',*,*,#4408,.T.);
#2294=ORIENTED_EDGE('',*,*,#4509,.T.);
#2295=ORIENTED_EDGE('',*,*,#4421,.T.);
#2296=ORIENTED_EDGE('',*,*,#4418,.T.);
#2297=ORIENTED_EDGE('',*,*,#4415,.T.);
#2298=ORIENTED_EDGE('',*,*,#4412,.T.);
#2299=ORIENTED_EDGE('',*,*,#4424,.T.);
#2300=ORIENTED_EDGE('',*,*,#4506,.T.);
#2301=ORIENTED_EDGE('',*,*,#4446,.T.);
#2302=ORIENTED_EDGE('',*,*,#4443,.T.);
#2303=ORIENTED_EDGE('',*,*,#4440,.T.);
#2304=ORIENTED_EDGE('',*,*,#4437,.T.);
#2305=ORIENTED_EDGE('',*,*,#4434,.T.);
#2306=ORIENTED_EDGE('',*,*,#4431,.T.);
#2307=ORIENTED_EDGE('',*,*,#4428,.T.);
#2308=ORIENTED_EDGE('',*,*,#3863,.F.);
#2309=ORIENTED_EDGE('',*,*,#4511,.F.);
#2310=ORIENTED_EDGE('',*,*,#4512,.T.);
#2311=ORIENTED_EDGE('',*,*,#4513,.T.);
#2312=ORIENTED_EDGE('',*,*,#3879,.F.);
#2313=ORIENTED_EDGE('',*,*,#4514,.F.);
#2314=ORIENTED_EDGE('',*,*,#4515,.T.);
#2315=ORIENTED_EDGE('',*,*,#4511,.T.);
#2316=ORIENTED_EDGE('',*,*,#3878,.F.);
#2317=ORIENTED_EDGE('',*,*,#4516,.F.);
#2318=ORIENTED_EDGE('',*,*,#4517,.T.);
#2319=ORIENTED_EDGE('',*,*,#4514,.T.);
#2320=ORIENTED_EDGE('',*,*,#3877,.F.);
#2321=ORIENTED_EDGE('',*,*,#4518,.F.);
#2322=ORIENTED_EDGE('',*,*,#4519,.T.);
#2323=ORIENTED_EDGE('',*,*,#4516,.T.);
#2324=ORIENTED_EDGE('',*,*,#3876,.F.);
#2325=ORIENTED_EDGE('',*,*,#4520,.F.);
#2326=ORIENTED_EDGE('',*,*,#4521,.T.);
#2327=ORIENTED_EDGE('',*,*,#4518,.T.);
#2328=ORIENTED_EDGE('',*,*,#3875,.F.);
#2329=ORIENTED_EDGE('',*,*,#4522,.F.);
#2330=ORIENTED_EDGE('',*,*,#4523,.T.);
#2331=ORIENTED_EDGE('',*,*,#4520,.T.);
#2332=ORIENTED_EDGE('',*,*,#3874,.F.);
#2333=ORIENTED_EDGE('',*,*,#4524,.F.);
#2334=ORIENTED_EDGE('',*,*,#4525,.T.);
#2335=ORIENTED_EDGE('',*,*,#4522,.T.);
#2336=ORIENTED_EDGE('',*,*,#3873,.F.);
#2337=ORIENTED_EDGE('',*,*,#4526,.F.);
#2338=ORIENTED_EDGE('',*,*,#4527,.T.);
#2339=ORIENTED_EDGE('',*,*,#4524,.T.);
#2340=ORIENTED_EDGE('',*,*,#3872,.F.);
#2341=ORIENTED_EDGE('',*,*,#4528,.F.);
#2342=ORIENTED_EDGE('',*,*,#4529,.T.);
#2343=ORIENTED_EDGE('',*,*,#4526,.T.);
#2344=ORIENTED_EDGE('',*,*,#3871,.F.);
#2345=ORIENTED_EDGE('',*,*,#4530,.F.);
#2346=ORIENTED_EDGE('',*,*,#4531,.T.);
#2347=ORIENTED_EDGE('',*,*,#4528,.T.);
#2348=ORIENTED_EDGE('',*,*,#3870,.F.);
#2349=ORIENTED_EDGE('',*,*,#4532,.F.);
#2350=ORIENTED_EDGE('',*,*,#4533,.T.);
#2351=ORIENTED_EDGE('',*,*,#4530,.T.);
#2352=ORIENTED_EDGE('',*,*,#3869,.F.);
#2353=ORIENTED_EDGE('',*,*,#4534,.F.);
#2354=ORIENTED_EDGE('',*,*,#4535,.T.);
#2355=ORIENTED_EDGE('',*,*,#4532,.T.);
#2356=ORIENTED_EDGE('',*,*,#3868,.F.);
#2357=ORIENTED_EDGE('',*,*,#4536,.F.);
#2358=ORIENTED_EDGE('',*,*,#4537,.T.);
#2359=ORIENTED_EDGE('',*,*,#4534,.T.);
#2360=ORIENTED_EDGE('',*,*,#3867,.F.);
#2361=ORIENTED_EDGE('',*,*,#4538,.F.);
#2362=ORIENTED_EDGE('',*,*,#4539,.T.);
#2363=ORIENTED_EDGE('',*,*,#4536,.T.);
#2364=ORIENTED_EDGE('',*,*,#3866,.F.);
#2365=ORIENTED_EDGE('',*,*,#4540,.F.);
#2366=ORIENTED_EDGE('',*,*,#4541,.T.);
#2367=ORIENTED_EDGE('',*,*,#4538,.T.);
#2368=ORIENTED_EDGE('',*,*,#3865,.F.);
#2369=ORIENTED_EDGE('',*,*,#4542,.F.);
#2370=ORIENTED_EDGE('',*,*,#4543,.T.);
#2371=ORIENTED_EDGE('',*,*,#4540,.T.);
#2372=ORIENTED_EDGE('',*,*,#3864,.F.);
#2373=ORIENTED_EDGE('',*,*,#4513,.F.);
#2374=ORIENTED_EDGE('',*,*,#4544,.T.);
#2375=ORIENTED_EDGE('',*,*,#4542,.T.);
#2376=ORIENTED_EDGE('',*,*,#4512,.F.);
#2377=ORIENTED_EDGE('',*,*,#4515,.F.);
#2378=ORIENTED_EDGE('',*,*,#4517,.F.);
#2379=ORIENTED_EDGE('',*,*,#4519,.F.);
#2380=ORIENTED_EDGE('',*,*,#4521,.F.);
#2381=ORIENTED_EDGE('',*,*,#4523,.F.);
#2382=ORIENTED_EDGE('',*,*,#4525,.F.);
#2383=ORIENTED_EDGE('',*,*,#4527,.F.);
#2384=ORIENTED_EDGE('',*,*,#4529,.F.);
#2385=ORIENTED_EDGE('',*,*,#4531,.F.);
#2386=ORIENTED_EDGE('',*,*,#4533,.F.);
#2387=ORIENTED_EDGE('',*,*,#4535,.F.);
#2388=ORIENTED_EDGE('',*,*,#4537,.F.);
#2389=ORIENTED_EDGE('',*,*,#4539,.F.);
#2390=ORIENTED_EDGE('',*,*,#4541,.F.);
#2391=ORIENTED_EDGE('',*,*,#4543,.F.);
#2392=ORIENTED_EDGE('',*,*,#4544,.F.);
#2393=ORIENTED_EDGE('',*,*,#3855,.F.);
#2394=ORIENTED_EDGE('',*,*,#4545,.F.);
#2395=ORIENTED_EDGE('',*,*,#4546,.T.);
#2396=ORIENTED_EDGE('',*,*,#4547,.T.);
#2397=ORIENTED_EDGE('',*,*,#3862,.F.);
#2398=ORIENTED_EDGE('',*,*,#4548,.F.);
#2399=ORIENTED_EDGE('',*,*,#4549,.T.);
#2400=ORIENTED_EDGE('',*,*,#4545,.T.);
#2401=ORIENTED_EDGE('',*,*,#3861,.F.);
#2402=ORIENTED_EDGE('',*,*,#4550,.F.);
#2403=ORIENTED_EDGE('',*,*,#4551,.T.);
#2404=ORIENTED_EDGE('',*,*,#4548,.T.);
#2405=ORIENTED_EDGE('',*,*,#3860,.F.);
#2406=ORIENTED_EDGE('',*,*,#4552,.F.);
#2407=ORIENTED_EDGE('',*,*,#4553,.T.);
#2408=ORIENTED_EDGE('',*,*,#4550,.T.);
#2409=ORIENTED_EDGE('',*,*,#3859,.F.);
#2410=ORIENTED_EDGE('',*,*,#4554,.F.);
#2411=ORIENTED_EDGE('',*,*,#4555,.T.);
#2412=ORIENTED_EDGE('',*,*,#4552,.T.);
#2413=ORIENTED_EDGE('',*,*,#3858,.F.);
#2414=ORIENTED_EDGE('',*,*,#4556,.F.);
#2415=ORIENTED_EDGE('',*,*,#4557,.T.);
#2416=ORIENTED_EDGE('',*,*,#4554,.T.);
#2417=ORIENTED_EDGE('',*,*,#3857,.F.);
#2418=ORIENTED_EDGE('',*,*,#4558,.F.);
#2419=ORIENTED_EDGE('',*,*,#4559,.T.);
#2420=ORIENTED_EDGE('',*,*,#4556,.T.);
#2421=ORIENTED_EDGE('',*,*,#3856,.F.);
#2422=ORIENTED_EDGE('',*,*,#4547,.F.);
#2423=ORIENTED_EDGE('',*,*,#4560,.T.);
#2424=ORIENTED_EDGE('',*,*,#4558,.T.);
#2425=ORIENTED_EDGE('',*,*,#4546,.F.);
#2426=ORIENTED_EDGE('',*,*,#4549,.F.);
#2427=ORIENTED_EDGE('',*,*,#4551,.F.);
#2428=ORIENTED_EDGE('',*,*,#4553,.F.);
#2429=ORIENTED_EDGE('',*,*,#4555,.F.);
#2430=ORIENTED_EDGE('',*,*,#4557,.F.);
#2431=ORIENTED_EDGE('',*,*,#4559,.F.);
#2432=ORIENTED_EDGE('',*,*,#4560,.F.);
#2433=ORIENTED_EDGE('',*,*,#3851,.F.);
#2434=ORIENTED_EDGE('',*,*,#4561,.F.);
#2435=ORIENTED_EDGE('',*,*,#4562,.T.);
#2436=ORIENTED_EDGE('',*,*,#4563,.T.);
#2437=ORIENTED_EDGE('',*,*,#3854,.F.);
#2438=ORIENTED_EDGE('',*,*,#4564,.F.);
#2439=ORIENTED_EDGE('',*,*,#4565,.T.);
#2440=ORIENTED_EDGE('',*,*,#4561,.T.);
#2441=ORIENTED_EDGE('',*,*,#3853,.F.);
#2442=ORIENTED_EDGE('',*,*,#4566,.F.);
#2443=ORIENTED_EDGE('',*,*,#4567,.T.);
#2444=ORIENTED_EDGE('',*,*,#4564,.T.);
#2445=ORIENTED_EDGE('',*,*,#3852,.F.);
#2446=ORIENTED_EDGE('',*,*,#4563,.F.);
#2447=ORIENTED_EDGE('',*,*,#4568,.T.);
#2448=ORIENTED_EDGE('',*,*,#4566,.T.);
#2449=ORIENTED_EDGE('',*,*,#4562,.F.);
#2450=ORIENTED_EDGE('',*,*,#4565,.F.);
#2451=ORIENTED_EDGE('',*,*,#4567,.F.);
#2452=ORIENTED_EDGE('',*,*,#4568,.F.);
#2453=ORIENTED_EDGE('',*,*,#3841,.F.);
#2454=ORIENTED_EDGE('',*,*,#4569,.F.);
#2455=ORIENTED_EDGE('',*,*,#4570,.T.);
#2456=ORIENTED_EDGE('',*,*,#4571,.T.);
#2457=ORIENTED_EDGE('',*,*,#3850,.F.);
#2458=ORIENTED_EDGE('',*,*,#4572,.F.);
#2459=ORIENTED_EDGE('',*,*,#4573,.T.);
#2460=ORIENTED_EDGE('',*,*,#4569,.T.);
#2461=ORIENTED_EDGE('',*,*,#3849,.F.);
#2462=ORIENTED_EDGE('',*,*,#4574,.F.);
#2463=ORIENTED_EDGE('',*,*,#4575,.T.);
#2464=ORIENTED_EDGE('',*,*,#4572,.T.);
#2465=ORIENTED_EDGE('',*,*,#3848,.F.);
#2466=ORIENTED_EDGE('',*,*,#4576,.F.);
#2467=ORIENTED_EDGE('',*,*,#4577,.T.);
#2468=ORIENTED_EDGE('',*,*,#4574,.T.);
#2469=ORIENTED_EDGE('',*,*,#3847,.F.);
#2470=ORIENTED_EDGE('',*,*,#4578,.F.);
#2471=ORIENTED_EDGE('',*,*,#4579,.T.);
#2472=ORIENTED_EDGE('',*,*,#4576,.T.);
#2473=ORIENTED_EDGE('',*,*,#3846,.F.);
#2474=ORIENTED_EDGE('',*,*,#4580,.F.);
#2475=ORIENTED_EDGE('',*,*,#4581,.T.);
#2476=ORIENTED_EDGE('',*,*,#4578,.T.);
#2477=ORIENTED_EDGE('',*,*,#3845,.F.);
#2478=ORIENTED_EDGE('',*,*,#4582,.F.);
#2479=ORIENTED_EDGE('',*,*,#4583,.T.);
#2480=ORIENTED_EDGE('',*,*,#4580,.T.);
#2481=ORIENTED_EDGE('',*,*,#3844,.F.);
#2482=ORIENTED_EDGE('',*,*,#4584,.F.);
#2483=ORIENTED_EDGE('',*,*,#4585,.T.);
#2484=ORIENTED_EDGE('',*,*,#4582,.T.);
#2485=ORIENTED_EDGE('',*,*,#3843,.F.);
#2486=ORIENTED_EDGE('',*,*,#4586,.F.);
#2487=ORIENTED_EDGE('',*,*,#4587,.T.);
#2488=ORIENTED_EDGE('',*,*,#4584,.T.);
#2489=ORIENTED_EDGE('',*,*,#3842,.F.);
#2490=ORIENTED_EDGE('',*,*,#4571,.F.);
#2491=ORIENTED_EDGE('',*,*,#4588,.T.);
#2492=ORIENTED_EDGE('',*,*,#4586,.T.);
#2493=ORIENTED_EDGE('',*,*,#4570,.F.);
#2494=ORIENTED_EDGE('',*,*,#4573,.F.);
#2495=ORIENTED_EDGE('',*,*,#4575,.F.);
#2496=ORIENTED_EDGE('',*,*,#4577,.F.);
#2497=ORIENTED_EDGE('',*,*,#4579,.F.);
#2498=ORIENTED_EDGE('',*,*,#4581,.F.);
#2499=ORIENTED_EDGE('',*,*,#4583,.F.);
#2500=ORIENTED_EDGE('',*,*,#4585,.F.);
#2501=ORIENTED_EDGE('',*,*,#4587,.F.);
#2502=ORIENTED_EDGE('',*,*,#4588,.F.);
#2503=ORIENTED_EDGE('',*,*,#4589,.F.);
#2504=ORIENTED_EDGE('',*,*,#4590,.F.);
#2505=ORIENTED_EDGE('',*,*,#4591,.T.);
#2506=ORIENTED_EDGE('',*,*,#4592,.T.);
#2507=ORIENTED_EDGE('',*,*,#4593,.F.);
#2508=ORIENTED_EDGE('',*,*,#4594,.F.);
#2509=ORIENTED_EDGE('',*,*,#4595,.T.);
#2510=ORIENTED_EDGE('',*,*,#4590,.T.);
#2511=ORIENTED_EDGE('',*,*,#4596,.F.);
#2512=ORIENTED_EDGE('',*,*,#4597,.F.);
#2513=ORIENTED_EDGE('',*,*,#4598,.T.);
#2514=ORIENTED_EDGE('',*,*,#4594,.T.);
#2515=ORIENTED_EDGE('',*,*,#4599,.F.);
#2516=ORIENTED_EDGE('',*,*,#4600,.F.);
#2517=ORIENTED_EDGE('',*,*,#4601,.T.);
#2518=ORIENTED_EDGE('',*,*,#4597,.T.);
#2519=ORIENTED_EDGE('',*,*,#4602,.F.);
#2520=ORIENTED_EDGE('',*,*,#4603,.F.);
#2521=ORIENTED_EDGE('',*,*,#4604,.T.);
#2522=ORIENTED_EDGE('',*,*,#4600,.T.);
#2523=ORIENTED_EDGE('',*,*,#4605,.F.);
#2524=ORIENTED_EDGE('',*,*,#4606,.F.);
#2525=ORIENTED_EDGE('',*,*,#4607,.T.);
#2526=ORIENTED_EDGE('',*,*,#4603,.T.);
#2527=ORIENTED_EDGE('',*,*,#4608,.F.);
#2528=ORIENTED_EDGE('',*,*,#4609,.F.);
#2529=ORIENTED_EDGE('',*,*,#4610,.T.);
#2530=ORIENTED_EDGE('',*,*,#4606,.T.);
#2531=ORIENTED_EDGE('',*,*,#3822,.F.);
#2532=ORIENTED_EDGE('',*,*,#4611,.F.);
#2533=ORIENTED_EDGE('',*,*,#4612,.T.);
#2534=ORIENTED_EDGE('',*,*,#4613,.T.);
#2535=ORIENTED_EDGE('',*,*,#3840,.F.);
#2536=ORIENTED_EDGE('',*,*,#4614,.F.);
#2537=ORIENTED_EDGE('',*,*,#4615,.T.);
#2538=ORIENTED_EDGE('',*,*,#4611,.T.);
#2539=ORIENTED_EDGE('',*,*,#3839,.F.);
#2540=ORIENTED_EDGE('',*,*,#4616,.F.);
#2541=ORIENTED_EDGE('',*,*,#4617,.T.);
#2542=ORIENTED_EDGE('',*,*,#4614,.T.);
#2543=ORIENTED_EDGE('',*,*,#3838,.F.);
#2544=ORIENTED_EDGE('',*,*,#4618,.F.);
#2545=ORIENTED_EDGE('',*,*,#4619,.T.);
#2546=ORIENTED_EDGE('',*,*,#4616,.T.);
#2547=ORIENTED_EDGE('',*,*,#3837,.F.);
#2548=ORIENTED_EDGE('',*,*,#4620,.F.);
#2549=ORIENTED_EDGE('',*,*,#4621,.T.);
#2550=ORIENTED_EDGE('',*,*,#4618,.T.);
#2551=ORIENTED_EDGE('',*,*,#3836,.F.);
#2552=ORIENTED_EDGE('',*,*,#4622,.F.);
#2553=ORIENTED_EDGE('',*,*,#4623,.T.);
#2554=ORIENTED_EDGE('',*,*,#4620,.T.);
#2555=ORIENTED_EDGE('',*,*,#3835,.F.);
#2556=ORIENTED_EDGE('',*,*,#4624,.F.);
#2557=ORIENTED_EDGE('',*,*,#4625,.T.);
#2558=ORIENTED_EDGE('',*,*,#4622,.T.);
#2559=ORIENTED_EDGE('',*,*,#3834,.F.);
#2560=ORIENTED_EDGE('',*,*,#4626,.F.);
#2561=ORIENTED_EDGE('',*,*,#4627,.T.);
#2562=ORIENTED_EDGE('',*,*,#4624,.T.);
#2563=ORIENTED_EDGE('',*,*,#3833,.F.);
#2564=ORIENTED_EDGE('',*,*,#4628,.F.);
#2565=ORIENTED_EDGE('',*,*,#4629,.T.);
#2566=ORIENTED_EDGE('',*,*,#4626,.T.);
#2567=ORIENTED_EDGE('',*,*,#3832,.F.);
#2568=ORIENTED_EDGE('',*,*,#4630,.F.);
#2569=ORIENTED_EDGE('',*,*,#4631,.T.);
#2570=ORIENTED_EDGE('',*,*,#4628,.T.);
#2571=ORIENTED_EDGE('',*,*,#3831,.F.);
#2572=ORIENTED_EDGE('',*,*,#4632,.F.);
#2573=ORIENTED_EDGE('',*,*,#4633,.T.);
#2574=ORIENTED_EDGE('',*,*,#4630,.T.);
#2575=ORIENTED_EDGE('',*,*,#3830,.F.);
#2576=ORIENTED_EDGE('',*,*,#4634,.F.);
#2577=ORIENTED_EDGE('',*,*,#4635,.T.);
#2578=ORIENTED_EDGE('',*,*,#4632,.T.);
#2579=ORIENTED_EDGE('',*,*,#3829,.F.);
#2580=ORIENTED_EDGE('',*,*,#4636,.F.);
#2581=ORIENTED_EDGE('',*,*,#4637,.T.);
#2582=ORIENTED_EDGE('',*,*,#4634,.T.);
#2583=ORIENTED_EDGE('',*,*,#3828,.F.);
#2584=ORIENTED_EDGE('',*,*,#4638,.F.);
#2585=ORIENTED_EDGE('',*,*,#4639,.T.);
#2586=ORIENTED_EDGE('',*,*,#4636,.T.);
#2587=ORIENTED_EDGE('',*,*,#3827,.F.);
#2588=ORIENTED_EDGE('',*,*,#4640,.F.);
#2589=ORIENTED_EDGE('',*,*,#4641,.T.);
#2590=ORIENTED_EDGE('',*,*,#4638,.T.);
#2591=ORIENTED_EDGE('',*,*,#3826,.F.);
#2592=ORIENTED_EDGE('',*,*,#4642,.F.);
#2593=ORIENTED_EDGE('',*,*,#4643,.T.);
#2594=ORIENTED_EDGE('',*,*,#4640,.T.);
#2595=ORIENTED_EDGE('',*,*,#3825,.F.);
#2596=ORIENTED_EDGE('',*,*,#4644,.F.);
#2597=ORIENTED_EDGE('',*,*,#4645,.T.);
#2598=ORIENTED_EDGE('',*,*,#4642,.T.);
#2599=ORIENTED_EDGE('',*,*,#3824,.F.);
#2600=ORIENTED_EDGE('',*,*,#4646,.F.);
#2601=ORIENTED_EDGE('',*,*,#4647,.T.);
#2602=ORIENTED_EDGE('',*,*,#4644,.T.);
#2603=ORIENTED_EDGE('',*,*,#3823,.F.);
#2604=ORIENTED_EDGE('',*,*,#4613,.F.);
#2605=ORIENTED_EDGE('',*,*,#4648,.T.);
#2606=ORIENTED_EDGE('',*,*,#4646,.T.);
#2607=ORIENTED_EDGE('',*,*,#4649,.F.);
#2608=ORIENTED_EDGE('',*,*,#4592,.F.);
#2609=ORIENTED_EDGE('',*,*,#4650,.T.);
#2610=ORIENTED_EDGE('',*,*,#4609,.T.);
#2611=ORIENTED_EDGE('',*,*,#4612,.F.);
#2612=ORIENTED_EDGE('',*,*,#4615,.F.);
#2613=ORIENTED_EDGE('',*,*,#4617,.F.);
#2614=ORIENTED_EDGE('',*,*,#4619,.F.);
#2615=ORIENTED_EDGE('',*,*,#4621,.F.);
#2616=ORIENTED_EDGE('',*,*,#4623,.F.);
#2617=ORIENTED_EDGE('',*,*,#4625,.F.);
#2618=ORIENTED_EDGE('',*,*,#4627,.F.);
#2619=ORIENTED_EDGE('',*,*,#4629,.F.);
#2620=ORIENTED_EDGE('',*,*,#4631,.F.);
#2621=ORIENTED_EDGE('',*,*,#4633,.F.);
#2622=ORIENTED_EDGE('',*,*,#4635,.F.);
#2623=ORIENTED_EDGE('',*,*,#4637,.F.);
#2624=ORIENTED_EDGE('',*,*,#4639,.F.);
#2625=ORIENTED_EDGE('',*,*,#4641,.F.);
#2626=ORIENTED_EDGE('',*,*,#4643,.F.);
#2627=ORIENTED_EDGE('',*,*,#4645,.F.);
#2628=ORIENTED_EDGE('',*,*,#4647,.F.);
#2629=ORIENTED_EDGE('',*,*,#4648,.F.);
#2630=ORIENTED_EDGE('',*,*,#4591,.F.);
#2631=ORIENTED_EDGE('',*,*,#4595,.F.);
#2632=ORIENTED_EDGE('',*,*,#4598,.F.);
#2633=ORIENTED_EDGE('',*,*,#4601,.F.);
#2634=ORIENTED_EDGE('',*,*,#4604,.F.);
#2635=ORIENTED_EDGE('',*,*,#4607,.F.);
#2636=ORIENTED_EDGE('',*,*,#4610,.F.);
#2637=ORIENTED_EDGE('',*,*,#4650,.F.);
#2638=ORIENTED_EDGE('',*,*,#4589,.T.);
#2639=ORIENTED_EDGE('',*,*,#4649,.T.);
#2640=ORIENTED_EDGE('',*,*,#4608,.T.);
#2641=ORIENTED_EDGE('',*,*,#4605,.T.);
#2642=ORIENTED_EDGE('',*,*,#4602,.T.);
#2643=ORIENTED_EDGE('',*,*,#4599,.T.);
#2644=ORIENTED_EDGE('',*,*,#4596,.T.);
#2645=ORIENTED_EDGE('',*,*,#4593,.T.);
#2646=ORIENTED_EDGE('',*,*,#3794,.F.);
#2647=ORIENTED_EDGE('',*,*,#4651,.F.);
#2648=ORIENTED_EDGE('',*,*,#4652,.T.);
#2649=ORIENTED_EDGE('',*,*,#4653,.T.);
#2650=ORIENTED_EDGE('',*,*,#3821,.F.);
#2651=ORIENTED_EDGE('',*,*,#4654,.F.);
#2652=ORIENTED_EDGE('',*,*,#4655,.T.);
#2653=ORIENTED_EDGE('',*,*,#4651,.T.);
#2654=ORIENTED_EDGE('',*,*,#3820,.F.);
#2655=ORIENTED_EDGE('',*,*,#4656,.F.);
#2656=ORIENTED_EDGE('',*,*,#4657,.T.);
#2657=ORIENTED_EDGE('',*,*,#4654,.T.);
#2658=ORIENTED_EDGE('',*,*,#3819,.F.);
#2659=ORIENTED_EDGE('',*,*,#4658,.F.);
#2660=ORIENTED_EDGE('',*,*,#4659,.T.);
#2661=ORIENTED_EDGE('',*,*,#4656,.T.);
#2662=ORIENTED_EDGE('',*,*,#3818,.F.);
#2663=ORIENTED_EDGE('',*,*,#4660,.F.);
#2664=ORIENTED_EDGE('',*,*,#4661,.T.);
#2665=ORIENTED_EDGE('',*,*,#4658,.T.);
#2666=ORIENTED_EDGE('',*,*,#3817,.F.);
#2667=ORIENTED_EDGE('',*,*,#4662,.F.);
#2668=ORIENTED_EDGE('',*,*,#4663,.T.);
#2669=ORIENTED_EDGE('',*,*,#4660,.T.);
#2670=ORIENTED_EDGE('',*,*,#3816,.F.);
#2671=ORIENTED_EDGE('',*,*,#4664,.F.);
#2672=ORIENTED_EDGE('',*,*,#4665,.T.);
#2673=ORIENTED_EDGE('',*,*,#4662,.T.);
#2674=ORIENTED_EDGE('',*,*,#3815,.F.);
#2675=ORIENTED_EDGE('',*,*,#4666,.F.);
#2676=ORIENTED_EDGE('',*,*,#4667,.T.);
#2677=ORIENTED_EDGE('',*,*,#4664,.T.);
#2678=ORIENTED_EDGE('',*,*,#3814,.F.);
#2679=ORIENTED_EDGE('',*,*,#4668,.F.);
#2680=ORIENTED_EDGE('',*,*,#4669,.T.);
#2681=ORIENTED_EDGE('',*,*,#4666,.T.);
#2682=ORIENTED_EDGE('',*,*,#3813,.F.);
#2683=ORIENTED_EDGE('',*,*,#4670,.F.);
#2684=ORIENTED_EDGE('',*,*,#4671,.T.);
#2685=ORIENTED_EDGE('',*,*,#4668,.T.);
#2686=ORIENTED_EDGE('',*,*,#3812,.F.);
#2687=ORIENTED_EDGE('',*,*,#4672,.F.);
#2688=ORIENTED_EDGE('',*,*,#4673,.T.);
#2689=ORIENTED_EDGE('',*,*,#4670,.T.);
#2690=ORIENTED_EDGE('',*,*,#3811,.F.);
#2691=ORIENTED_EDGE('',*,*,#4674,.F.);
#2692=ORIENTED_EDGE('',*,*,#4675,.T.);
#2693=ORIENTED_EDGE('',*,*,#4672,.T.);
#2694=ORIENTED_EDGE('',*,*,#3810,.F.);
#2695=ORIENTED_EDGE('',*,*,#4676,.F.);
#2696=ORIENTED_EDGE('',*,*,#4677,.T.);
#2697=ORIENTED_EDGE('',*,*,#4674,.T.);
#2698=ORIENTED_EDGE('',*,*,#3809,.F.);
#2699=ORIENTED_EDGE('',*,*,#4678,.F.);
#2700=ORIENTED_EDGE('',*,*,#4679,.T.);
#2701=ORIENTED_EDGE('',*,*,#4676,.T.);
#2702=ORIENTED_EDGE('',*,*,#3808,.F.);
#2703=ORIENTED_EDGE('',*,*,#4680,.F.);
#2704=ORIENTED_EDGE('',*,*,#4681,.T.);
#2705=ORIENTED_EDGE('',*,*,#4678,.T.);
#2706=ORIENTED_EDGE('',*,*,#3807,.F.);
#2707=ORIENTED_EDGE('',*,*,#4682,.F.);
#2708=ORIENTED_EDGE('',*,*,#4683,.T.);
#2709=ORIENTED_EDGE('',*,*,#4680,.T.);
#2710=ORIENTED_EDGE('',*,*,#3806,.F.);
#2711=ORIENTED_EDGE('',*,*,#4684,.F.);
#2712=ORIENTED_EDGE('',*,*,#4685,.T.);
#2713=ORIENTED_EDGE('',*,*,#4682,.T.);
#2714=ORIENTED_EDGE('',*,*,#3805,.F.);
#2715=ORIENTED_EDGE('',*,*,#4686,.F.);
#2716=ORIENTED_EDGE('',*,*,#4687,.T.);
#2717=ORIENTED_EDGE('',*,*,#4684,.T.);
#2718=ORIENTED_EDGE('',*,*,#3804,.F.);
#2719=ORIENTED_EDGE('',*,*,#4688,.F.);
#2720=ORIENTED_EDGE('',*,*,#4689,.T.);
#2721=ORIENTED_EDGE('',*,*,#4686,.T.);
#2722=ORIENTED_EDGE('',*,*,#3803,.F.);
#2723=ORIENTED_EDGE('',*,*,#4690,.F.);
#2724=ORIENTED_EDGE('',*,*,#4691,.T.);
#2725=ORIENTED_EDGE('',*,*,#4688,.T.);
#2726=ORIENTED_EDGE('',*,*,#3802,.F.);
#2727=ORIENTED_EDGE('',*,*,#4692,.F.);
#2728=ORIENTED_EDGE('',*,*,#4693,.T.);
#2729=ORIENTED_EDGE('',*,*,#4690,.T.);
#2730=ORIENTED_EDGE('',*,*,#3801,.F.);
#2731=ORIENTED_EDGE('',*,*,#4694,.F.);
#2732=ORIENTED_EDGE('',*,*,#4695,.T.);
#2733=ORIENTED_EDGE('',*,*,#4692,.T.);
#2734=ORIENTED_EDGE('',*,*,#3800,.F.);
#2735=ORIENTED_EDGE('',*,*,#4696,.F.);
#2736=ORIENTED_EDGE('',*,*,#4697,.T.);
#2737=ORIENTED_EDGE('',*,*,#4694,.T.);
#2738=ORIENTED_EDGE('',*,*,#3799,.F.);
#2739=ORIENTED_EDGE('',*,*,#4698,.F.);
#2740=ORIENTED_EDGE('',*,*,#4699,.T.);
#2741=ORIENTED_EDGE('',*,*,#4696,.T.);
#2742=ORIENTED_EDGE('',*,*,#3798,.F.);
#2743=ORIENTED_EDGE('',*,*,#4700,.F.);
#2744=ORIENTED_EDGE('',*,*,#4701,.T.);
#2745=ORIENTED_EDGE('',*,*,#4698,.T.);
#2746=ORIENTED_EDGE('',*,*,#3797,.F.);
#2747=ORIENTED_EDGE('',*,*,#4702,.F.);
#2748=ORIENTED_EDGE('',*,*,#4703,.T.);
#2749=ORIENTED_EDGE('',*,*,#4700,.T.);
#2750=ORIENTED_EDGE('',*,*,#3796,.F.);
#2751=ORIENTED_EDGE('',*,*,#4704,.F.);
#2752=ORIENTED_EDGE('',*,*,#4705,.T.);
#2753=ORIENTED_EDGE('',*,*,#4702,.T.);
#2754=ORIENTED_EDGE('',*,*,#3795,.F.);
#2755=ORIENTED_EDGE('',*,*,#4653,.F.);
#2756=ORIENTED_EDGE('',*,*,#4706,.T.);
#2757=ORIENTED_EDGE('',*,*,#4704,.T.);
#2758=ORIENTED_EDGE('',*,*,#4652,.F.);
#2759=ORIENTED_EDGE('',*,*,#4655,.F.);
#2760=ORIENTED_EDGE('',*,*,#4657,.F.);
#2761=ORIENTED_EDGE('',*,*,#4659,.F.);
#2762=ORIENTED_EDGE('',*,*,#4661,.F.);
#2763=ORIENTED_EDGE('',*,*,#4663,.F.);
#2764=ORIENTED_EDGE('',*,*,#4665,.F.);
#2765=ORIENTED_EDGE('',*,*,#4667,.F.);
#2766=ORIENTED_EDGE('',*,*,#4669,.F.);
#2767=ORIENTED_EDGE('',*,*,#4671,.F.);
#2768=ORIENTED_EDGE('',*,*,#4673,.F.);
#2769=ORIENTED_EDGE('',*,*,#4675,.F.);
#2770=ORIENTED_EDGE('',*,*,#4677,.F.);
#2771=ORIENTED_EDGE('',*,*,#4679,.F.);
#2772=ORIENTED_EDGE('',*,*,#4681,.F.);
#2773=ORIENTED_EDGE('',*,*,#4683,.F.);
#2774=ORIENTED_EDGE('',*,*,#4685,.F.);
#2775=ORIENTED_EDGE('',*,*,#4687,.F.);
#2776=ORIENTED_EDGE('',*,*,#4689,.F.);
#2777=ORIENTED_EDGE('',*,*,#4691,.F.);
#2778=ORIENTED_EDGE('',*,*,#4693,.F.);
#2779=ORIENTED_EDGE('',*,*,#4695,.F.);
#2780=ORIENTED_EDGE('',*,*,#4697,.F.);
#2781=ORIENTED_EDGE('',*,*,#4699,.F.);
#2782=ORIENTED_EDGE('',*,*,#4701,.F.);
#2783=ORIENTED_EDGE('',*,*,#4703,.F.);
#2784=ORIENTED_EDGE('',*,*,#4705,.F.);
#2785=ORIENTED_EDGE('',*,*,#4706,.F.);
#2786=ORIENTED_EDGE('',*,*,#4707,.F.);
#2787=ORIENTED_EDGE('',*,*,#4708,.F.);
#2788=ORIENTED_EDGE('',*,*,#4709,.T.);
#2789=ORIENTED_EDGE('',*,*,#4710,.T.);
#2790=ORIENTED_EDGE('',*,*,#4711,.F.);
#2791=ORIENTED_EDGE('',*,*,#4712,.F.);
#2792=ORIENTED_EDGE('',*,*,#4713,.T.);
#2793=ORIENTED_EDGE('',*,*,#4708,.T.);
#2794=ORIENTED_EDGE('',*,*,#4714,.F.);
#2795=ORIENTED_EDGE('',*,*,#4715,.F.);
#2796=ORIENTED_EDGE('',*,*,#4716,.T.);
#2797=ORIENTED_EDGE('',*,*,#4712,.T.);
#2798=ORIENTED_EDGE('',*,*,#4717,.F.);
#2799=ORIENTED_EDGE('',*,*,#4718,.F.);
#2800=ORIENTED_EDGE('',*,*,#4719,.T.);
#2801=ORIENTED_EDGE('',*,*,#4715,.T.);
#2802=ORIENTED_EDGE('',*,*,#3786,.F.);
#2803=ORIENTED_EDGE('',*,*,#4720,.F.);
#2804=ORIENTED_EDGE('',*,*,#4721,.T.);
#2805=ORIENTED_EDGE('',*,*,#4722,.T.);
#2806=ORIENTED_EDGE('',*,*,#3793,.F.);
#2807=ORIENTED_EDGE('',*,*,#4723,.F.);
#2808=ORIENTED_EDGE('',*,*,#4724,.T.);
#2809=ORIENTED_EDGE('',*,*,#4720,.T.);
#2810=ORIENTED_EDGE('',*,*,#3792,.F.);
#2811=ORIENTED_EDGE('',*,*,#4725,.F.);
#2812=ORIENTED_EDGE('',*,*,#4726,.T.);
#2813=ORIENTED_EDGE('',*,*,#4723,.T.);
#2814=ORIENTED_EDGE('',*,*,#3791,.F.);
#2815=ORIENTED_EDGE('',*,*,#4727,.F.);
#2816=ORIENTED_EDGE('',*,*,#4728,.T.);
#2817=ORIENTED_EDGE('',*,*,#4725,.T.);
#2818=ORIENTED_EDGE('',*,*,#3790,.F.);
#2819=ORIENTED_EDGE('',*,*,#4729,.F.);
#2820=ORIENTED_EDGE('',*,*,#4730,.T.);
#2821=ORIENTED_EDGE('',*,*,#4727,.T.);
#2822=ORIENTED_EDGE('',*,*,#3789,.F.);
#2823=ORIENTED_EDGE('',*,*,#4731,.F.);
#2824=ORIENTED_EDGE('',*,*,#4732,.T.);
#2825=ORIENTED_EDGE('',*,*,#4729,.T.);
#2826=ORIENTED_EDGE('',*,*,#3788,.F.);
#2827=ORIENTED_EDGE('',*,*,#4733,.F.);
#2828=ORIENTED_EDGE('',*,*,#4734,.T.);
#2829=ORIENTED_EDGE('',*,*,#4731,.T.);
#2830=ORIENTED_EDGE('',*,*,#3787,.F.);
#2831=ORIENTED_EDGE('',*,*,#4722,.F.);
#2832=ORIENTED_EDGE('',*,*,#4735,.T.);
#2833=ORIENTED_EDGE('',*,*,#4733,.T.);
#2834=ORIENTED_EDGE('',*,*,#4736,.F.);
#2835=ORIENTED_EDGE('',*,*,#4710,.F.);
#2836=ORIENTED_EDGE('',*,*,#4737,.T.);
#2837=ORIENTED_EDGE('',*,*,#4718,.T.);
#2838=ORIENTED_EDGE('',*,*,#4721,.F.);
#2839=ORIENTED_EDGE('',*,*,#4724,.F.);
#2840=ORIENTED_EDGE('',*,*,#4726,.F.);
#2841=ORIENTED_EDGE('',*,*,#4728,.F.);
#2842=ORIENTED_EDGE('',*,*,#4730,.F.);
#2843=ORIENTED_EDGE('',*,*,#4732,.F.);
#2844=ORIENTED_EDGE('',*,*,#4734,.F.);
#2845=ORIENTED_EDGE('',*,*,#4735,.F.);
#2846=ORIENTED_EDGE('',*,*,#4709,.F.);
#2847=ORIENTED_EDGE('',*,*,#4713,.F.);
#2848=ORIENTED_EDGE('',*,*,#4716,.F.);
#2849=ORIENTED_EDGE('',*,*,#4719,.F.);
#2850=ORIENTED_EDGE('',*,*,#4737,.F.);
#2851=ORIENTED_EDGE('',*,*,#4707,.T.);
#2852=ORIENTED_EDGE('',*,*,#4736,.T.);
#2853=ORIENTED_EDGE('',*,*,#4717,.T.);
#2854=ORIENTED_EDGE('',*,*,#4714,.T.);
#2855=ORIENTED_EDGE('',*,*,#4711,.T.);
#2856=ORIENTED_EDGE('',*,*,#3761,.F.);
#2857=ORIENTED_EDGE('',*,*,#4738,.F.);
#2858=ORIENTED_EDGE('',*,*,#4739,.T.);
#2859=ORIENTED_EDGE('',*,*,#4740,.T.);
#2860=ORIENTED_EDGE('',*,*,#3785,.F.);
#2861=ORIENTED_EDGE('',*,*,#4741,.F.);
#2862=ORIENTED_EDGE('',*,*,#4742,.T.);
#2863=ORIENTED_EDGE('',*,*,#4738,.T.);
#2864=ORIENTED_EDGE('',*,*,#3784,.F.);
#2865=ORIENTED_EDGE('',*,*,#4743,.F.);
#2866=ORIENTED_EDGE('',*,*,#4744,.T.);
#2867=ORIENTED_EDGE('',*,*,#4741,.T.);
#2868=ORIENTED_EDGE('',*,*,#3783,.F.);
#2869=ORIENTED_EDGE('',*,*,#4745,.F.);
#2870=ORIENTED_EDGE('',*,*,#4746,.T.);
#2871=ORIENTED_EDGE('',*,*,#4743,.T.);
#2872=ORIENTED_EDGE('',*,*,#3782,.F.);
#2873=ORIENTED_EDGE('',*,*,#4747,.F.);
#2874=ORIENTED_EDGE('',*,*,#4748,.T.);
#2875=ORIENTED_EDGE('',*,*,#4745,.T.);
#2876=ORIENTED_EDGE('',*,*,#3781,.F.);
#2877=ORIENTED_EDGE('',*,*,#4749,.F.);
#2878=ORIENTED_EDGE('',*,*,#4750,.T.);
#2879=ORIENTED_EDGE('',*,*,#4747,.T.);
#2880=ORIENTED_EDGE('',*,*,#3780,.F.);
#2881=ORIENTED_EDGE('',*,*,#4751,.F.);
#2882=ORIENTED_EDGE('',*,*,#4752,.T.);
#2883=ORIENTED_EDGE('',*,*,#4749,.T.);
#2884=ORIENTED_EDGE('',*,*,#3779,.F.);
#2885=ORIENTED_EDGE('',*,*,#4753,.F.);
#2886=ORIENTED_EDGE('',*,*,#4754,.T.);
#2887=ORIENTED_EDGE('',*,*,#4751,.T.);
#2888=ORIENTED_EDGE('',*,*,#3778,.F.);
#2889=ORIENTED_EDGE('',*,*,#4755,.F.);
#2890=ORIENTED_EDGE('',*,*,#4756,.T.);
#2891=ORIENTED_EDGE('',*,*,#4753,.T.);
#2892=ORIENTED_EDGE('',*,*,#3777,.F.);
#2893=ORIENTED_EDGE('',*,*,#4757,.F.);
#2894=ORIENTED_EDGE('',*,*,#4758,.T.);
#2895=ORIENTED_EDGE('',*,*,#4755,.T.);
#2896=ORIENTED_EDGE('',*,*,#3776,.F.);
#2897=ORIENTED_EDGE('',*,*,#4759,.F.);
#2898=ORIENTED_EDGE('',*,*,#4760,.T.);
#2899=ORIENTED_EDGE('',*,*,#4757,.T.);
#2900=ORIENTED_EDGE('',*,*,#3775,.F.);
#2901=ORIENTED_EDGE('',*,*,#4761,.F.);
#2902=ORIENTED_EDGE('',*,*,#4762,.T.);
#2903=ORIENTED_EDGE('',*,*,#4759,.T.);
#2904=ORIENTED_EDGE('',*,*,#3774,.F.);
#2905=ORIENTED_EDGE('',*,*,#4763,.F.);
#2906=ORIENTED_EDGE('',*,*,#4764,.T.);
#2907=ORIENTED_EDGE('',*,*,#4761,.T.);
#2908=ORIENTED_EDGE('',*,*,#3773,.F.);
#2909=ORIENTED_EDGE('',*,*,#4765,.F.);
#2910=ORIENTED_EDGE('',*,*,#4766,.T.);
#2911=ORIENTED_EDGE('',*,*,#4763,.T.);
#2912=ORIENTED_EDGE('',*,*,#3772,.F.);
#2913=ORIENTED_EDGE('',*,*,#4767,.F.);
#2914=ORIENTED_EDGE('',*,*,#4768,.T.);
#2915=ORIENTED_EDGE('',*,*,#4765,.T.);
#2916=ORIENTED_EDGE('',*,*,#3771,.F.);
#2917=ORIENTED_EDGE('',*,*,#4769,.F.);
#2918=ORIENTED_EDGE('',*,*,#4770,.T.);
#2919=ORIENTED_EDGE('',*,*,#4767,.T.);
#2920=ORIENTED_EDGE('',*,*,#3770,.F.);
#2921=ORIENTED_EDGE('',*,*,#4771,.F.);
#2922=ORIENTED_EDGE('',*,*,#4772,.T.);
#2923=ORIENTED_EDGE('',*,*,#4769,.T.);
#2924=ORIENTED_EDGE('',*,*,#3769,.F.);
#2925=ORIENTED_EDGE('',*,*,#4773,.F.);
#2926=ORIENTED_EDGE('',*,*,#4774,.T.);
#2927=ORIENTED_EDGE('',*,*,#4771,.T.);
#2928=ORIENTED_EDGE('',*,*,#3768,.F.);
#2929=ORIENTED_EDGE('',*,*,#4775,.F.);
#2930=ORIENTED_EDGE('',*,*,#4776,.T.);
#2931=ORIENTED_EDGE('',*,*,#4773,.T.);
#2932=ORIENTED_EDGE('',*,*,#3767,.F.);
#2933=ORIENTED_EDGE('',*,*,#4777,.F.);
#2934=ORIENTED_EDGE('',*,*,#4778,.T.);
#2935=ORIENTED_EDGE('',*,*,#4775,.T.);
#2936=ORIENTED_EDGE('',*,*,#3766,.F.);
#2937=ORIENTED_EDGE('',*,*,#4779,.F.);
#2938=ORIENTED_EDGE('',*,*,#4780,.T.);
#2939=ORIENTED_EDGE('',*,*,#4777,.T.);
#2940=ORIENTED_EDGE('',*,*,#3765,.F.);
#2941=ORIENTED_EDGE('',*,*,#4781,.F.);
#2942=ORIENTED_EDGE('',*,*,#4782,.T.);
#2943=ORIENTED_EDGE('',*,*,#4779,.T.);
#2944=ORIENTED_EDGE('',*,*,#3764,.F.);
#2945=ORIENTED_EDGE('',*,*,#4783,.F.);
#2946=ORIENTED_EDGE('',*,*,#4784,.T.);
#2947=ORIENTED_EDGE('',*,*,#4781,.T.);
#2948=ORIENTED_EDGE('',*,*,#3763,.F.);
#2949=ORIENTED_EDGE('',*,*,#4785,.F.);
#2950=ORIENTED_EDGE('',*,*,#4786,.T.);
#2951=ORIENTED_EDGE('',*,*,#4783,.T.);
#2952=ORIENTED_EDGE('',*,*,#3762,.F.);
#2953=ORIENTED_EDGE('',*,*,#4740,.F.);
#2954=ORIENTED_EDGE('',*,*,#4787,.T.);
#2955=ORIENTED_EDGE('',*,*,#4785,.T.);
#2956=ORIENTED_EDGE('',*,*,#4739,.F.);
#2957=ORIENTED_EDGE('',*,*,#4742,.F.);
#2958=ORIENTED_EDGE('',*,*,#4744,.F.);
#2959=ORIENTED_EDGE('',*,*,#4746,.F.);
#2960=ORIENTED_EDGE('',*,*,#4748,.F.);
#2961=ORIENTED_EDGE('',*,*,#4750,.F.);
#2962=ORIENTED_EDGE('',*,*,#4752,.F.);
#2963=ORIENTED_EDGE('',*,*,#4754,.F.);
#2964=ORIENTED_EDGE('',*,*,#4756,.F.);
#2965=ORIENTED_EDGE('',*,*,#4758,.F.);
#2966=ORIENTED_EDGE('',*,*,#4760,.F.);
#2967=ORIENTED_EDGE('',*,*,#4762,.F.);
#2968=ORIENTED_EDGE('',*,*,#4764,.F.);
#2969=ORIENTED_EDGE('',*,*,#4766,.F.);
#2970=ORIENTED_EDGE('',*,*,#4768,.F.);
#2971=ORIENTED_EDGE('',*,*,#4770,.F.);
#2972=ORIENTED_EDGE('',*,*,#4772,.F.);
#2973=ORIENTED_EDGE('',*,*,#4774,.F.);
#2974=ORIENTED_EDGE('',*,*,#4776,.F.);
#2975=ORIENTED_EDGE('',*,*,#4778,.F.);
#2976=ORIENTED_EDGE('',*,*,#4780,.F.);
#2977=ORIENTED_EDGE('',*,*,#4782,.F.);
#2978=ORIENTED_EDGE('',*,*,#4784,.F.);
#2979=ORIENTED_EDGE('',*,*,#4786,.F.);
#2980=ORIENTED_EDGE('',*,*,#4787,.F.);
#2981=ORIENTED_EDGE('',*,*,#3757,.F.);
#2982=ORIENTED_EDGE('',*,*,#4788,.F.);
#2983=ORIENTED_EDGE('',*,*,#4789,.T.);
#2984=ORIENTED_EDGE('',*,*,#4790,.T.);
#2985=ORIENTED_EDGE('',*,*,#3760,.F.);
#2986=ORIENTED_EDGE('',*,*,#4791,.F.);
#2987=ORIENTED_EDGE('',*,*,#4792,.T.);
#2988=ORIENTED_EDGE('',*,*,#4788,.T.);
#2989=ORIENTED_EDGE('',*,*,#3759,.F.);
#2990=ORIENTED_EDGE('',*,*,#4793,.F.);
#2991=ORIENTED_EDGE('',*,*,#4794,.T.);
#2992=ORIENTED_EDGE('',*,*,#4791,.T.);
#2993=ORIENTED_EDGE('',*,*,#3758,.F.);
#2994=ORIENTED_EDGE('',*,*,#4790,.F.);
#2995=ORIENTED_EDGE('',*,*,#4795,.T.);
#2996=ORIENTED_EDGE('',*,*,#4793,.T.);
#2997=ORIENTED_EDGE('',*,*,#4789,.F.);
#2998=ORIENTED_EDGE('',*,*,#4792,.F.);
#2999=ORIENTED_EDGE('',*,*,#4794,.F.);
#3000=ORIENTED_EDGE('',*,*,#4795,.F.);
#3001=ORIENTED_EDGE('',*,*,#3741,.F.);
#3002=ORIENTED_EDGE('',*,*,#4796,.F.);
#3003=ORIENTED_EDGE('',*,*,#4797,.T.);
#3004=ORIENTED_EDGE('',*,*,#4798,.T.);
#3005=ORIENTED_EDGE('',*,*,#3756,.F.);
#3006=ORIENTED_EDGE('',*,*,#4799,.F.);
#3007=ORIENTED_EDGE('',*,*,#4800,.T.);
#3008=ORIENTED_EDGE('',*,*,#4796,.T.);
#3009=ORIENTED_EDGE('',*,*,#3755,.F.);
#3010=ORIENTED_EDGE('',*,*,#4801,.F.);
#3011=ORIENTED_EDGE('',*,*,#4802,.T.);
#3012=ORIENTED_EDGE('',*,*,#4799,.T.);
#3013=ORIENTED_EDGE('',*,*,#3754,.F.);
#3014=ORIENTED_EDGE('',*,*,#4803,.F.);
#3015=ORIENTED_EDGE('',*,*,#4804,.T.);
#3016=ORIENTED_EDGE('',*,*,#4801,.T.);
#3017=ORIENTED_EDGE('',*,*,#3753,.F.);
#3018=ORIENTED_EDGE('',*,*,#4805,.F.);
#3019=ORIENTED_EDGE('',*,*,#4806,.T.);
#3020=ORIENTED_EDGE('',*,*,#4803,.T.);
#3021=ORIENTED_EDGE('',*,*,#3752,.F.);
#3022=ORIENTED_EDGE('',*,*,#4807,.F.);
#3023=ORIENTED_EDGE('',*,*,#4808,.T.);
#3024=ORIENTED_EDGE('',*,*,#4805,.T.);
#3025=ORIENTED_EDGE('',*,*,#3751,.F.);
#3026=ORIENTED_EDGE('',*,*,#4809,.F.);
#3027=ORIENTED_EDGE('',*,*,#4810,.T.);
#3028=ORIENTED_EDGE('',*,*,#4807,.T.);
#3029=ORIENTED_EDGE('',*,*,#3750,.F.);
#3030=ORIENTED_EDGE('',*,*,#4811,.F.);
#3031=ORIENTED_EDGE('',*,*,#4812,.T.);
#3032=ORIENTED_EDGE('',*,*,#4809,.T.);
#3033=ORIENTED_EDGE('',*,*,#3749,.F.);
#3034=ORIENTED_EDGE('',*,*,#4813,.F.);
#3035=ORIENTED_EDGE('',*,*,#4814,.T.);
#3036=ORIENTED_EDGE('',*,*,#4811,.T.);
#3037=ORIENTED_EDGE('',*,*,#3748,.F.);
#3038=ORIENTED_EDGE('',*,*,#4815,.F.);
#3039=ORIENTED_EDGE('',*,*,#4816,.T.);
#3040=ORIENTED_EDGE('',*,*,#4813,.T.);
#3041=ORIENTED_EDGE('',*,*,#3747,.F.);
#3042=ORIENTED_EDGE('',*,*,#4817,.F.);
#3043=ORIENTED_EDGE('',*,*,#4818,.T.);
#3044=ORIENTED_EDGE('',*,*,#4815,.T.);
#3045=ORIENTED_EDGE('',*,*,#3746,.F.);
#3046=ORIENTED_EDGE('',*,*,#4819,.F.);
#3047=ORIENTED_EDGE('',*,*,#4820,.T.);
#3048=ORIENTED_EDGE('',*,*,#4817,.T.);
#3049=ORIENTED_EDGE('',*,*,#3745,.F.);
#3050=ORIENTED_EDGE('',*,*,#4821,.F.);
#3051=ORIENTED_EDGE('',*,*,#4822,.T.);
#3052=ORIENTED_EDGE('',*,*,#4819,.T.);
#3053=ORIENTED_EDGE('',*,*,#3744,.F.);
#3054=ORIENTED_EDGE('',*,*,#4823,.F.);
#3055=ORIENTED_EDGE('',*,*,#4824,.T.);
#3056=ORIENTED_EDGE('',*,*,#4821,.T.);
#3057=ORIENTED_EDGE('',*,*,#3743,.F.);
#3058=ORIENTED_EDGE('',*,*,#4825,.F.);
#3059=ORIENTED_EDGE('',*,*,#4826,.T.);
#3060=ORIENTED_EDGE('',*,*,#4823,.T.);
#3061=ORIENTED_EDGE('',*,*,#3742,.F.);
#3062=ORIENTED_EDGE('',*,*,#4798,.F.);
#3063=ORIENTED_EDGE('',*,*,#4827,.T.);
#3064=ORIENTED_EDGE('',*,*,#4825,.T.);
#3065=ORIENTED_EDGE('',*,*,#4797,.F.);
#3066=ORIENTED_EDGE('',*,*,#4800,.F.);
#3067=ORIENTED_EDGE('',*,*,#4802,.F.);
#3068=ORIENTED_EDGE('',*,*,#4804,.F.);
#3069=ORIENTED_EDGE('',*,*,#4806,.F.);
#3070=ORIENTED_EDGE('',*,*,#4808,.F.);
#3071=ORIENTED_EDGE('',*,*,#4810,.F.);
#3072=ORIENTED_EDGE('',*,*,#4812,.F.);
#3073=ORIENTED_EDGE('',*,*,#4814,.F.);
#3074=ORIENTED_EDGE('',*,*,#4816,.F.);
#3075=ORIENTED_EDGE('',*,*,#4818,.F.);
#3076=ORIENTED_EDGE('',*,*,#4820,.F.);
#3077=ORIENTED_EDGE('',*,*,#4822,.F.);
#3078=ORIENTED_EDGE('',*,*,#4824,.F.);
#3079=ORIENTED_EDGE('',*,*,#4826,.F.);
#3080=ORIENTED_EDGE('',*,*,#4827,.F.);
#3081=ORIENTED_EDGE('',*,*,#3737,.F.);
#3082=ORIENTED_EDGE('',*,*,#4828,.F.);
#3083=ORIENTED_EDGE('',*,*,#4829,.T.);
#3084=ORIENTED_EDGE('',*,*,#4830,.T.);
#3085=ORIENTED_EDGE('',*,*,#3740,.F.);
#3086=ORIENTED_EDGE('',*,*,#4831,.F.);
#3087=ORIENTED_EDGE('',*,*,#4832,.T.);
#3088=ORIENTED_EDGE('',*,*,#4828,.T.);
#3089=ORIENTED_EDGE('',*,*,#3739,.F.);
#3090=ORIENTED_EDGE('',*,*,#4833,.F.);
#3091=ORIENTED_EDGE('',*,*,#4834,.T.);
#3092=ORIENTED_EDGE('',*,*,#4831,.T.);
#3093=ORIENTED_EDGE('',*,*,#3738,.F.);
#3094=ORIENTED_EDGE('',*,*,#4830,.F.);
#3095=ORIENTED_EDGE('',*,*,#4835,.T.);
#3096=ORIENTED_EDGE('',*,*,#4833,.T.);
#3097=ORIENTED_EDGE('',*,*,#4829,.F.);
#3098=ORIENTED_EDGE('',*,*,#4832,.F.);
#3099=ORIENTED_EDGE('',*,*,#4834,.F.);
#3100=ORIENTED_EDGE('',*,*,#4835,.F.);
#3101=ORIENTED_EDGE('',*,*,#3721,.F.);
#3102=ORIENTED_EDGE('',*,*,#4836,.F.);
#3103=ORIENTED_EDGE('',*,*,#4837,.T.);
#3104=ORIENTED_EDGE('',*,*,#4838,.T.);
#3105=ORIENTED_EDGE('',*,*,#3736,.F.);
#3106=ORIENTED_EDGE('',*,*,#4839,.F.);
#3107=ORIENTED_EDGE('',*,*,#4840,.T.);
#3108=ORIENTED_EDGE('',*,*,#4836,.T.);
#3109=ORIENTED_EDGE('',*,*,#3735,.F.);
#3110=ORIENTED_EDGE('',*,*,#4841,.F.);
#3111=ORIENTED_EDGE('',*,*,#4842,.T.);
#3112=ORIENTED_EDGE('',*,*,#4839,.T.);
#3113=ORIENTED_EDGE('',*,*,#3734,.F.);
#3114=ORIENTED_EDGE('',*,*,#4843,.F.);
#3115=ORIENTED_EDGE('',*,*,#4844,.T.);
#3116=ORIENTED_EDGE('',*,*,#4841,.T.);
#3117=ORIENTED_EDGE('',*,*,#3733,.F.);
#3118=ORIENTED_EDGE('',*,*,#4845,.F.);
#3119=ORIENTED_EDGE('',*,*,#4846,.T.);
#3120=ORIENTED_EDGE('',*,*,#4843,.T.);
#3121=ORIENTED_EDGE('',*,*,#3732,.F.);
#3122=ORIENTED_EDGE('',*,*,#4847,.F.);
#3123=ORIENTED_EDGE('',*,*,#4848,.T.);
#3124=ORIENTED_EDGE('',*,*,#4845,.T.);
#3125=ORIENTED_EDGE('',*,*,#3731,.F.);
#3126=ORIENTED_EDGE('',*,*,#4849,.F.);
#3127=ORIENTED_EDGE('',*,*,#4850,.T.);
#3128=ORIENTED_EDGE('',*,*,#4847,.T.);
#3129=ORIENTED_EDGE('',*,*,#3730,.F.);
#3130=ORIENTED_EDGE('',*,*,#4851,.F.);
#3131=ORIENTED_EDGE('',*,*,#4852,.T.);
#3132=ORIENTED_EDGE('',*,*,#4849,.T.);
#3133=ORIENTED_EDGE('',*,*,#3729,.F.);
#3134=ORIENTED_EDGE('',*,*,#4853,.F.);
#3135=ORIENTED_EDGE('',*,*,#4854,.T.);
#3136=ORIENTED_EDGE('',*,*,#4851,.T.);
#3137=ORIENTED_EDGE('',*,*,#3728,.F.);
#3138=ORIENTED_EDGE('',*,*,#4855,.F.);
#3139=ORIENTED_EDGE('',*,*,#4856,.T.);
#3140=ORIENTED_EDGE('',*,*,#4853,.T.);
#3141=ORIENTED_EDGE('',*,*,#3727,.F.);
#3142=ORIENTED_EDGE('',*,*,#4857,.F.);
#3143=ORIENTED_EDGE('',*,*,#4858,.T.);
#3144=ORIENTED_EDGE('',*,*,#4855,.T.);
#3145=ORIENTED_EDGE('',*,*,#3726,.F.);
#3146=ORIENTED_EDGE('',*,*,#4859,.F.);
#3147=ORIENTED_EDGE('',*,*,#4860,.T.);
#3148=ORIENTED_EDGE('',*,*,#4857,.T.);
#3149=ORIENTED_EDGE('',*,*,#3725,.F.);
#3150=ORIENTED_EDGE('',*,*,#4861,.F.);
#3151=ORIENTED_EDGE('',*,*,#4862,.T.);
#3152=ORIENTED_EDGE('',*,*,#4859,.T.);
#3153=ORIENTED_EDGE('',*,*,#3724,.F.);
#3154=ORIENTED_EDGE('',*,*,#4863,.F.);
#3155=ORIENTED_EDGE('',*,*,#4864,.T.);
#3156=ORIENTED_EDGE('',*,*,#4861,.T.);
#3157=ORIENTED_EDGE('',*,*,#3723,.F.);
#3158=ORIENTED_EDGE('',*,*,#4865,.F.);
#3159=ORIENTED_EDGE('',*,*,#4866,.T.);
#3160=ORIENTED_EDGE('',*,*,#4863,.T.);
#3161=ORIENTED_EDGE('',*,*,#3722,.F.);
#3162=ORIENTED_EDGE('',*,*,#4838,.F.);
#3163=ORIENTED_EDGE('',*,*,#4867,.T.);
#3164=ORIENTED_EDGE('',*,*,#4865,.T.);
#3165=ORIENTED_EDGE('',*,*,#4837,.F.);
#3166=ORIENTED_EDGE('',*,*,#4840,.F.);
#3167=ORIENTED_EDGE('',*,*,#4842,.F.);
#3168=ORIENTED_EDGE('',*,*,#4844,.F.);
#3169=ORIENTED_EDGE('',*,*,#4846,.F.);
#3170=ORIENTED_EDGE('',*,*,#4848,.F.);
#3171=ORIENTED_EDGE('',*,*,#4850,.F.);
#3172=ORIENTED_EDGE('',*,*,#4852,.F.);
#3173=ORIENTED_EDGE('',*,*,#4854,.F.);
#3174=ORIENTED_EDGE('',*,*,#4856,.F.);
#3175=ORIENTED_EDGE('',*,*,#4858,.F.);
#3176=ORIENTED_EDGE('',*,*,#4860,.F.);
#3177=ORIENTED_EDGE('',*,*,#4862,.F.);
#3178=ORIENTED_EDGE('',*,*,#4864,.F.);
#3179=ORIENTED_EDGE('',*,*,#4866,.F.);
#3180=ORIENTED_EDGE('',*,*,#4867,.F.);
#3181=ORIENTED_EDGE('',*,*,#3702,.F.);
#3182=ORIENTED_EDGE('',*,*,#4868,.F.);
#3183=ORIENTED_EDGE('',*,*,#4869,.T.);
#3184=ORIENTED_EDGE('',*,*,#4870,.T.);
#3185=ORIENTED_EDGE('',*,*,#3720,.F.);
#3186=ORIENTED_EDGE('',*,*,#4871,.F.);
#3187=ORIENTED_EDGE('',*,*,#4872,.T.);
#3188=ORIENTED_EDGE('',*,*,#4868,.T.);
#3189=ORIENTED_EDGE('',*,*,#3719,.F.);
#3190=ORIENTED_EDGE('',*,*,#4873,.F.);
#3191=ORIENTED_EDGE('',*,*,#4874,.T.);
#3192=ORIENTED_EDGE('',*,*,#4871,.T.);
#3193=ORIENTED_EDGE('',*,*,#3718,.F.);
#3194=ORIENTED_EDGE('',*,*,#4875,.F.);
#3195=ORIENTED_EDGE('',*,*,#4876,.T.);
#3196=ORIENTED_EDGE('',*,*,#4873,.T.);
#3197=ORIENTED_EDGE('',*,*,#3717,.F.);
#3198=ORIENTED_EDGE('',*,*,#4877,.F.);
#3199=ORIENTED_EDGE('',*,*,#4878,.T.);
#3200=ORIENTED_EDGE('',*,*,#4875,.T.);
#3201=ORIENTED_EDGE('',*,*,#3716,.F.);
#3202=ORIENTED_EDGE('',*,*,#4879,.F.);
#3203=ORIENTED_EDGE('',*,*,#4880,.T.);
#3204=ORIENTED_EDGE('',*,*,#4877,.T.);
#3205=ORIENTED_EDGE('',*,*,#3715,.F.);
#3206=ORIENTED_EDGE('',*,*,#4881,.F.);
#3207=ORIENTED_EDGE('',*,*,#4882,.T.);
#3208=ORIENTED_EDGE('',*,*,#4879,.T.);
#3209=ORIENTED_EDGE('',*,*,#3714,.F.);
#3210=ORIENTED_EDGE('',*,*,#4883,.F.);
#3211=ORIENTED_EDGE('',*,*,#4884,.T.);
#3212=ORIENTED_EDGE('',*,*,#4881,.T.);
#3213=ORIENTED_EDGE('',*,*,#3713,.F.);
#3214=ORIENTED_EDGE('',*,*,#4885,.F.);
#3215=ORIENTED_EDGE('',*,*,#4886,.T.);
#3216=ORIENTED_EDGE('',*,*,#4883,.T.);
#3217=ORIENTED_EDGE('',*,*,#3712,.F.);
#3218=ORIENTED_EDGE('',*,*,#4887,.F.);
#3219=ORIENTED_EDGE('',*,*,#4888,.T.);
#3220=ORIENTED_EDGE('',*,*,#4885,.T.);
#3221=ORIENTED_EDGE('',*,*,#3711,.F.);
#3222=ORIENTED_EDGE('',*,*,#4889,.F.);
#3223=ORIENTED_EDGE('',*,*,#4890,.T.);
#3224=ORIENTED_EDGE('',*,*,#4887,.T.);
#3225=ORIENTED_EDGE('',*,*,#3710,.F.);
#3226=ORIENTED_EDGE('',*,*,#4891,.F.);
#3227=ORIENTED_EDGE('',*,*,#4892,.T.);
#3228=ORIENTED_EDGE('',*,*,#4889,.T.);
#3229=ORIENTED_EDGE('',*,*,#3709,.F.);
#3230=ORIENTED_EDGE('',*,*,#4893,.F.);
#3231=ORIENTED_EDGE('',*,*,#4894,.T.);
#3232=ORIENTED_EDGE('',*,*,#4891,.T.);
#3233=ORIENTED_EDGE('',*,*,#3708,.F.);
#3234=ORIENTED_EDGE('',*,*,#4895,.F.);
#3235=ORIENTED_EDGE('',*,*,#4896,.T.);
#3236=ORIENTED_EDGE('',*,*,#4893,.T.);
#3237=ORIENTED_EDGE('',*,*,#3707,.F.);
#3238=ORIENTED_EDGE('',*,*,#4897,.F.);
#3239=ORIENTED_EDGE('',*,*,#4898,.T.);
#3240=ORIENTED_EDGE('',*,*,#4895,.T.);
#3241=ORIENTED_EDGE('',*,*,#3706,.F.);
#3242=ORIENTED_EDGE('',*,*,#4899,.F.);
#3243=ORIENTED_EDGE('',*,*,#4900,.T.);
#3244=ORIENTED_EDGE('',*,*,#4897,.T.);
#3245=ORIENTED_EDGE('',*,*,#3705,.F.);
#3246=ORIENTED_EDGE('',*,*,#4901,.F.);
#3247=ORIENTED_EDGE('',*,*,#4902,.T.);
#3248=ORIENTED_EDGE('',*,*,#4899,.T.);
#3249=ORIENTED_EDGE('',*,*,#3704,.F.);
#3250=ORIENTED_EDGE('',*,*,#4903,.F.);
#3251=ORIENTED_EDGE('',*,*,#4904,.T.);
#3252=ORIENTED_EDGE('',*,*,#4901,.T.);
#3253=ORIENTED_EDGE('',*,*,#3703,.F.);
#3254=ORIENTED_EDGE('',*,*,#4870,.F.);
#3255=ORIENTED_EDGE('',*,*,#4905,.T.);
#3256=ORIENTED_EDGE('',*,*,#4903,.T.);
#3257=ORIENTED_EDGE('',*,*,#4869,.F.);
#3258=ORIENTED_EDGE('',*,*,#4872,.F.);
#3259=ORIENTED_EDGE('',*,*,#4874,.F.);
#3260=ORIENTED_EDGE('',*,*,#4876,.F.);
#3261=ORIENTED_EDGE('',*,*,#4878,.F.);
#3262=ORIENTED_EDGE('',*,*,#4880,.F.);
#3263=ORIENTED_EDGE('',*,*,#4882,.F.);
#3264=ORIENTED_EDGE('',*,*,#4884,.F.);
#3265=ORIENTED_EDGE('',*,*,#4886,.F.);
#3266=ORIENTED_EDGE('',*,*,#4888,.F.);
#3267=ORIENTED_EDGE('',*,*,#4890,.F.);
#3268=ORIENTED_EDGE('',*,*,#4892,.F.);
#3269=ORIENTED_EDGE('',*,*,#4894,.F.);
#3270=ORIENTED_EDGE('',*,*,#4896,.F.);
#3271=ORIENTED_EDGE('',*,*,#4898,.F.);
#3272=ORIENTED_EDGE('',*,*,#4900,.F.);
#3273=ORIENTED_EDGE('',*,*,#4902,.F.);
#3274=ORIENTED_EDGE('',*,*,#4904,.F.);
#3275=ORIENTED_EDGE('',*,*,#4905,.F.);
#3276=ORIENTED_EDGE('',*,*,#3677,.F.);
#3277=ORIENTED_EDGE('',*,*,#4906,.F.);
#3278=ORIENTED_EDGE('',*,*,#4907,.T.);
#3279=ORIENTED_EDGE('',*,*,#4908,.T.);
#3280=ORIENTED_EDGE('',*,*,#3701,.F.);
#3281=ORIENTED_EDGE('',*,*,#4909,.F.);
#3282=ORIENTED_EDGE('',*,*,#4910,.T.);
#3283=ORIENTED_EDGE('',*,*,#4906,.T.);
#3284=ORIENTED_EDGE('',*,*,#3700,.F.);
#3285=ORIENTED_EDGE('',*,*,#4911,.F.);
#3286=ORIENTED_EDGE('',*,*,#4912,.T.);
#3287=ORIENTED_EDGE('',*,*,#4909,.T.);
#3288=ORIENTED_EDGE('',*,*,#3699,.F.);
#3289=ORIENTED_EDGE('',*,*,#4913,.F.);
#3290=ORIENTED_EDGE('',*,*,#4914,.T.);
#3291=ORIENTED_EDGE('',*,*,#4911,.T.);
#3292=ORIENTED_EDGE('',*,*,#3698,.F.);
#3293=ORIENTED_EDGE('',*,*,#4915,.F.);
#3294=ORIENTED_EDGE('',*,*,#4916,.T.);
#3295=ORIENTED_EDGE('',*,*,#4913,.T.);
#3296=ORIENTED_EDGE('',*,*,#3697,.F.);
#3297=ORIENTED_EDGE('',*,*,#4917,.F.);
#3298=ORIENTED_EDGE('',*,*,#4918,.T.);
#3299=ORIENTED_EDGE('',*,*,#4915,.T.);
#3300=ORIENTED_EDGE('',*,*,#3696,.F.);
#3301=ORIENTED_EDGE('',*,*,#4919,.F.);
#3302=ORIENTED_EDGE('',*,*,#4920,.T.);
#3303=ORIENTED_EDGE('',*,*,#4917,.T.);
#3304=ORIENTED_EDGE('',*,*,#3695,.F.);
#3305=ORIENTED_EDGE('',*,*,#4921,.F.);
#3306=ORIENTED_EDGE('',*,*,#4922,.T.);
#3307=ORIENTED_EDGE('',*,*,#4919,.T.);
#3308=ORIENTED_EDGE('',*,*,#3694,.F.);
#3309=ORIENTED_EDGE('',*,*,#4923,.F.);
#3310=ORIENTED_EDGE('',*,*,#4924,.T.);
#3311=ORIENTED_EDGE('',*,*,#4921,.T.);
#3312=ORIENTED_EDGE('',*,*,#3693,.F.);
#3313=ORIENTED_EDGE('',*,*,#4925,.F.);
#3314=ORIENTED_EDGE('',*,*,#4926,.T.);
#3315=ORIENTED_EDGE('',*,*,#4923,.T.);
#3316=ORIENTED_EDGE('',*,*,#3692,.F.);
#3317=ORIENTED_EDGE('',*,*,#4927,.F.);
#3318=ORIENTED_EDGE('',*,*,#4928,.T.);
#3319=ORIENTED_EDGE('',*,*,#4925,.T.);
#3320=ORIENTED_EDGE('',*,*,#3691,.F.);
#3321=ORIENTED_EDGE('',*,*,#4929,.F.);
#3322=ORIENTED_EDGE('',*,*,#4930,.T.);
#3323=ORIENTED_EDGE('',*,*,#4927,.T.);
#3324=ORIENTED_EDGE('',*,*,#3690,.F.);
#3325=ORIENTED_EDGE('',*,*,#4931,.F.);
#3326=ORIENTED_EDGE('',*,*,#4932,.T.);
#3327=ORIENTED_EDGE('',*,*,#4929,.T.);
#3328=ORIENTED_EDGE('',*,*,#3689,.F.);
#3329=ORIENTED_EDGE('',*,*,#4933,.F.);
#3330=ORIENTED_EDGE('',*,*,#4934,.T.);
#3331=ORIENTED_EDGE('',*,*,#4931,.T.);
#3332=ORIENTED_EDGE('',*,*,#3688,.F.);
#3333=ORIENTED_EDGE('',*,*,#4935,.F.);
#3334=ORIENTED_EDGE('',*,*,#4936,.T.);
#3335=ORIENTED_EDGE('',*,*,#4933,.T.);
#3336=ORIENTED_EDGE('',*,*,#3687,.F.);
#3337=ORIENTED_EDGE('',*,*,#4937,.F.);
#3338=ORIENTED_EDGE('',*,*,#4938,.T.);
#3339=ORIENTED_EDGE('',*,*,#4935,.T.);
#3340=ORIENTED_EDGE('',*,*,#3686,.F.);
#3341=ORIENTED_EDGE('',*,*,#4939,.F.);
#3342=ORIENTED_EDGE('',*,*,#4940,.T.);
#3343=ORIENTED_EDGE('',*,*,#4937,.T.);
#3344=ORIENTED_EDGE('',*,*,#3685,.F.);
#3345=ORIENTED_EDGE('',*,*,#4941,.F.);
#3346=ORIENTED_EDGE('',*,*,#4942,.T.);
#3347=ORIENTED_EDGE('',*,*,#4939,.T.);
#3348=ORIENTED_EDGE('',*,*,#3684,.F.);
#3349=ORIENTED_EDGE('',*,*,#4943,.F.);
#3350=ORIENTED_EDGE('',*,*,#4944,.T.);
#3351=ORIENTED_EDGE('',*,*,#4941,.T.);
#3352=ORIENTED_EDGE('',*,*,#3683,.F.);
#3353=ORIENTED_EDGE('',*,*,#4945,.F.);
#3354=ORIENTED_EDGE('',*,*,#4946,.T.);
#3355=ORIENTED_EDGE('',*,*,#4943,.T.);
#3356=ORIENTED_EDGE('',*,*,#3682,.F.);
#3357=ORIENTED_EDGE('',*,*,#4947,.F.);
#3358=ORIENTED_EDGE('',*,*,#4948,.T.);
#3359=ORIENTED_EDGE('',*,*,#4945,.T.);
#3360=ORIENTED_EDGE('',*,*,#3681,.F.);
#3361=ORIENTED_EDGE('',*,*,#4949,.F.);
#3362=ORIENTED_EDGE('',*,*,#4950,.T.);
#3363=ORIENTED_EDGE('',*,*,#4947,.T.);
#3364=ORIENTED_EDGE('',*,*,#3680,.F.);
#3365=ORIENTED_EDGE('',*,*,#4951,.F.);
#3366=ORIENTED_EDGE('',*,*,#4952,.T.);
#3367=ORIENTED_EDGE('',*,*,#4949,.T.);
#3368=ORIENTED_EDGE('',*,*,#3679,.F.);
#3369=ORIENTED_EDGE('',*,*,#4953,.F.);
#3370=ORIENTED_EDGE('',*,*,#4954,.T.);
#3371=ORIENTED_EDGE('',*,*,#4951,.T.);
#3372=ORIENTED_EDGE('',*,*,#3678,.F.);
#3373=ORIENTED_EDGE('',*,*,#4908,.F.);
#3374=ORIENTED_EDGE('',*,*,#4955,.T.);
#3375=ORIENTED_EDGE('',*,*,#4953,.T.);
#3376=ORIENTED_EDGE('',*,*,#4907,.F.);
#3377=ORIENTED_EDGE('',*,*,#4910,.F.);
#3378=ORIENTED_EDGE('',*,*,#4912,.F.);
#3379=ORIENTED_EDGE('',*,*,#4914,.F.);
#3380=ORIENTED_EDGE('',*,*,#4916,.F.);
#3381=ORIENTED_EDGE('',*,*,#4918,.F.);
#3382=ORIENTED_EDGE('',*,*,#4920,.F.);
#3383=ORIENTED_EDGE('',*,*,#4922,.F.);
#3384=ORIENTED_EDGE('',*,*,#4924,.F.);
#3385=ORIENTED_EDGE('',*,*,#4926,.F.);
#3386=ORIENTED_EDGE('',*,*,#4928,.F.);
#3387=ORIENTED_EDGE('',*,*,#4930,.F.);
#3388=ORIENTED_EDGE('',*,*,#4932,.F.);
#3389=ORIENTED_EDGE('',*,*,#4934,.F.);
#3390=ORIENTED_EDGE('',*,*,#4936,.F.);
#3391=ORIENTED_EDGE('',*,*,#4938,.F.);
#3392=ORIENTED_EDGE('',*,*,#4940,.F.);
#3393=ORIENTED_EDGE('',*,*,#4942,.F.);
#3394=ORIENTED_EDGE('',*,*,#4944,.F.);
#3395=ORIENTED_EDGE('',*,*,#4946,.F.);
#3396=ORIENTED_EDGE('',*,*,#4948,.F.);
#3397=ORIENTED_EDGE('',*,*,#4950,.F.);
#3398=ORIENTED_EDGE('',*,*,#4952,.F.);
#3399=ORIENTED_EDGE('',*,*,#4954,.F.);
#3400=ORIENTED_EDGE('',*,*,#4955,.F.);
#3401=ORIENTED_EDGE('',*,*,#4956,.F.);
#3402=ORIENTED_EDGE('',*,*,#4957,.F.);
#3403=ORIENTED_EDGE('',*,*,#4958,.T.);
#3404=ORIENTED_EDGE('',*,*,#4959,.T.);
#3405=ORIENTED_EDGE('',*,*,#4960,.T.);
#3406=ORIENTED_EDGE('',*,*,#4961,.F.);
#3407=ORIENTED_EDGE('',*,*,#4962,.F.);
#3408=ORIENTED_EDGE('',*,*,#4957,.T.);
#3409=ORIENTED_EDGE('',*,*,#4963,.T.);
#3410=ORIENTED_EDGE('',*,*,#4964,.F.);
#3411=ORIENTED_EDGE('',*,*,#4965,.F.);
#3412=ORIENTED_EDGE('',*,*,#4961,.T.);
#3413=ORIENTED_EDGE('',*,*,#4966,.F.);
#3414=ORIENTED_EDGE('',*,*,#4967,.F.);
#3415=ORIENTED_EDGE('',*,*,#4968,.T.);
#3416=ORIENTED_EDGE('',*,*,#4969,.T.);
#3417=ORIENTED_EDGE('',*,*,#4970,.T.);
#3418=ORIENTED_EDGE('',*,*,#4971,.F.);
#3419=ORIENTED_EDGE('',*,*,#4972,.F.);
#3420=ORIENTED_EDGE('',*,*,#4967,.T.);
#3421=ORIENTED_EDGE('',*,*,#4973,.T.);
#3422=ORIENTED_EDGE('',*,*,#4974,.F.);
#3423=ORIENTED_EDGE('',*,*,#4975,.F.);
#3424=ORIENTED_EDGE('',*,*,#4971,.T.);
#3425=ORIENTED_EDGE('',*,*,#4976,.F.);
#3426=ORIENTED_EDGE('',*,*,#4977,.F.);
#3427=ORIENTED_EDGE('',*,*,#4978,.T.);
#3428=ORIENTED_EDGE('',*,*,#4979,.T.);
#3429=ORIENTED_EDGE('',*,*,#4980,.T.);
#3430=ORIENTED_EDGE('',*,*,#4981,.F.);
#3431=ORIENTED_EDGE('',*,*,#4982,.F.);
#3432=ORIENTED_EDGE('',*,*,#4977,.T.);
#3433=ORIENTED_EDGE('',*,*,#4983,.T.);
#3434=ORIENTED_EDGE('',*,*,#4984,.F.);
#3435=ORIENTED_EDGE('',*,*,#4985,.F.);
#3436=ORIENTED_EDGE('',*,*,#4981,.T.);
#3437=ORIENTED_EDGE('',*,*,#4986,.F.);
#3438=ORIENTED_EDGE('',*,*,#4987,.F.);
#3439=ORIENTED_EDGE('',*,*,#4988,.T.);
#3440=ORIENTED_EDGE('',*,*,#4989,.T.);
#3441=ORIENTED_EDGE('',*,*,#4990,.T.);
#3442=ORIENTED_EDGE('',*,*,#4991,.F.);
#3443=ORIENTED_EDGE('',*,*,#4992,.F.);
#3444=ORIENTED_EDGE('',*,*,#4987,.T.);
#3445=ORIENTED_EDGE('',*,*,#4993,.T.);
#3446=ORIENTED_EDGE('',*,*,#4994,.F.);
#3447=ORIENTED_EDGE('',*,*,#4995,.F.);
#3448=ORIENTED_EDGE('',*,*,#4991,.T.);
#3449=ORIENTED_EDGE('',*,*,#4996,.F.);
#3450=ORIENTED_EDGE('',*,*,#4997,.F.);
#3451=ORIENTED_EDGE('',*,*,#4998,.T.);
#3452=ORIENTED_EDGE('',*,*,#4999,.T.);
#3453=ORIENTED_EDGE('',*,*,#5000,.T.);
#3454=ORIENTED_EDGE('',*,*,#5001,.F.);
#3455=ORIENTED_EDGE('',*,*,#5002,.F.);
#3456=ORIENTED_EDGE('',*,*,#4997,.T.);
#3457=ORIENTED_EDGE('',*,*,#5003,.T.);
#3458=ORIENTED_EDGE('',*,*,#5004,.F.);
#3459=ORIENTED_EDGE('',*,*,#5005,.F.);
#3460=ORIENTED_EDGE('',*,*,#5001,.T.);
#3461=ORIENTED_EDGE('',*,*,#5006,.F.);
#3462=ORIENTED_EDGE('',*,*,#5007,.F.);
#3463=ORIENTED_EDGE('',*,*,#5008,.T.);
#3464=ORIENTED_EDGE('',*,*,#5009,.T.);
#3465=ORIENTED_EDGE('',*,*,#5010,.T.);
#3466=ORIENTED_EDGE('',*,*,#5011,.F.);
#3467=ORIENTED_EDGE('',*,*,#5012,.F.);
#3468=ORIENTED_EDGE('',*,*,#5007,.T.);
#3469=ORIENTED_EDGE('',*,*,#5013,.T.);
#3470=ORIENTED_EDGE('',*,*,#5014,.F.);
#3471=ORIENTED_EDGE('',*,*,#5015,.F.);
#3472=ORIENTED_EDGE('',*,*,#5011,.T.);
#3473=ORIENTED_EDGE('',*,*,#5016,.F.);
#3474=ORIENTED_EDGE('',*,*,#5017,.F.);
#3475=ORIENTED_EDGE('',*,*,#5018,.T.);
#3476=ORIENTED_EDGE('',*,*,#5019,.T.);
#3477=ORIENTED_EDGE('',*,*,#5020,.T.);
#3478=ORIENTED_EDGE('',*,*,#5021,.F.);
#3479=ORIENTED_EDGE('',*,*,#5022,.F.);
#3480=ORIENTED_EDGE('',*,*,#5017,.T.);
#3481=ORIENTED_EDGE('',*,*,#5023,.T.);
#3482=ORIENTED_EDGE('',*,*,#5024,.F.);
#3483=ORIENTED_EDGE('',*,*,#5025,.F.);
#3484=ORIENTED_EDGE('',*,*,#5021,.T.);
#3485=ORIENTED_EDGE('',*,*,#5026,.F.);
#3486=ORIENTED_EDGE('',*,*,#5027,.T.);
#3487=ORIENTED_EDGE('',*,*,#5028,.T.);
#3488=ORIENTED_EDGE('',*,*,#5029,.F.);
#3489=ORIENTED_EDGE('',*,*,#5030,.F.);
#3490=ORIENTED_EDGE('',*,*,#5031,.T.);
#3491=ORIENTED_EDGE('',*,*,#5026,.T.);
#3492=ORIENTED_EDGE('',*,*,#5032,.T.);
#3493=ORIENTED_EDGE('',*,*,#5033,.F.);
#3494=ORIENTED_EDGE('',*,*,#5034,.T.);
#3495=ORIENTED_EDGE('',*,*,#5030,.T.);
#3496=ORIENTED_EDGE('',*,*,#5035,.T.);
#3497=ORIENTED_EDGE('',*,*,#5036,.F.);
#3498=ORIENTED_EDGE('',*,*,#5037,.T.);
#3499=ORIENTED_EDGE('',*,*,#5033,.T.);
#3500=ORIENTED_EDGE('',*,*,#5038,.T.);
#3501=ORIENTED_EDGE('',*,*,#5039,.F.);
#3502=ORIENTED_EDGE('',*,*,#5040,.T.);
#3503=ORIENTED_EDGE('',*,*,#5036,.T.);
#3504=ORIENTED_EDGE('',*,*,#5041,.T.);
#3505=ORIENTED_EDGE('',*,*,#5042,.F.);
#3506=ORIENTED_EDGE('',*,*,#5043,.T.);
#3507=ORIENTED_EDGE('',*,*,#5039,.T.);
#3508=ORIENTED_EDGE('',*,*,#5044,.T.);
#3509=ORIENTED_EDGE('',*,*,#5045,.F.);
#3510=ORIENTED_EDGE('',*,*,#5046,.T.);
#3511=ORIENTED_EDGE('',*,*,#5042,.T.);
#3512=ORIENTED_EDGE('',*,*,#5047,.F.);
#3513=ORIENTED_EDGE('',*,*,#5048,.T.);
#3514=ORIENTED_EDGE('',*,*,#5049,.F.);
#3515=ORIENTED_EDGE('',*,*,#5050,.T.);
#3516=ORIENTED_EDGE('',*,*,#5051,.F.);
#3517=ORIENTED_EDGE('',*,*,#5052,.F.);
#3518=ORIENTED_EDGE('',*,*,#4959,.F.);
#3519=ORIENTED_EDGE('',*,*,#5053,.T.);
#3520=ORIENTED_EDGE('',*,*,#4964,.T.);
#3521=ORIENTED_EDGE('',*,*,#5054,.F.);
#3522=ORIENTED_EDGE('',*,*,#4969,.F.);
#3523=ORIENTED_EDGE('',*,*,#5055,.T.);
#3524=ORIENTED_EDGE('',*,*,#4974,.T.);
#3525=ORIENTED_EDGE('',*,*,#5056,.F.);
#3526=ORIENTED_EDGE('',*,*,#4979,.F.);
#3527=ORIENTED_EDGE('',*,*,#5057,.T.);
#3528=ORIENTED_EDGE('',*,*,#4984,.T.);
#3529=ORIENTED_EDGE('',*,*,#5058,.F.);
#3530=ORIENTED_EDGE('',*,*,#4989,.F.);
#3531=ORIENTED_EDGE('',*,*,#5059,.T.);
#3532=ORIENTED_EDGE('',*,*,#4994,.T.);
#3533=ORIENTED_EDGE('',*,*,#5060,.F.);
#3534=ORIENTED_EDGE('',*,*,#4999,.F.);
#3535=ORIENTED_EDGE('',*,*,#5061,.T.);
#3536=ORIENTED_EDGE('',*,*,#5004,.T.);
#3537=ORIENTED_EDGE('',*,*,#5062,.F.);
#3538=ORIENTED_EDGE('',*,*,#5009,.F.);
#3539=ORIENTED_EDGE('',*,*,#5063,.T.);
#3540=ORIENTED_EDGE('',*,*,#5014,.T.);
#3541=ORIENTED_EDGE('',*,*,#5064,.F.);
#3542=ORIENTED_EDGE('',*,*,#5019,.F.);
#3543=ORIENTED_EDGE('',*,*,#5065,.T.);
#3544=ORIENTED_EDGE('',*,*,#5024,.T.);
#3545=ORIENTED_EDGE('',*,*,#5028,.F.);
#3546=ORIENTED_EDGE('',*,*,#5066,.T.);
#3547=ORIENTED_EDGE('',*,*,#5045,.T.);
#3548=ORIENTED_EDGE('',*,*,#5067,.T.);
#3549=ORIENTED_EDGE('',*,*,#5068,.T.);
#3550=ORIENTED_EDGE('',*,*,#5069,.F.);
#3551=ORIENTED_EDGE('',*,*,#5070,.T.);
#3552=ORIENTED_EDGE('',*,*,#5071,.F.);
#3553=ORIENTED_EDGE('',*,*,#5072,.T.);
#3554=ORIENTED_EDGE('',*,*,#5073,.T.);
#3555=ORIENTED_EDGE('',*,*,#5074,.T.);
#3556=ORIENTED_EDGE('',*,*,#5075,.T.);
#3557=ORIENTED_EDGE('',*,*,#5076,.T.);
#3558=ORIENTED_EDGE('',*,*,#5077,.T.);
#3559=ORIENTED_EDGE('',*,*,#5078,.T.);
#3560=ORIENTED_EDGE('',*,*,#5079,.T.);
#3561=ORIENTED_EDGE('',*,*,#5068,.F.);
#3562=ORIENTED_EDGE('',*,*,#5018,.F.);
#3563=ORIENTED_EDGE('',*,*,#5022,.T.);
#3564=ORIENTED_EDGE('',*,*,#5025,.T.);
#3565=ORIENTED_EDGE('',*,*,#5065,.F.);
#3566=ORIENTED_EDGE('',*,*,#5008,.F.);
#3567=ORIENTED_EDGE('',*,*,#5012,.T.);
#3568=ORIENTED_EDGE('',*,*,#5015,.T.);
#3569=ORIENTED_EDGE('',*,*,#5063,.F.);
#3570=ORIENTED_EDGE('',*,*,#4998,.F.);
#3571=ORIENTED_EDGE('',*,*,#5002,.T.);
#3572=ORIENTED_EDGE('',*,*,#5005,.T.);
#3573=ORIENTED_EDGE('',*,*,#5061,.F.);
#3574=ORIENTED_EDGE('',*,*,#4988,.F.);
#3575=ORIENTED_EDGE('',*,*,#4992,.T.);
#3576=ORIENTED_EDGE('',*,*,#4995,.T.);
#3577=ORIENTED_EDGE('',*,*,#5059,.F.);
#3578=ORIENTED_EDGE('',*,*,#4978,.F.);
#3579=ORIENTED_EDGE('',*,*,#4982,.T.);
#3580=ORIENTED_EDGE('',*,*,#4985,.T.);
#3581=ORIENTED_EDGE('',*,*,#5057,.F.);
#3582=ORIENTED_EDGE('',*,*,#4968,.F.);
#3583=ORIENTED_EDGE('',*,*,#4972,.T.);
#3584=ORIENTED_EDGE('',*,*,#4975,.T.);
#3585=ORIENTED_EDGE('',*,*,#5055,.F.);
#3586=ORIENTED_EDGE('',*,*,#4958,.F.);
#3587=ORIENTED_EDGE('',*,*,#4962,.T.);
#3588=ORIENTED_EDGE('',*,*,#4965,.T.);
#3589=ORIENTED_EDGE('',*,*,#5053,.F.);
#3590=ORIENTED_EDGE('',*,*,#5050,.F.);
#3591=ORIENTED_EDGE('',*,*,#5048,.F.);
#3592=ORIENTED_EDGE('',*,*,#5070,.F.);
#3593=ORIENTED_EDGE('',*,*,#5069,.T.);
#3594=ORIENTED_EDGE('',*,*,#5029,.T.);
#3595=ORIENTED_EDGE('',*,*,#5067,.F.);
#3596=ORIENTED_EDGE('',*,*,#5047,.T.);
#3597=ORIENTED_EDGE('',*,*,#5044,.F.);
#3598=ORIENTED_EDGE('',*,*,#5041,.F.);
#3599=ORIENTED_EDGE('',*,*,#5038,.F.);
#3600=ORIENTED_EDGE('',*,*,#5035,.F.);
#3601=ORIENTED_EDGE('',*,*,#5032,.F.);
#3602=ORIENTED_EDGE('',*,*,#5016,.T.);
#3603=ORIENTED_EDGE('',*,*,#5064,.T.);
#3604=ORIENTED_EDGE('',*,*,#5023,.F.);
#3605=ORIENTED_EDGE('',*,*,#5020,.F.);
#3606=ORIENTED_EDGE('',*,*,#5006,.T.);
#3607=ORIENTED_EDGE('',*,*,#5062,.T.);
#3608=ORIENTED_EDGE('',*,*,#5013,.F.);
#3609=ORIENTED_EDGE('',*,*,#5010,.F.);
#3610=ORIENTED_EDGE('',*,*,#4996,.T.);
#3611=ORIENTED_EDGE('',*,*,#5060,.T.);
#3612=ORIENTED_EDGE('',*,*,#5003,.F.);
#3613=ORIENTED_EDGE('',*,*,#5000,.F.);
#3614=ORIENTED_EDGE('',*,*,#4986,.T.);
#3615=ORIENTED_EDGE('',*,*,#5058,.T.);
#3616=ORIENTED_EDGE('',*,*,#4993,.F.);
#3617=ORIENTED_EDGE('',*,*,#4990,.F.);
#3618=ORIENTED_EDGE('',*,*,#4976,.T.);
#3619=ORIENTED_EDGE('',*,*,#5056,.T.);
#3620=ORIENTED_EDGE('',*,*,#4983,.F.);
#3621=ORIENTED_EDGE('',*,*,#4980,.F.);
#3622=ORIENTED_EDGE('',*,*,#4966,.T.);
#3623=ORIENTED_EDGE('',*,*,#5054,.T.);
#3624=ORIENTED_EDGE('',*,*,#4973,.F.);
#3625=ORIENTED_EDGE('',*,*,#4970,.F.);
#3626=ORIENTED_EDGE('',*,*,#4956,.T.);
#3627=ORIENTED_EDGE('',*,*,#5052,.T.);
#3628=ORIENTED_EDGE('',*,*,#4963,.F.);
#3629=ORIENTED_EDGE('',*,*,#4960,.F.);
#3630=ORIENTED_EDGE('',*,*,#5051,.T.);
#3631=ORIENTED_EDGE('',*,*,#5049,.T.);
#3632=ORIENTED_EDGE('',*,*,#5071,.T.);
#3633=ORIENTED_EDGE('',*,*,#5080,.F.);
#3634=ORIENTED_EDGE('',*,*,#5043,.F.);
#3635=ORIENTED_EDGE('',*,*,#5081,.F.);
#3636=ORIENTED_EDGE('',*,*,#5077,.F.);
#3637=ORIENTED_EDGE('',*,*,#5081,.T.);
#3638=ORIENTED_EDGE('',*,*,#5046,.F.);
#3639=ORIENTED_EDGE('',*,*,#5082,.F.);
#3640=ORIENTED_EDGE('',*,*,#5078,.F.);
#3641=ORIENTED_EDGE('',*,*,#5080,.T.);
#3642=ORIENTED_EDGE('',*,*,#5076,.F.);
#3643=ORIENTED_EDGE('',*,*,#5083,.F.);
#3644=ORIENTED_EDGE('',*,*,#5040,.F.);
#3645=ORIENTED_EDGE('',*,*,#5082,.T.);
#3646=ORIENTED_EDGE('',*,*,#5066,.F.);
#3647=ORIENTED_EDGE('',*,*,#5084,.F.);
#3648=ORIENTED_EDGE('',*,*,#5079,.F.);
#3649=ORIENTED_EDGE('',*,*,#5083,.T.);
#3650=ORIENTED_EDGE('',*,*,#5075,.F.);
#3651=ORIENTED_EDGE('',*,*,#5085,.F.);
#3652=ORIENTED_EDGE('',*,*,#5037,.F.);
#3653=ORIENTED_EDGE('',*,*,#5084,.T.);
#3654=ORIENTED_EDGE('',*,*,#5027,.F.);
#3655=ORIENTED_EDGE('',*,*,#5086,.F.);
#3656=ORIENTED_EDGE('',*,*,#5072,.F.);
#3657=ORIENTED_EDGE('',*,*,#5085,.T.);
#3658=ORIENTED_EDGE('',*,*,#5074,.F.);
#3659=ORIENTED_EDGE('',*,*,#5087,.F.);
#3660=ORIENTED_EDGE('',*,*,#5034,.F.);
#3661=ORIENTED_EDGE('',*,*,#5086,.T.);
#3662=ORIENTED_EDGE('',*,*,#5031,.F.);
#3663=ORIENTED_EDGE('',*,*,#5087,.T.);
#3664=ORIENTED_EDGE('',*,*,#5073,.F.);
#3665=EDGE_CURVE('',#5088,#5089,#6042,.T.);
#3666=EDGE_CURVE('',#5090,#5088,#6043,.T.);
#3667=EDGE_CURVE('',#5090,#5091,#6044,.T.);
#3668=EDGE_CURVE('',#5091,#5089,#6045,.T.);
#3669=EDGE_CURVE('',#5088,#5092,#6046,.T.);
#3670=EDGE_CURVE('',#5093,#5092,#6047,.T.);
#3671=EDGE_CURVE('',#5090,#5093,#6048,.T.);
#3672=EDGE_CURVE('',#5092,#5094,#6049,.T.);
#3673=EDGE_CURVE('',#5095,#5094,#6050,.T.);
#3674=EDGE_CURVE('',#5093,#5095,#6051,.T.);
#3675=EDGE_CURVE('',#5089,#5094,#6052,.T.);
#3676=EDGE_CURVE('',#5091,#5095,#6053,.T.);
#3677=EDGE_CURVE('',#5096,#5097,#459,.T.);
#3678=EDGE_CURVE('',#5097,#5098,#460,.T.);
#3679=EDGE_CURVE('',#5098,#5099,#461,.T.);
#3680=EDGE_CURVE('',#5099,#5100,#6054,.T.);
#3681=EDGE_CURVE('',#5100,#5101,#279,.F.);
#3682=EDGE_CURVE('',#5101,#5102,#280,.F.);
#3683=EDGE_CURVE('',#5102,#5103,#462,.T.);
#3684=EDGE_CURVE('',#5103,#5104,#463,.T.);
#3685=EDGE_CURVE('',#5104,#5105,#464,.T.);
#3686=EDGE_CURVE('',#5105,#5106,#465,.T.);
#3687=EDGE_CURVE('',#5106,#5107,#466,.T.);
#3688=EDGE_CURVE('',#5107,#5108,#467,.T.);
#3689=EDGE_CURVE('',#5108,#5109,#468,.T.);
#3690=EDGE_CURVE('',#5109,#5110,#469,.T.);
#3691=EDGE_CURVE('',#5110,#5111,#470,.T.);
#3692=EDGE_CURVE('',#5111,#5112,#281,.T.);
#3693=EDGE_CURVE('',#5112,#5113,#6055,.T.);
#3694=EDGE_CURVE('',#5113,#5114,#471,.T.);
#3695=EDGE_CURVE('',#5114,#5115,#472,.T.);
#3696=EDGE_CURVE('',#5115,#5116,#473,.T.);
#3697=EDGE_CURVE('',#5116,#5117,#474,.T.);
#3698=EDGE_CURVE('',#5117,#5118,#475,.T.);
#3699=EDGE_CURVE('',#5118,#5119,#476,.T.);
#3700=EDGE_CURVE('',#5119,#5120,#477,.T.);
#3701=EDGE_CURVE('',#5120,#5096,#478,.T.);
#3702=EDGE_CURVE('',#5121,#5122,#282,.F.);
#3703=EDGE_CURVE('',#5122,#5123,#283,.F.);
#3704=EDGE_CURVE('',#5123,#5124,#6056,.T.);
#3705=EDGE_CURVE('',#5124,#5125,#284,.T.);
#3706=EDGE_CURVE('',#5125,#5126,#285,.T.);
#3707=EDGE_CURVE('',#5126,#5127,#479,.T.);
#3708=EDGE_CURVE('',#5127,#5128,#6057,.T.);
#3709=EDGE_CURVE('',#5128,#5129,#6058,.T.);
#3710=EDGE_CURVE('',#5129,#5130,#6059,.T.);
#3711=EDGE_CURVE('',#5130,#5131,#6060,.T.);
#3712=EDGE_CURVE('',#5131,#5132,#6061,.T.);
#3713=EDGE_CURVE('',#5132,#5133,#6062,.T.);
#3714=EDGE_CURVE('',#5133,#5134,#6063,.T.);
#3715=EDGE_CURVE('',#5134,#5135,#6064,.T.);
#3716=EDGE_CURVE('',#5135,#5136,#6065,.T.);
#3717=EDGE_CURVE('',#5136,#5137,#6066,.T.);
#3718=EDGE_CURVE('',#5137,#5138,#6067,.T.);
#3719=EDGE_CURVE('',#5138,#5139,#480,.T.);
#3720=EDGE_CURVE('',#5139,#5121,#481,.T.);
#3721=EDGE_CURVE('',#5140,#5141,#6068,.T.);
#3722=EDGE_CURVE('',#5141,#5142,#6069,.T.);
#3723=EDGE_CURVE('',#5142,#5143,#482,.T.);
#3724=EDGE_CURVE('',#5143,#5144,#6070,.T.);
#3725=EDGE_CURVE('',#5144,#5145,#286,.T.);
#3726=EDGE_CURVE('',#5145,#5146,#287,.T.);
#3727=EDGE_CURVE('',#5146,#5147,#6071,.T.);
#3728=EDGE_CURVE('',#5147,#5148,#6072,.T.);
#3729=EDGE_CURVE('',#5148,#5149,#483,.T.);
#3730=EDGE_CURVE('',#5149,#5150,#484,.T.);
#3731=EDGE_CURVE('',#5150,#5151,#288,.T.);
#3732=EDGE_CURVE('',#5151,#5152,#6073,.T.);
#3733=EDGE_CURVE('',#5152,#5153,#289,.F.);
#3734=EDGE_CURVE('',#5153,#5154,#485,.T.);
#3735=EDGE_CURVE('',#5154,#5155,#6074,.T.);
#3736=EDGE_CURVE('',#5155,#5140,#6075,.T.);
#3737=EDGE_CURVE('',#5156,#5157,#6076,.T.);
#3738=EDGE_CURVE('',#5157,#5158,#6077,.T.);
#3739=EDGE_CURVE('',#5158,#5159,#6078,.T.);
#3740=EDGE_CURVE('',#5159,#5156,#6079,.T.);
#3741=EDGE_CURVE('',#5160,#5161,#6080,.T.);
#3742=EDGE_CURVE('',#5161,#5162,#6081,.T.);
#3743=EDGE_CURVE('',#5162,#5163,#486,.T.);
#3744=EDGE_CURVE('',#5163,#5164,#6082,.T.);
#3745=EDGE_CURVE('',#5164,#5165,#290,.T.);
#3746=EDGE_CURVE('',#5165,#5166,#291,.T.);
#3747=EDGE_CURVE('',#5166,#5167,#6083,.T.);
#3748=EDGE_CURVE('',#5167,#5168,#6084,.T.);
#3749=EDGE_CURVE('',#5168,#5169,#487,.T.);
#3750=EDGE_CURVE('',#5169,#5170,#488,.T.);
#3751=EDGE_CURVE('',#5170,#5171,#292,.T.);
#3752=EDGE_CURVE('',#5171,#5172,#6085,.T.);
#3753=EDGE_CURVE('',#5172,#5173,#293,.F.);
#3754=EDGE_CURVE('',#5173,#5174,#489,.T.);
#3755=EDGE_CURVE('',#5174,#5175,#6086,.T.);
#3756=EDGE_CURVE('',#5175,#5160,#6087,.T.);
#3757=EDGE_CURVE('',#5176,#5177,#6088,.T.);
#3758=EDGE_CURVE('',#5177,#5178,#6089,.T.);
#3759=EDGE_CURVE('',#5178,#5179,#6090,.T.);
#3760=EDGE_CURVE('',#5179,#5176,#6091,.T.);
#3761=EDGE_CURVE('',#5180,#5181,#490,.T.);
#3762=EDGE_CURVE('',#5181,#5182,#491,.T.);
#3763=EDGE_CURVE('',#5182,#5183,#492,.T.);
#3764=EDGE_CURVE('',#5183,#5184,#6092,.T.);
#3765=EDGE_CURVE('',#5184,#5185,#294,.F.);
#3766=EDGE_CURVE('',#5185,#5186,#295,.F.);
#3767=EDGE_CURVE('',#5186,#5187,#493,.T.);
#3768=EDGE_CURVE('',#5187,#5188,#494,.T.);
#3769=EDGE_CURVE('',#5188,#5189,#495,.T.);
#3770=EDGE_CURVE('',#5189,#5190,#496,.T.);
#3771=EDGE_CURVE('',#5190,#5191,#497,.T.);
#3772=EDGE_CURVE('',#5191,#5192,#296,.T.);
#3773=EDGE_CURVE('',#5192,#5193,#297,.T.);
#3774=EDGE_CURVE('',#5193,#5194,#298,.T.);
#3775=EDGE_CURVE('',#5194,#5195,#498,.T.);
#3776=EDGE_CURVE('',#5195,#5196,#299,.T.);
#3777=EDGE_CURVE('',#5196,#5197,#6093,.T.);
#3778=EDGE_CURVE('',#5197,#5198,#499,.T.);
#3779=EDGE_CURVE('',#5198,#5199,#500,.T.);
#3780=EDGE_CURVE('',#5199,#5200,#501,.T.);
#3781=EDGE_CURVE('',#5200,#5201,#300,.F.);
#3782=EDGE_CURVE('',#5201,#5202,#301,.F.);
#3783=EDGE_CURVE('',#5202,#5203,#502,.T.);
#3784=EDGE_CURVE('',#5203,#5204,#503,.T.);
#3785=EDGE_CURVE('',#5204,#5180,#504,.T.);
#3786=EDGE_CURVE('',#5205,#5206,#6094,.T.);
#3787=EDGE_CURVE('',#5206,#5207,#6095,.T.);
#3788=EDGE_CURVE('',#5207,#5208,#6096,.T.);
#3789=EDGE_CURVE('',#5208,#5209,#6097,.T.);
#3790=EDGE_CURVE('',#5209,#5210,#6098,.T.);
#3791=EDGE_CURVE('',#5210,#5211,#6099,.T.);
#3792=EDGE_CURVE('',#5211,#5212,#6100,.T.);
#3793=EDGE_CURVE('',#5212,#5205,#6101,.T.);
#3794=EDGE_CURVE('',#5213,#5214,#6102,.T.);
#3795=EDGE_CURVE('',#5214,#5215,#505,.T.);
#3796=EDGE_CURVE('',#5215,#5216,#506,.T.);
#3797=EDGE_CURVE('',#5216,#5217,#507,.T.);
#3798=EDGE_CURVE('',#5217,#5218,#508,.T.);
#3799=EDGE_CURVE('',#5218,#5219,#6103,.T.);
#3800=EDGE_CURVE('',#5219,#5220,#6104,.T.);
#3801=EDGE_CURVE('',#5220,#5221,#6105,.T.);
#3802=EDGE_CURVE('',#5221,#5222,#509,.T.);
#3803=EDGE_CURVE('',#5222,#5223,#510,.T.);
#3804=EDGE_CURVE('',#5223,#5224,#511,.T.);
#3805=EDGE_CURVE('',#5224,#5225,#512,.T.);
#3806=EDGE_CURVE('',#5225,#5226,#6106,.T.);
#3807=EDGE_CURVE('',#5226,#5227,#6107,.T.);
#3808=EDGE_CURVE('',#5227,#5228,#6108,.T.);
#3809=EDGE_CURVE('',#5228,#5229,#6109,.T.);
#3810=EDGE_CURVE('',#5229,#5230,#6110,.T.);
#3811=EDGE_CURVE('',#5230,#5231,#6111,.T.);
#3812=EDGE_CURVE('',#5231,#5232,#302,.T.);
#3813=EDGE_CURVE('',#5232,#5233,#303,.T.);
#3814=EDGE_CURVE('',#5233,#5234,#513,.T.);
#3815=EDGE_CURVE('',#5234,#5235,#6112,.T.);
#3816=EDGE_CURVE('',#5235,#5236,#304,.T.);
#3817=EDGE_CURVE('',#5236,#5237,#305,.T.);
#3818=EDGE_CURVE('',#5237,#5238,#514,.T.);
#3819=EDGE_CURVE('',#5238,#5239,#515,.T.);
#3820=EDGE_CURVE('',#5239,#5240,#6113,.T.);
#3821=EDGE_CURVE('',#5240,#5213,#6114,.T.);
#3822=EDGE_CURVE('',#5241,#5242,#6115,.T.);
#3823=EDGE_CURVE('',#5242,#5243,#6116,.T.);
#3824=EDGE_CURVE('',#5243,#5244,#516,.T.);
#3825=EDGE_CURVE('',#5244,#5245,#517,.T.);
#3826=EDGE_CURVE('',#5245,#5246,#518,.T.);
#3827=EDGE_CURVE('',#5246,#5247,#519,.T.);
#3828=EDGE_CURVE('',#5247,#5248,#520,.T.);
#3829=EDGE_CURVE('',#5248,#5249,#6117,.T.);
#3830=EDGE_CURVE('',#5249,#5250,#6118,.T.);
#3831=EDGE_CURVE('',#5250,#5251,#521,.T.);
#3832=EDGE_CURVE('',#5251,#5252,#522,.T.);
#3833=EDGE_CURVE('',#5252,#5253,#523,.T.);
#3834=EDGE_CURVE('',#5253,#5254,#6119,.T.);
#3835=EDGE_CURVE('',#5254,#5255,#306,.T.);
#3836=EDGE_CURVE('',#5255,#5256,#307,.T.);
#3837=EDGE_CURVE('',#5256,#5257,#524,.T.);
#3838=EDGE_CURVE('',#5257,#5258,#525,.T.);
#3839=EDGE_CURVE('',#5258,#5259,#6120,.T.);
#3840=EDGE_CURVE('',#5259,#5241,#6121,.T.);
#3841=EDGE_CURVE('',#5260,#5261,#6122,.T.);
#3842=EDGE_CURVE('',#5261,#5262,#6123,.T.);
#3843=EDGE_CURVE('',#5262,#5263,#6124,.T.);
#3844=EDGE_CURVE('',#5263,#5264,#6125,.T.);
#3845=EDGE_CURVE('',#5264,#5265,#6126,.T.);
#3846=EDGE_CURVE('',#5265,#5266,#6127,.T.);
#3847=EDGE_CURVE('',#5266,#5267,#6128,.T.);
#3848=EDGE_CURVE('',#5267,#5268,#6129,.T.);
#3849=EDGE_CURVE('',#5268,#5269,#6130,.T.);
#3850=EDGE_CURVE('',#5269,#5260,#6131,.T.);
#3851=EDGE_CURVE('',#5270,#5271,#6132,.T.);
#3852=EDGE_CURVE('',#5271,#5272,#6133,.T.);
#3853=EDGE_CURVE('',#5272,#5273,#6134,.T.);
#3854=EDGE_CURVE('',#5273,#5270,#6135,.T.);
#3855=EDGE_CURVE('',#5274,#5275,#526,.T.);
#3856=EDGE_CURVE('',#5275,#5276,#308,.T.);
#3857=EDGE_CURVE('',#5276,#5277,#309,.T.);
#3858=EDGE_CURVE('',#5277,#5278,#527,.T.);
#3859=EDGE_CURVE('',#5278,#5279,#528,.T.);
#3860=EDGE_CURVE('',#5279,#5280,#310,.T.);
#3861=EDGE_CURVE('',#5280,#5281,#311,.T.);
#3862=EDGE_CURVE('',#5281,#5274,#529,.T.);
#3863=EDGE_CURVE('',#5282,#5283,#6136,.T.);
#3864=EDGE_CURVE('',#5283,#5284,#530,.T.);
#3865=EDGE_CURVE('',#5284,#5285,#531,.T.);
#3866=EDGE_CURVE('',#5285,#5286,#532,.T.);
#3867=EDGE_CURVE('',#5286,#5287,#533,.T.);
#3868=EDGE_CURVE('',#5287,#5288,#6137,.T.);
#3869=EDGE_CURVE('',#5288,#5289,#6138,.T.);
#3870=EDGE_CURVE('',#5289,#5290,#6139,.T.);
#3871=EDGE_CURVE('',#5290,#5291,#6140,.T.);
#3872=EDGE_CURVE('',#5291,#5292,#6141,.T.);
#3873=EDGE_CURVE('',#5292,#5293,#6142,.T.);
#3874=EDGE_CURVE('',#5293,#5294,#312,.T.);
#3875=EDGE_CURVE('',#5294,#5295,#313,.T.);
#3876=EDGE_CURVE('',#5295,#5296,#534,.T.);
#3877=EDGE_CURVE('',#5296,#5297,#535,.T.);
#3878=EDGE_CURVE('',#5297,#5298,#6143,.T.);
#3879=EDGE_CURVE('',#5298,#5282,#6144,.T.);
#3880=EDGE_CURVE('',#5299,#5300,#6145,.T.);
#3881=EDGE_CURVE('',#5300,#5301,#6146,.T.);
#3882=EDGE_CURVE('',#5301,#5302,#314,.T.);
#3883=EDGE_CURVE('',#5302,#5303,#315,.T.);
#3884=EDGE_CURVE('',#5303,#5304,#536,.T.);
#3885=EDGE_CURVE('',#5304,#5305,#537,.T.);
#3886=EDGE_CURVE('',#5305,#5306,#316,.T.);
#3887=EDGE_CURVE('',#5306,#5307,#538,.T.);
#3888=EDGE_CURVE('',#5307,#5308,#317,.F.);
#3889=EDGE_CURVE('',#5308,#5309,#539,.T.);
#3890=EDGE_CURVE('',#5309,#5310,#6147,.T.);
#3891=EDGE_CURVE('',#5310,#5311,#540,.T.);
#3892=EDGE_CURVE('',#5311,#5312,#541,.T.);
#3893=EDGE_CURVE('',#5312,#5313,#542,.T.);
#3894=EDGE_CURVE('',#5313,#5314,#543,.T.);
#3895=EDGE_CURVE('',#5314,#5315,#544,.T.);
#3896=EDGE_CURVE('',#5315,#5316,#545,.T.);
#3897=EDGE_CURVE('',#5316,#5317,#318,.T.);
#3898=EDGE_CURVE('',#5317,#5318,#546,.T.);
#3899=EDGE_CURVE('',#5318,#5319,#319,.T.);
#3900=EDGE_CURVE('',#5319,#5320,#320,.T.);
#3901=EDGE_CURVE('',#5320,#5321,#321,.T.);
#3902=EDGE_CURVE('',#5321,#5322,#547,.T.);
#3903=EDGE_CURVE('',#5322,#5323,#322,.T.);
#3904=EDGE_CURVE('',#5323,#5324,#323,.T.);
#3905=EDGE_CURVE('',#5324,#5325,#548,.T.);
#3906=EDGE_CURVE('',#5325,#5326,#549,.T.);
#3907=EDGE_CURVE('',#5326,#5327,#324,.T.);
#3908=EDGE_CURVE('',#5327,#5299,#6148,.T.);
#3909=EDGE_CURVE('',#5328,#5329,#6149,.T.);
#3910=EDGE_CURVE('',#5329,#5330,#6150,.T.);
#3911=EDGE_CURVE('',#5330,#5331,#6151,.T.);
#3912=EDGE_CURVE('',#5331,#5332,#6152,.T.);
#3913=EDGE_CURVE('',#5332,#5333,#6153,.T.);
#3914=EDGE_CURVE('',#5333,#5334,#6154,.T.);
#3915=EDGE_CURVE('',#5334,#5335,#6155,.T.);
#3916=EDGE_CURVE('',#5335,#5336,#6156,.T.);
#3917=EDGE_CURVE('',#5336,#5337,#6157,.T.);
#3918=EDGE_CURVE('',#5337,#5338,#6158,.T.);
#3919=EDGE_CURVE('',#5338,#5339,#6159,.T.);
#3920=EDGE_CURVE('',#5339,#5328,#6160,.T.);
#3921=EDGE_CURVE('',#5340,#5341,#6161,.T.);
#3922=EDGE_CURVE('',#5341,#5342,#6162,.T.);
#3923=EDGE_CURVE('',#5342,#5343,#550,.T.);
#3924=EDGE_CURVE('',#5343,#5344,#551,.T.);
#3925=EDGE_CURVE('',#5344,#5345,#552,.T.);
#3926=EDGE_CURVE('',#5345,#5346,#553,.T.);
#3927=EDGE_CURVE('',#5346,#5347,#554,.T.);
#3928=EDGE_CURVE('',#5347,#5348,#6163,.T.);
#3929=EDGE_CURVE('',#5348,#5349,#6164,.T.);
#3930=EDGE_CURVE('',#5349,#5350,#555,.T.);
#3931=EDGE_CURVE('',#5350,#5351,#556,.T.);
#3932=EDGE_CURVE('',#5351,#5352,#557,.T.);
#3933=EDGE_CURVE('',#5352,#5353,#6165,.T.);
#3934=EDGE_CURVE('',#5353,#5354,#325,.T.);
#3935=EDGE_CURVE('',#5354,#5355,#326,.T.);
#3936=EDGE_CURVE('',#5355,#5356,#558,.T.);
#3937=EDGE_CURVE('',#5356,#5357,#559,.T.);
#3938=EDGE_CURVE('',#5357,#5358,#6166,.T.);
#3939=EDGE_CURVE('',#5358,#5340,#6167,.T.);
#3940=EDGE_CURVE('',#5359,#5360,#560,.T.);
#3941=EDGE_CURVE('',#5360,#5361,#561,.T.);
#3942=EDGE_CURVE('',#5361,#5362,#562,.T.);
#3943=EDGE_CURVE('',#5362,#5363,#563,.T.);
#3944=EDGE_CURVE('',#5363,#5364,#327,.T.);
#3945=EDGE_CURVE('',#5364,#5365,#328,.T.);
#3946=EDGE_CURVE('',#5365,#5366,#6168,.T.);
#3947=EDGE_CURVE('',#5366,#5367,#329,.F.);
#3948=EDGE_CURVE('',#5367,#5368,#330,.F.);
#3949=EDGE_CURVE('',#5368,#5369,#564,.T.);
#3950=EDGE_CURVE('',#5369,#5370,#565,.T.);
#3951=EDGE_CURVE('',#5370,#5371,#566,.T.);
#3952=EDGE_CURVE('',#5371,#5372,#331,.F.);
#3953=EDGE_CURVE('',#5372,#5373,#6169,.T.);
#3954=EDGE_CURVE('',#5373,#5359,#567,.T.);
#3955=EDGE_CURVE('',#5374,#5375,#332,.T.);
#3956=EDGE_CURVE('',#5375,#5376,#6170,.T.);
#3957=EDGE_CURVE('',#5376,#5377,#6171,.T.);
#3958=EDGE_CURVE('',#5377,#5378,#6172,.T.);
#3959=EDGE_CURVE('',#5378,#5379,#6173,.T.);
#3960=EDGE_CURVE('',#5379,#5380,#6174,.T.);
#3961=EDGE_CURVE('',#5380,#5381,#6175,.T.);
#3962=EDGE_CURVE('',#5381,#5382,#6176,.T.);
#3963=EDGE_CURVE('',#5382,#5383,#6177,.T.);
#3964=EDGE_CURVE('',#5383,#5384,#6178,.T.);
#3965=EDGE_CURVE('',#5384,#5385,#6179,.T.);
#3966=EDGE_CURVE('',#5385,#5386,#6180,.T.);
#3967=EDGE_CURVE('',#5386,#5387,#6181,.T.);
#3968=EDGE_CURVE('',#5387,#5388,#333,.T.);
#3969=EDGE_CURVE('',#5388,#5374,#6182,.T.);
#3970=EDGE_CURVE('',#5389,#5390,#334,.T.);
#3971=EDGE_CURVE('',#5390,#5391,#335,.T.);
#3972=EDGE_CURVE('',#5391,#5392,#6183,.T.);
#3973=EDGE_CURVE('',#5392,#5393,#336,.T.);
#3974=EDGE_CURVE('',#5393,#5394,#6184,.T.);
#3975=EDGE_CURVE('',#5394,#5395,#6185,.T.);
#3976=EDGE_CURVE('',#5395,#5396,#6186,.T.);
#3977=EDGE_CURVE('',#5396,#5397,#6187,.T.);
#3978=EDGE_CURVE('',#5397,#5398,#6188,.T.);
#3979=EDGE_CURVE('',#5398,#5399,#6189,.T.);
#3980=EDGE_CURVE('',#5399,#5400,#568,.T.);
#3981=EDGE_CURVE('',#5400,#5401,#337,.T.);
#3982=EDGE_CURVE('',#5401,#5402,#569,.T.);
#3983=EDGE_CURVE('',#5402,#5403,#570,.T.);
#3984=EDGE_CURVE('',#5403,#5404,#571,.T.);
#3985=EDGE_CURVE('',#5404,#5389,#572,.T.);
#3986=EDGE_CURVE('',#5405,#5406,#6190,.T.);
#3987=EDGE_CURVE('',#5406,#5407,#6191,.T.);
#3988=EDGE_CURVE('',#5407,#5408,#573,.T.);
#3989=EDGE_CURVE('',#5408,#5409,#574,.T.);
#3990=EDGE_CURVE('',#5409,#5410,#575,.T.);
#3991=EDGE_CURVE('',#5410,#5411,#576,.T.);
#3992=EDGE_CURVE('',#5411,#5412,#577,.T.);
#3993=EDGE_CURVE('',#5412,#5413,#6192,.T.);
#3994=EDGE_CURVE('',#5413,#5414,#6193,.T.);
#3995=EDGE_CURVE('',#5414,#5415,#578,.T.);
#3996=EDGE_CURVE('',#5415,#5416,#579,.T.);
#3997=EDGE_CURVE('',#5416,#5417,#580,.T.);
#3998=EDGE_CURVE('',#5417,#5418,#6194,.T.);
#3999=EDGE_CURVE('',#5418,#5419,#338,.T.);
#4000=EDGE_CURVE('',#5419,#5420,#339,.T.);
#4001=EDGE_CURVE('',#5420,#5421,#581,.T.);
#4002=EDGE_CURVE('',#5421,#5422,#582,.T.);
#4003=EDGE_CURVE('',#5422,#5423,#6195,.T.);
#4004=EDGE_CURVE('',#5423,#5405,#6196,.T.);
#4005=EDGE_CURVE('',#5424,#5425,#6197,.T.);
#4006=EDGE_CURVE('',#5425,#5426,#583,.T.);
#4007=EDGE_CURVE('',#5426,#5427,#584,.T.);
#4008=EDGE_CURVE('',#5427,#5428,#585,.T.);
#4009=EDGE_CURVE('',#5428,#5429,#586,.T.);
#4010=EDGE_CURVE('',#5429,#5430,#587,.T.);
#4011=EDGE_CURVE('',#5430,#5431,#588,.T.);
#4012=EDGE_CURVE('',#5431,#5432,#6198,.T.);
#4013=EDGE_CURVE('',#5432,#5433,#6199,.T.);
#4014=EDGE_CURVE('',#5433,#5434,#6200,.T.);
#4015=EDGE_CURVE('',#5434,#5435,#6201,.T.);
#4016=EDGE_CURVE('',#5435,#5436,#6202,.T.);
#4017=EDGE_CURVE('',#5436,#5437,#6203,.T.);
#4018=EDGE_CURVE('',#5437,#5438,#6204,.T.);
#4019=EDGE_CURVE('',#5438,#5424,#6205,.T.);
#4020=EDGE_CURVE('',#5439,#5440,#6206,.T.);
#4021=EDGE_CURVE('',#5439,#5441,#6207,.T.);
#4022=EDGE_CURVE('',#5441,#5442,#6208,.T.);
#4023=EDGE_CURVE('',#5440,#5442,#6209,.T.);
#4024=EDGE_CURVE('',#5443,#5444,#6210,.T.);
#4025=EDGE_CURVE('',#5443,#5445,#6211,.F.);
#4026=EDGE_CURVE('',#5445,#5446,#6212,.T.);
#4027=EDGE_CURVE('',#5447,#5446,#6213,.T.);
#4028=EDGE_CURVE('',#5447,#5448,#6214,.T.);
#4029=EDGE_CURVE('',#5448,#5449,#6215,.T.);
#4030=EDGE_CURVE('',#5449,#5450,#6216,.T.);
#4031=EDGE_CURVE('',#5450,#5444,#6217,.T.);
#4032=EDGE_CURVE('',#5451,#5451,#340,.T.);
#4033=EDGE_CURVE('',#5452,#5452,#341,.T.);
#4034=EDGE_CURVE('',#5453,#5454,#6218,.T.);
#4035=EDGE_CURVE('',#5454,#5455,#342,.T.);
#4036=EDGE_CURVE('',#5455,#5456,#6219,.T.);
#4037=EDGE_CURVE('',#5456,#5457,#343,.T.);
#4038=EDGE_CURVE('',#5458,#5457,#6220,.T.);
#4039=EDGE_CURVE('',#5458,#5450,#344,.T.);
#4040=EDGE_CURVE('',#5449,#5459,#6221,.T.);
#4041=EDGE_CURVE('',#5459,#5460,#6222,.T.);
#4042=EDGE_CURVE('',#5460,#5461,#6223,.T.);
#4043=EDGE_CURVE('',#5462,#5461,#6224,.T.);
#4044=EDGE_CURVE('',#5463,#5462,#6225,.T.);
#4045=EDGE_CURVE('',#5463,#5464,#6226,.T.);
#4046=EDGE_CURVE('',#5446,#5464,#6227,.T.);
#4047=EDGE_CURVE('',#5445,#5453,#345,.T.);
#4048=EDGE_CURVE('',#5465,#5465,#346,.T.);
#4049=EDGE_CURVE('',#5466,#5466,#347,.T.);
#4050=EDGE_CURVE('',#5467,#5467,#348,.T.);
#4051=EDGE_CURVE('',#5468,#5468,#349,.T.);
#4052=EDGE_CURVE('',#5469,#5469,#350,.T.);
#4053=EDGE_CURVE('',#5470,#5470,#351,.T.);
#4054=EDGE_CURVE('',#5471,#5471,#352,.T.);
#4055=EDGE_CURVE('',#5472,#5472,#353,.T.);
#4056=EDGE_CURVE('',#5473,#5473,#354,.T.);
#4057=EDGE_CURVE('',#5474,#5474,#355,.T.);
#4058=EDGE_CURVE('',#5475,#5475,#356,.T.);
#4059=EDGE_CURVE('',#5476,#5476,#357,.T.);
#4060=EDGE_CURVE('',#5477,#5477,#358,.T.);
#4061=EDGE_CURVE('',#5478,#5478,#359,.T.);
#4062=EDGE_CURVE('',#5479,#5480,#6228,.T.);
#4063=EDGE_CURVE('',#5480,#5454,#6229,.F.);
#4064=EDGE_CURVE('',#5453,#5479,#6230,.T.);
#4065=EDGE_CURVE('',#5455,#5481,#6231,.T.);
#4066=EDGE_CURVE('',#5481,#5482,#6232,.T.);
#4067=EDGE_CURVE('',#5482,#5456,#6233,.F.);
#4068=EDGE_CURVE('',#5463,#5439,#6234,.T.);
#4069=EDGE_CURVE('',#5462,#5441,#6235,.T.);
#4070=EDGE_CURVE('',#5483,#5484,#6236,.T.);
#4071=EDGE_CURVE('',#5483,#5464,#6237,.T.);
#4072=EDGE_CURVE('',#5460,#5440,#6238,.T.);
#4073=EDGE_CURVE('',#5484,#5459,#6239,.T.);
#4074=EDGE_CURVE('',#5461,#5442,#6240,.T.);
#4075=EDGE_CURVE('',#5485,#5486,#6241,.T.);
#4076=EDGE_CURVE('',#5485,#5458,#6242,.F.);
#4077=EDGE_CURVE('',#5457,#5486,#6243,.T.);
#4078=EDGE_CURVE('',#5481,#5480,#360,.F.);
#4079=EDGE_CURVE('',#5479,#5443,#361,.F.);
#4080=EDGE_CURVE('',#5444,#5485,#362,.F.);
#4081=EDGE_CURVE('',#5486,#5482,#363,.F.);
#4082=EDGE_CURVE('',#5447,#5483,#6244,.T.);
#4083=EDGE_CURVE('',#5448,#5484,#6245,.T.);
#4084=EDGE_CURVE('',#5487,#5488,#589,.T.);
#4085=EDGE_CURVE('',#5489,#5487,#6246,.T.);
#4086=EDGE_CURVE('',#5489,#5490,#590,.T.);
#4087=EDGE_CURVE('',#5490,#5488,#6247,.T.);
#4088=EDGE_CURVE('',#5491,#5487,#591,.T.);
#4089=EDGE_CURVE('',#5492,#5491,#6248,.T.);
#4090=EDGE_CURVE('',#5492,#5489,#592,.T.);
#4091=EDGE_CURVE('',#5493,#5491,#593,.T.);
#4092=EDGE_CURVE('',#5494,#5493,#6249,.T.);
#4093=EDGE_CURVE('',#5494,#5492,#594,.T.);
#4094=EDGE_CURVE('',#5495,#5493,#595,.T.);
#4095=EDGE_CURVE('',#5496,#5495,#6250,.T.);
#4096=EDGE_CURVE('',#5496,#5494,#596,.T.);
#4097=EDGE_CURVE('',#5497,#5495,#597,.T.);
#4098=EDGE_CURVE('',#5498,#5497,#6251,.T.);
#4099=EDGE_CURVE('',#5498,#5496,#598,.T.);
#4100=EDGE_CURVE('',#5499,#5497,#599,.T.);
#4101=EDGE_CURVE('',#5500,#5499,#6252,.T.);
#4102=EDGE_CURVE('',#5500,#5498,#600,.T.);
#4103=EDGE_CURVE('',#5501,#5499,#601,.T.);
#4104=EDGE_CURVE('',#5502,#5501,#6253,.T.);
#4105=EDGE_CURVE('',#5502,#5500,#602,.T.);
#4106=EDGE_CURVE('',#5503,#5501,#6254,.T.);
#4107=EDGE_CURVE('',#5504,#5503,#6255,.T.);
#4108=EDGE_CURVE('',#5504,#5502,#6256,.T.);
#4109=EDGE_CURVE('',#5505,#5424,#6257,.T.);
#4110=EDGE_CURVE('',#5505,#5506,#6258,.T.);
#4111=EDGE_CURVE('',#5506,#5425,#6259,.T.);
#4112=EDGE_CURVE('',#5507,#5438,#6260,.T.);
#4113=EDGE_CURVE('',#5507,#5505,#6261,.T.);
#4114=EDGE_CURVE('',#5508,#5437,#6262,.T.);
#4115=EDGE_CURVE('',#5508,#5507,#6263,.T.);
#4116=EDGE_CURVE('',#5509,#5436,#6264,.T.);
#4117=EDGE_CURVE('',#5509,#5508,#6265,.T.);
#4118=EDGE_CURVE('',#5510,#5435,#6266,.T.);
#4119=EDGE_CURVE('',#5510,#5509,#6267,.T.);
#4120=EDGE_CURVE('',#5511,#5434,#6268,.T.);
#4121=EDGE_CURVE('',#5511,#5510,#6269,.T.);
#4122=EDGE_CURVE('',#5512,#5433,#6270,.T.);
#4123=EDGE_CURVE('',#5512,#5511,#6271,.T.);
#4124=EDGE_CURVE('',#5513,#5432,#6272,.T.);
#4125=EDGE_CURVE('',#5513,#5512,#6273,.T.);
#4126=EDGE_CURVE('',#5514,#5431,#6274,.T.);
#4127=EDGE_CURVE('',#5514,#5513,#6275,.T.);
#4128=EDGE_CURVE('',#5515,#5430,#6276,.T.);
#4129=EDGE_CURVE('',#5515,#5514,#603,.T.);
#4130=EDGE_CURVE('',#5516,#5429,#6277,.T.);
#4131=EDGE_CURVE('',#5516,#5515,#604,.T.);
#4132=EDGE_CURVE('',#5517,#5428,#6278,.T.);
#4133=EDGE_CURVE('',#5517,#5516,#605,.T.);
#4134=EDGE_CURVE('',#5518,#5427,#6279,.T.);
#4135=EDGE_CURVE('',#5518,#5517,#606,.T.);
#4136=EDGE_CURVE('',#5519,#5426,#6280,.T.);
#4137=EDGE_CURVE('',#5519,#5518,#607,.T.);
#4138=EDGE_CURVE('',#5506,#5519,#608,.T.);
#4139=EDGE_CURVE('',#5488,#5503,#609,.T.);
#4140=EDGE_CURVE('',#5490,#5504,#610,.T.);
#4141=EDGE_CURVE('',#5520,#5521,#611,.T.);
#4142=EDGE_CURVE('',#5522,#5520,#6281,.T.);
#4143=EDGE_CURVE('',#5522,#5523,#612,.T.);
#4144=EDGE_CURVE('',#5523,#5521,#6282,.T.);
#4145=EDGE_CURVE('',#5524,#5520,#613,.T.);
#4146=EDGE_CURVE('',#5525,#5524,#6283,.T.);
#4147=EDGE_CURVE('',#5525,#5522,#614,.T.);
#4148=EDGE_CURVE('',#5526,#5524,#615,.T.);
#4149=EDGE_CURVE('',#5527,#5526,#6284,.T.);
#4150=EDGE_CURVE('',#5527,#5525,#616,.T.);
#4151=EDGE_CURVE('',#5528,#5526,#617,.T.);
#4152=EDGE_CURVE('',#5529,#5528,#6285,.T.);
#4153=EDGE_CURVE('',#5529,#5527,#618,.T.);
#4154=EDGE_CURVE('',#5530,#5528,#619,.T.);
#4155=EDGE_CURVE('',#5531,#5530,#6286,.T.);
#4156=EDGE_CURVE('',#5531,#5529,#620,.T.);
#4157=EDGE_CURVE('',#5532,#5530,#6287,.T.);
#4158=EDGE_CURVE('',#5533,#5532,#6288,.T.);
#4159=EDGE_CURVE('',#5533,#5531,#6289,.T.);
#4160=EDGE_CURVE('',#5534,#5532,#6290,.T.);
#4161=EDGE_CURVE('',#5535,#5534,#6291,.T.);
#4162=EDGE_CURVE('',#5535,#5533,#6292,.T.);
#4163=EDGE_CURVE('',#5536,#5405,#6293,.T.);
#4164=EDGE_CURVE('',#5536,#5537,#6294,.T.);
#4165=EDGE_CURVE('',#5537,#5406,#6295,.T.);
#4166=EDGE_CURVE('',#5538,#5423,#6296,.T.);
#4167=EDGE_CURVE('',#5538,#5536,#6297,.T.);
#4168=EDGE_CURVE('',#5539,#5422,#6298,.T.);
#4169=EDGE_CURVE('',#5539,#5538,#6299,.T.);
#4170=EDGE_CURVE('',#5540,#5421,#6300,.T.);
#4171=EDGE_CURVE('',#5540,#5539,#621,.T.);
#4172=EDGE_CURVE('',#5541,#5420,#6301,.T.);
#4173=EDGE_CURVE('',#5541,#5540,#622,.T.);
#4174=EDGE_CURVE('',#5542,#5419,#6302,.T.);
#4175=EDGE_CURVE('',#5542,#5541,#364,.T.);
#4176=EDGE_CURVE('',#5543,#5418,#6303,.T.);
#4177=EDGE_CURVE('',#5543,#5542,#365,.T.);
#4178=EDGE_CURVE('',#5544,#5417,#6304,.T.);
#4179=EDGE_CURVE('',#5544,#5543,#6305,.T.);
#4180=EDGE_CURVE('',#5545,#5416,#6306,.T.);
#4181=EDGE_CURVE('',#5545,#5544,#623,.T.);
#4182=EDGE_CURVE('',#5546,#5415,#6307,.T.);
#4183=EDGE_CURVE('',#5546,#5545,#624,.T.);
#4184=EDGE_CURVE('',#5547,#5414,#6308,.T.);
#4185=EDGE_CURVE('',#5547,#5546,#625,.T.);
#4186=EDGE_CURVE('',#5548,#5413,#6309,.T.);
#4187=EDGE_CURVE('',#5548,#5547,#6310,.T.);
#4188=EDGE_CURVE('',#5549,#5412,#6311,.T.);
#4189=EDGE_CURVE('',#5549,#5548,#6312,.T.);
#4190=EDGE_CURVE('',#5550,#5411,#6313,.T.);
#4191=EDGE_CURVE('',#5550,#5549,#626,.T.);
#4192=EDGE_CURVE('',#5551,#5410,#6314,.T.);
#4193=EDGE_CURVE('',#5551,#5550,#627,.T.);
#4194=EDGE_CURVE('',#5552,#5409,#6315,.T.);
#4195=EDGE_CURVE('',#5552,#5551,#628,.T.);
#4196=EDGE_CURVE('',#5553,#5408,#6316,.T.);
#4197=EDGE_CURVE('',#5553,#5552,#629,.T.);
#4198=EDGE_CURVE('',#5554,#5407,#6317,.T.);
#4199=EDGE_CURVE('',#5554,#5553,#630,.T.);
#4200=EDGE_CURVE('',#5537,#5554,#6318,.T.);
#4201=EDGE_CURVE('',#5521,#5534,#631,.T.);
#4202=EDGE_CURVE('',#5523,#5535,#632,.T.);
#4203=EDGE_CURVE('',#5555,#5556,#633,.T.);
#4204=EDGE_CURVE('',#5557,#5555,#6319,.T.);
#4205=EDGE_CURVE('',#5557,#5558,#634,.T.);
#4206=EDGE_CURVE('',#5558,#5556,#6320,.T.);
#4207=EDGE_CURVE('',#5559,#5555,#635,.T.);
#4208=EDGE_CURVE('',#5560,#5559,#6321,.T.);
#4209=EDGE_CURVE('',#5560,#5557,#636,.T.);
#4210=EDGE_CURVE('',#5561,#5559,#637,.T.);
#4211=EDGE_CURVE('',#5562,#5561,#6322,.T.);
#4212=EDGE_CURVE('',#5562,#5560,#638,.T.);
#4213=EDGE_CURVE('',#5563,#5561,#639,.T.);
#4214=EDGE_CURVE('',#5564,#5563,#6323,.T.);
#4215=EDGE_CURVE('',#5564,#5562,#640,.T.);
#4216=EDGE_CURVE('',#5565,#5563,#641,.T.);
#4217=EDGE_CURVE('',#5566,#5565,#6324,.T.);
#4218=EDGE_CURVE('',#5566,#5564,#642,.T.);
#4219=EDGE_CURVE('',#5567,#5565,#643,.T.);
#4220=EDGE_CURVE('',#5568,#5567,#6325,.T.);
#4221=EDGE_CURVE('',#5568,#5566,#644,.T.);
#4222=EDGE_CURVE('',#5569,#5567,#645,.T.);
#4223=EDGE_CURVE('',#5570,#5569,#6326,.T.);
#4224=EDGE_CURVE('',#5570,#5568,#646,.T.);
#4225=EDGE_CURVE('',#5571,#5569,#6327,.T.);
#4226=EDGE_CURVE('',#5572,#5571,#6328,.T.);
#4227=EDGE_CURVE('',#5572,#5570,#6329,.T.);
#4228=EDGE_CURVE('',#5573,#5389,#6330,.T.);
#4229=EDGE_CURVE('',#5573,#5574,#366,.T.);
#4230=EDGE_CURVE('',#5574,#5390,#6331,.T.);
#4231=EDGE_CURVE('',#5575,#5404,#6332,.T.);
#4232=EDGE_CURVE('',#5575,#5573,#647,.T.);
#4233=EDGE_CURVE('',#5576,#5403,#6333,.T.);
#4234=EDGE_CURVE('',#5576,#5575,#648,.T.);
#4235=EDGE_CURVE('',#5577,#5402,#6334,.T.);
#4236=EDGE_CURVE('',#5577,#5576,#649,.T.);
#4237=EDGE_CURVE('',#5578,#5401,#6335,.T.);
#4238=EDGE_CURVE('',#5578,#5577,#650,.T.);
#4239=EDGE_CURVE('',#5579,#5400,#6336,.T.);
#4240=EDGE_CURVE('',#5579,#5578,#367,.T.);
#4241=EDGE_CURVE('',#5580,#5399,#6337,.T.);
#4242=EDGE_CURVE('',#5580,#5579,#651,.T.);
#4243=EDGE_CURVE('',#5581,#5398,#6338,.T.);
#4244=EDGE_CURVE('',#5581,#5580,#6339,.T.);
#4245=EDGE_CURVE('',#5582,#5397,#6340,.T.);
#4246=EDGE_CURVE('',#5582,#5581,#6341,.T.);
#4247=EDGE_CURVE('',#5583,#5396,#6342,.T.);
#4248=EDGE_CURVE('',#5583,#5582,#6343,.T.);
#4249=EDGE_CURVE('',#5584,#5395,#6344,.T.);
#4250=EDGE_CURVE('',#5584,#5583,#6345,.T.);
#4251=EDGE_CURVE('',#5585,#5394,#6346,.T.);
#4252=EDGE_CURVE('',#5585,#5584,#6347,.T.);
#4253=EDGE_CURVE('',#5586,#5393,#6348,.T.);
#4254=EDGE_CURVE('',#5586,#5585,#6349,.T.);
#4255=EDGE_CURVE('',#5587,#5392,#6350,.T.);
#4256=EDGE_CURVE('',#5587,#5586,#368,.T.);
#4257=EDGE_CURVE('',#5588,#5391,#6351,.T.);
#4258=EDGE_CURVE('',#5588,#5587,#6352,.T.);
#4259=EDGE_CURVE('',#5574,#5588,#369,.T.);
#4260=EDGE_CURVE('',#5556,#5571,#652,.T.);
#4261=EDGE_CURVE('',#5558,#5572,#653,.T.);
#4262=EDGE_CURVE('',#5589,#5374,#6353,.T.);
#4263=EDGE_CURVE('',#5589,#5590,#370,.T.);
#4264=EDGE_CURVE('',#5590,#5375,#6354,.T.);
#4265=EDGE_CURVE('',#5591,#5388,#6355,.T.);
#4266=EDGE_CURVE('',#5591,#5589,#6356,.T.);
#4267=EDGE_CURVE('',#5592,#5387,#6357,.T.);
#4268=EDGE_CURVE('',#5592,#5591,#371,.T.);
#4269=EDGE_CURVE('',#5593,#5386,#6358,.T.);
#4270=EDGE_CURVE('',#5593,#5592,#6359,.T.);
#4271=EDGE_CURVE('',#5594,#5385,#6360,.T.);
#4272=EDGE_CURVE('',#5594,#5593,#6361,.T.);
#4273=EDGE_CURVE('',#5595,#5384,#6362,.T.);
#4274=EDGE_CURVE('',#5595,#5594,#6363,.T.);
#4275=EDGE_CURVE('',#5596,#5383,#6364,.T.);
#4276=EDGE_CURVE('',#5596,#5595,#6365,.T.);
#4277=EDGE_CURVE('',#5597,#5382,#6366,.T.);
#4278=EDGE_CURVE('',#5597,#5596,#6367,.T.);
#4279=EDGE_CURVE('',#5598,#5381,#6368,.T.);
#4280=EDGE_CURVE('',#5598,#5597,#6369,.T.);
#4281=EDGE_CURVE('',#5599,#5380,#6370,.T.);
#4282=EDGE_CURVE('',#5599,#5598,#6371,.T.);
#4283=EDGE_CURVE('',#5600,#5379,#6372,.T.);
#4284=EDGE_CURVE('',#5600,#5599,#6373,.T.);
#4285=EDGE_CURVE('',#5601,#5378,#6374,.T.);
#4286=EDGE_CURVE('',#5601,#5600,#6375,.T.);
#4287=EDGE_CURVE('',#5602,#5377,#6376,.T.);
#4288=EDGE_CURVE('',#5602,#5601,#6377,.T.);
#4289=EDGE_CURVE('',#5603,#5376,#6378,.T.);
#4290=EDGE_CURVE('',#5603,#5602,#6379,.T.);
#4291=EDGE_CURVE('',#5590,#5603,#6380,.T.);
#4292=EDGE_CURVE('',#5604,#5359,#6381,.T.);
#4293=EDGE_CURVE('',#5604,#5605,#654,.T.);
#4294=EDGE_CURVE('',#5605,#5360,#6382,.T.);
#4295=EDGE_CURVE('',#5606,#5373,#6383,.T.);
#4296=EDGE_CURVE('',#5606,#5604,#655,.T.);
#4297=EDGE_CURVE('',#5607,#5372,#6384,.T.);
#4298=EDGE_CURVE('',#5607,#5606,#6385,.T.);
#4299=EDGE_CURVE('',#5608,#5371,#6386,.T.);
#4300=EDGE_CURVE('',#5608,#5607,#372,.F.);
#4301=EDGE_CURVE('',#5609,#5370,#6387,.T.);
#4302=EDGE_CURVE('',#5609,#5608,#656,.T.);
#4303=EDGE_CURVE('',#5610,#5369,#6388,.T.);
#4304=EDGE_CURVE('',#5610,#5609,#657,.T.);
#4305=EDGE_CURVE('',#5611,#5368,#6389,.T.);
#4306=EDGE_CURVE('',#5611,#5610,#658,.T.);
#4307=EDGE_CURVE('',#5612,#5367,#6390,.T.);
#4308=EDGE_CURVE('',#5612,#5611,#373,.F.);
#4309=EDGE_CURVE('',#5613,#5366,#6391,.T.);
#4310=EDGE_CURVE('',#5613,#5612,#374,.F.);
#4311=EDGE_CURVE('',#5614,#5365,#6392,.T.);
#4312=EDGE_CURVE('',#5614,#5613,#6393,.T.);
#4313=EDGE_CURVE('',#5615,#5364,#6394,.T.);
#4314=EDGE_CURVE('',#5615,#5614,#375,.T.);
#4315=EDGE_CURVE('',#5616,#5363,#6395,.T.);
#4316=EDGE_CURVE('',#5616,#5615,#376,.T.);
#4317=EDGE_CURVE('',#5617,#5362,#6396,.T.);
#4318=EDGE_CURVE('',#5617,#5616,#659,.T.);
#4319=EDGE_CURVE('',#5618,#5361,#6397,.T.);
#4320=EDGE_CURVE('',#5618,#5617,#660,.T.);
#4321=EDGE_CURVE('',#5605,#5618,#661,.T.);
#4322=EDGE_CURVE('',#5619,#5620,#662,.T.);
#4323=EDGE_CURVE('',#5621,#5619,#6398,.T.);
#4324=EDGE_CURVE('',#5621,#5622,#663,.T.);
#4325=EDGE_CURVE('',#5622,#5620,#6399,.T.);
#4326=EDGE_CURVE('',#5623,#5619,#664,.T.);
#4327=EDGE_CURVE('',#5624,#5623,#6400,.T.);
#4328=EDGE_CURVE('',#5624,#5621,#665,.T.);
#4329=EDGE_CURVE('',#5625,#5623,#666,.T.);
#4330=EDGE_CURVE('',#5626,#5625,#6401,.T.);
#4331=EDGE_CURVE('',#5626,#5624,#667,.T.);
#4332=EDGE_CURVE('',#5627,#5625,#668,.T.);
#4333=EDGE_CURVE('',#5628,#5627,#6402,.T.);
#4334=EDGE_CURVE('',#5628,#5626,#669,.T.);
#4335=EDGE_CURVE('',#5629,#5627,#670,.T.);
#4336=EDGE_CURVE('',#5630,#5629,#6403,.T.);
#4337=EDGE_CURVE('',#5630,#5628,#671,.T.);
#4338=EDGE_CURVE('',#5631,#5629,#6404,.T.);
#4339=EDGE_CURVE('',#5632,#5631,#6405,.T.);
#4340=EDGE_CURVE('',#5632,#5630,#6406,.T.);
#4341=EDGE_CURVE('',#5633,#5631,#6407,.T.);
#4342=EDGE_CURVE('',#5634,#5633,#6408,.T.);
#4343=EDGE_CURVE('',#5634,#5632,#6409,.T.);
#4344=EDGE_CURVE('',#5635,#5340,#6410,.T.);
#4345=EDGE_CURVE('',#5635,#5636,#6411,.T.);
#4346=EDGE_CURVE('',#5636,#5341,#6412,.T.);
#4347=EDGE_CURVE('',#5637,#5358,#6413,.T.);
#4348=EDGE_CURVE('',#5637,#5635,#6414,.T.);
#4349=EDGE_CURVE('',#5638,#5357,#6415,.T.);
#4350=EDGE_CURVE('',#5638,#5637,#6416,.T.);
#4351=EDGE_CURVE('',#5639,#5356,#6417,.T.);
#4352=EDGE_CURVE('',#5639,#5638,#672,.T.);
#4353=EDGE_CURVE('',#5640,#5355,#6418,.T.);
#4354=EDGE_CURVE('',#5640,#5639,#673,.T.);
#4355=EDGE_CURVE('',#5641,#5354,#6419,.T.);
#4356=EDGE_CURVE('',#5641,#5640,#377,.T.);
#4357=EDGE_CURVE('',#5642,#5353,#6420,.T.);
#4358=EDGE_CURVE('',#5642,#5641,#378,.T.);
#4359=EDGE_CURVE('',#5643,#5352,#6421,.T.);
#4360=EDGE_CURVE('',#5643,#5642,#6422,.T.);
#4361=EDGE_CURVE('',#5644,#5351,#6423,.T.);
#4362=EDGE_CURVE('',#5644,#5643,#674,.T.);
#4363=EDGE_CURVE('',#5645,#5350,#6424,.T.);
#4364=EDGE_CURVE('',#5645,#5644,#675,.T.);
#4365=EDGE_CURVE('',#5646,#5349,#6425,.T.);
#4366=EDGE_CURVE('',#5646,#5645,#676,.T.);
#4367=EDGE_CURVE('',#5647,#5348,#6426,.T.);
#4368=EDGE_CURVE('',#5647,#5646,#6427,.T.);
#4369=EDGE_CURVE('',#5648,#5347,#6428,.T.);
#4370=EDGE_CURVE('',#5648,#5647,#6429,.T.);
#4371=EDGE_CURVE('',#5649,#5346,#6430,.T.);
#4372=EDGE_CURVE('',#5649,#5648,#677,.T.);
#4373=EDGE_CURVE('',#5650,#5345,#6431,.T.);
#4374=EDGE_CURVE('',#5650,#5649,#678,.T.);
#4375=EDGE_CURVE('',#5651,#5344,#6432,.T.);
#4376=EDGE_CURVE('',#5651,#5650,#679,.T.);
#4377=EDGE_CURVE('',#5652,#5343,#6433,.T.);
#4378=EDGE_CURVE('',#5652,#5651,#680,.T.);
#4379=EDGE_CURVE('',#5653,#5342,#6434,.T.);
#4380=EDGE_CURVE('',#5653,#5652,#681,.T.);
#4381=EDGE_CURVE('',#5636,#5653,#6435,.T.);
#4382=EDGE_CURVE('',#5620,#5633,#682,.T.);
#4383=EDGE_CURVE('',#5622,#5634,#683,.T.);
#4384=EDGE_CURVE('',#5654,#5328,#6436,.T.);
#4385=EDGE_CURVE('',#5654,#5655,#6437,.T.);
#4386=EDGE_CURVE('',#5655,#5329,#6438,.T.);
#4387=EDGE_CURVE('',#5656,#5339,#6439,.T.);
#4388=EDGE_CURVE('',#5656,#5654,#6440,.T.);
#4389=EDGE_CURVE('',#5657,#5338,#6441,.T.);
#4390=EDGE_CURVE('',#5657,#5656,#6442,.T.);
#4391=EDGE_CURVE('',#5658,#5337,#6443,.T.);
#4392=EDGE_CURVE('',#5658,#5657,#6444,.T.);
#4393=EDGE_CURVE('',#5659,#5336,#6445,.T.);
#4394=EDGE_CURVE('',#5659,#5658,#6446,.T.);
#4395=EDGE_CURVE('',#5660,#5335,#6447,.T.);
#4396=EDGE_CURVE('',#5660,#5659,#6448,.T.);
#4397=EDGE_CURVE('',#5661,#5334,#6449,.T.);
#4398=EDGE_CURVE('',#5661,#5660,#6450,.T.);
#4399=EDGE_CURVE('',#5662,#5333,#6451,.T.);
#4400=EDGE_CURVE('',#5662,#5661,#6452,.T.);
#4401=EDGE_CURVE('',#5663,#5332,#6453,.T.);
#4402=EDGE_CURVE('',#5663,#5662,#6454,.T.);
#4403=EDGE_CURVE('',#5664,#5331,#6455,.T.);
#4404=EDGE_CURVE('',#5664,#5663,#6456,.T.);
#4405=EDGE_CURVE('',#5665,#5330,#6457,.T.);
#4406=EDGE_CURVE('',#5665,#5664,#6458,.T.);
#4407=EDGE_CURVE('',#5655,#5665,#6459,.T.);
#4408=EDGE_CURVE('',#5666,#5667,#684,.T.);
#4409=EDGE_CURVE('',#5668,#5666,#6460,.T.);
#4410=EDGE_CURVE('',#5668,#5669,#685,.T.);
#4411=EDGE_CURVE('',#5669,#5667,#6461,.T.);
#4412=EDGE_CURVE('',#5670,#5666,#686,.T.);
#4413=EDGE_CURVE('',#5671,#5670,#6462,.T.);
#4414=EDGE_CURVE('',#5671,#5668,#687,.T.);
#4415=EDGE_CURVE('',#5672,#5670,#688,.T.);
#4416=EDGE_CURVE('',#5673,#5672,#6463,.T.);
#4417=EDGE_CURVE('',#5673,#5671,#689,.T.);
#4418=EDGE_CURVE('',#5674,#5672,#690,.T.);
#4419=EDGE_CURVE('',#5675,#5674,#6464,.T.);
#4420=EDGE_CURVE('',#5675,#5673,#691,.T.);
#4421=EDGE_CURVE('',#5676,#5674,#692,.T.);
#4422=EDGE_CURVE('',#5677,#5676,#6465,.T.);
#4423=EDGE_CURVE('',#5677,#5675,#693,.T.);
#4424=EDGE_CURVE('',#5678,#5679,#379,.F.);
#4425=EDGE_CURVE('',#5680,#5678,#6466,.T.);
#4426=EDGE_CURVE('',#5680,#5681,#380,.F.);
#4427=EDGE_CURVE('',#5681,#5679,#6467,.T.);
#4428=EDGE_CURVE('',#5682,#5678,#694,.T.);
#4429=EDGE_CURVE('',#5683,#5682,#6468,.T.);
#4430=EDGE_CURVE('',#5683,#5680,#695,.T.);
#4431=EDGE_CURVE('',#5684,#5682,#696,.T.);
#4432=EDGE_CURVE('',#5685,#5684,#6469,.T.);
#4433=EDGE_CURVE('',#5685,#5683,#697,.T.);
#4434=EDGE_CURVE('',#5686,#5684,#6470,.T.);
#4435=EDGE_CURVE('',#5687,#5686,#6471,.T.);
#4436=EDGE_CURVE('',#5687,#5685,#6472,.T.);
#4437=EDGE_CURVE('',#5688,#5686,#698,.T.);
#4438=EDGE_CURVE('',#5689,#5688,#6473,.T.);
#4439=EDGE_CURVE('',#5689,#5687,#699,.T.);
#4440=EDGE_CURVE('',#5690,#5688,#700,.T.);
#4441=EDGE_CURVE('',#5691,#5690,#6474,.T.);
#4442=EDGE_CURVE('',#5691,#5689,#701,.T.);
#4443=EDGE_CURVE('',#5692,#5690,#702,.T.);
#4444=EDGE_CURVE('',#5693,#5692,#6475,.T.);
#4445=EDGE_CURVE('',#5693,#5691,#703,.T.);
#4446=EDGE_CURVE('',#5694,#5692,#704,.T.);
#4447=EDGE_CURVE('',#5695,#5694,#6476,.T.);
#4448=EDGE_CURVE('',#5695,#5693,#705,.T.);
#4449=EDGE_CURVE('',#5696,#5299,#6477,.T.);
#4450=EDGE_CURVE('',#5696,#5697,#6478,.T.);
#4451=EDGE_CURVE('',#5697,#5300,#6479,.T.);
#4452=EDGE_CURVE('',#5698,#5327,#6480,.T.);
#4453=EDGE_CURVE('',#5698,#5696,#6481,.T.);
#4454=EDGE_CURVE('',#5699,#5326,#6482,.T.);
#4455=EDGE_CURVE('',#5699,#5698,#381,.T.);
#4456=EDGE_CURVE('',#5700,#5325,#6483,.T.);
#4457=EDGE_CURVE('',#5700,#5699,#706,.T.);
#4458=EDGE_CURVE('',#5701,#5324,#6484,.T.);
#4459=EDGE_CURVE('',#5701,#5700,#707,.T.);
#4460=EDGE_CURVE('',#5702,#5323,#6485,.T.);
#4461=EDGE_CURVE('',#5702,#5701,#382,.T.);
#4462=EDGE_CURVE('',#5703,#5322,#6486,.T.);
#4463=EDGE_CURVE('',#5703,#5702,#383,.T.);
#4464=EDGE_CURVE('',#5704,#5321,#6487,.T.);
#4465=EDGE_CURVE('',#5704,#5703,#708,.T.);
#4466=EDGE_CURVE('',#5705,#5320,#6488,.T.);
#4467=EDGE_CURVE('',#5705,#5704,#384,.T.);
#4468=EDGE_CURVE('',#5706,#5319,#6489,.T.);
#4469=EDGE_CURVE('',#5706,#5705,#385,.T.);
#4470=EDGE_CURVE('',#5707,#5318,#6490,.T.);
#4471=EDGE_CURVE('',#5707,#5706,#386,.T.);
#4472=EDGE_CURVE('',#5708,#5317,#6491,.T.);
#4473=EDGE_CURVE('',#5708,#5707,#709,.T.);
#4474=EDGE_CURVE('',#5709,#5316,#6492,.T.);
#4475=EDGE_CURVE('',#5709,#5708,#387,.T.);
#4476=EDGE_CURVE('',#5710,#5315,#6493,.T.);
#4477=EDGE_CURVE('',#5710,#5709,#710,.T.);
#4478=EDGE_CURVE('',#5711,#5314,#6494,.T.);
#4479=EDGE_CURVE('',#5711,#5710,#711,.T.);
#4480=EDGE_CURVE('',#5712,#5313,#6495,.T.);
#4481=EDGE_CURVE('',#5712,#5711,#712,.T.);
#4482=EDGE_CURVE('',#5713,#5312,#6496,.T.);
#4483=EDGE_CURVE('',#5713,#5712,#713,.T.);
#4484=EDGE_CURVE('',#5714,#5311,#6497,.T.);
#4485=EDGE_CURVE('',#5714,#5713,#714,.T.);
#4486=EDGE_CURVE('',#5715,#5310,#6498,.T.);
#4487=EDGE_CURVE('',#5715,#5714,#715,.T.);
#4488=EDGE_CURVE('',#5716,#5309,#6499,.T.);
#4489=EDGE_CURVE('',#5716,#5715,#6500,.T.);
#4490=EDGE_CURVE('',#5717,#5308,#6501,.T.);
#4491=EDGE_CURVE('',#5717,#5716,#716,.T.);
#4492=EDGE_CURVE('',#5718,#5307,#6502,.T.);
#4493=EDGE_CURVE('',#5718,#5717,#388,.F.);
#4494=EDGE_CURVE('',#5719,#5306,#6503,.T.);
#4495=EDGE_CURVE('',#5719,#5718,#717,.T.);
#4496=EDGE_CURVE('',#5720,#5305,#6504,.T.);
#4497=EDGE_CURVE('',#5720,#5719,#389,.T.);
#4498=EDGE_CURVE('',#5721,#5304,#6505,.T.);
#4499=EDGE_CURVE('',#5721,#5720,#718,.T.);
#4500=EDGE_CURVE('',#5722,#5303,#6506,.T.);
#4501=EDGE_CURVE('',#5722,#5721,#719,.T.);
#4502=EDGE_CURVE('',#5723,#5302,#6507,.T.);
#4503=EDGE_CURVE('',#5723,#5722,#390,.T.);
#4504=EDGE_CURVE('',#5724,#5301,#6508,.T.);
#4505=EDGE_CURVE('',#5724,#5723,#391,.T.);
#4506=EDGE_CURVE('',#5679,#5694,#720,.T.);
#4507=EDGE_CURVE('',#5681,#5695,#721,.T.);
#4508=EDGE_CURVE('',#5697,#5724,#6509,.T.);
#4509=EDGE_CURVE('',#5667,#5676,#722,.T.);
#4510=EDGE_CURVE('',#5669,#5677,#723,.T.);
#4511=EDGE_CURVE('',#5725,#5282,#6510,.T.);
#4512=EDGE_CURVE('',#5725,#5726,#6511,.T.);
#4513=EDGE_CURVE('',#5726,#5283,#6512,.T.);
#4514=EDGE_CURVE('',#5727,#5298,#6513,.T.);
#4515=EDGE_CURVE('',#5727,#5725,#6514,.T.);
#4516=EDGE_CURVE('',#5728,#5297,#6515,.T.);
#4517=EDGE_CURVE('',#5728,#5727,#6516,.T.);
#4518=EDGE_CURVE('',#5729,#5296,#6517,.T.);
#4519=EDGE_CURVE('',#5729,#5728,#724,.T.);
#4520=EDGE_CURVE('',#5730,#5295,#6518,.T.);
#4521=EDGE_CURVE('',#5730,#5729,#725,.T.);
#4522=EDGE_CURVE('',#5731,#5294,#6519,.T.);
#4523=EDGE_CURVE('',#5731,#5730,#392,.T.);
#4524=EDGE_CURVE('',#5732,#5293,#6520,.T.);
#4525=EDGE_CURVE('',#5732,#5731,#393,.T.);
#4526=EDGE_CURVE('',#5733,#5292,#6521,.T.);
#4527=EDGE_CURVE('',#5733,#5732,#6522,.T.);
#4528=EDGE_CURVE('',#5734,#5291,#6523,.T.);
#4529=EDGE_CURVE('',#5734,#5733,#6524,.T.);
#4530=EDGE_CURVE('',#5735,#5290,#6525,.T.);
#4531=EDGE_CURVE('',#5735,#5734,#6526,.T.);
#4532=EDGE_CURVE('',#5736,#5289,#6527,.T.);
#4533=EDGE_CURVE('',#5736,#5735,#6528,.T.);
#4534=EDGE_CURVE('',#5737,#5288,#6529,.T.);
#4535=EDGE_CURVE('',#5737,#5736,#6530,.T.);
#4536=EDGE_CURVE('',#5738,#5287,#6531,.T.);
#4537=EDGE_CURVE('',#5738,#5737,#6532,.T.);
#4538=EDGE_CURVE('',#5739,#5286,#6533,.T.);
#4539=EDGE_CURVE('',#5739,#5738,#726,.T.);
#4540=EDGE_CURVE('',#5740,#5285,#6534,.T.);
#4541=EDGE_CURVE('',#5740,#5739,#727,.T.);
#4542=EDGE_CURVE('',#5741,#5284,#6535,.T.);
#4543=EDGE_CURVE('',#5741,#5740,#728,.T.);
#4544=EDGE_CURVE('',#5726,#5741,#729,.T.);
#4545=EDGE_CURVE('',#5742,#5274,#6536,.T.);
#4546=EDGE_CURVE('',#5742,#5743,#730,.T.);
#4547=EDGE_CURVE('',#5743,#5275,#6537,.T.);
#4548=EDGE_CURVE('',#5744,#5281,#6538,.T.);
#4549=EDGE_CURVE('',#5744,#5742,#731,.T.);
#4550=EDGE_CURVE('',#5745,#5280,#6539,.T.);
#4551=EDGE_CURVE('',#5745,#5744,#394,.T.);
#4552=EDGE_CURVE('',#5746,#5279,#6540,.T.);
#4553=EDGE_CURVE('',#5746,#5745,#395,.T.);
#4554=EDGE_CURVE('',#5747,#5278,#6541,.T.);
#4555=EDGE_CURVE('',#5747,#5746,#732,.T.);
#4556=EDGE_CURVE('',#5748,#5277,#6542,.T.);
#4557=EDGE_CURVE('',#5748,#5747,#733,.T.);
#4558=EDGE_CURVE('',#5749,#5276,#6543,.T.);
#4559=EDGE_CURVE('',#5749,#5748,#396,.T.);
#4560=EDGE_CURVE('',#5743,#5749,#397,.T.);
#4561=EDGE_CURVE('',#5750,#5270,#6544,.T.);
#4562=EDGE_CURVE('',#5750,#5751,#6545,.T.);
#4563=EDGE_CURVE('',#5751,#5271,#6546,.T.);
#4564=EDGE_CURVE('',#5752,#5273,#6547,.T.);
#4565=EDGE_CURVE('',#5752,#5750,#6548,.T.);
#4566=EDGE_CURVE('',#5753,#5272,#6549,.T.);
#4567=EDGE_CURVE('',#5753,#5752,#6550,.T.);
#4568=EDGE_CURVE('',#5751,#5753,#6551,.T.);
#4569=EDGE_CURVE('',#5754,#5260,#6552,.T.);
#4570=EDGE_CURVE('',#5754,#5755,#6553,.T.);
#4571=EDGE_CURVE('',#5755,#5261,#6554,.T.);
#4572=EDGE_CURVE('',#5756,#5269,#6555,.T.);
#4573=EDGE_CURVE('',#5756,#5754,#6556,.T.);
#4574=EDGE_CURVE('',#5757,#5268,#6557,.T.);
#4575=EDGE_CURVE('',#5757,#5756,#6558,.T.);
#4576=EDGE_CURVE('',#5758,#5267,#6559,.T.);
#4577=EDGE_CURVE('',#5758,#5757,#6560,.T.);
#4578=EDGE_CURVE('',#5759,#5266,#6561,.T.);
#4579=EDGE_CURVE('',#5759,#5758,#6562,.T.);
#4580=EDGE_CURVE('',#5760,#5265,#6563,.T.);
#4581=EDGE_CURVE('',#5760,#5759,#6564,.T.);
#4582=EDGE_CURVE('',#5761,#5264,#6565,.T.);
#4583=EDGE_CURVE('',#5761,#5760,#6566,.T.);
#4584=EDGE_CURVE('',#5762,#5263,#6567,.T.);
#4585=EDGE_CURVE('',#5762,#5761,#6568,.T.);
#4586=EDGE_CURVE('',#5763,#5262,#6569,.T.);
#4587=EDGE_CURVE('',#5763,#5762,#6570,.T.);
#4588=EDGE_CURVE('',#5755,#5763,#6571,.T.);
#4589=EDGE_CURVE('',#5764,#5765,#734,.T.);
#4590=EDGE_CURVE('',#5766,#5764,#6572,.T.);
#4591=EDGE_CURVE('',#5766,#5767,#735,.T.);
#4592=EDGE_CURVE('',#5767,#5765,#6573,.T.);
#4593=EDGE_CURVE('',#5768,#5764,#736,.T.);
#4594=EDGE_CURVE('',#5769,#5768,#6574,.T.);
#4595=EDGE_CURVE('',#5769,#5766,#737,.T.);
#4596=EDGE_CURVE('',#5770,#5768,#738,.T.);
#4597=EDGE_CURVE('',#5771,#5770,#6575,.T.);
#4598=EDGE_CURVE('',#5771,#5769,#739,.T.);
#4599=EDGE_CURVE('',#5772,#5770,#740,.T.);
#4600=EDGE_CURVE('',#5773,#5772,#6576,.T.);
#4601=EDGE_CURVE('',#5773,#5771,#741,.T.);
#4602=EDGE_CURVE('',#5774,#5772,#742,.T.);
#4603=EDGE_CURVE('',#5775,#5774,#6577,.T.);
#4604=EDGE_CURVE('',#5775,#5773,#743,.T.);
#4605=EDGE_CURVE('',#5776,#5774,#6578,.T.);
#4606=EDGE_CURVE('',#5777,#5776,#6579,.T.);
#4607=EDGE_CURVE('',#5777,#5775,#6580,.T.);
#4608=EDGE_CURVE('',#5778,#5776,#6581,.T.);
#4609=EDGE_CURVE('',#5779,#5778,#6582,.T.);
#4610=EDGE_CURVE('',#5779,#5777,#6583,.T.);
#4611=EDGE_CURVE('',#5780,#5241,#6584,.T.);
#4612=EDGE_CURVE('',#5780,#5781,#6585,.T.);
#4613=EDGE_CURVE('',#5781,#5242,#6586,.T.);
#4614=EDGE_CURVE('',#5782,#5259,#6587,.T.);
#4615=EDGE_CURVE('',#5782,#5780,#6588,.T.);
#4616=EDGE_CURVE('',#5783,#5258,#6589,.T.);
#4617=EDGE_CURVE('',#5783,#5782,#6590,.T.);
#4618=EDGE_CURVE('',#5784,#5257,#6591,.T.);
#4619=EDGE_CURVE('',#5784,#5783,#744,.T.);
#4620=EDGE_CURVE('',#5785,#5256,#6592,.T.);
#4621=EDGE_CURVE('',#5785,#5784,#745,.T.);
#4622=EDGE_CURVE('',#5786,#5255,#6593,.T.);
#4623=EDGE_CURVE('',#5786,#5785,#398,.T.);
#4624=EDGE_CURVE('',#5787,#5254,#6594,.T.);
#4625=EDGE_CURVE('',#5787,#5786,#399,.T.);
#4626=EDGE_CURVE('',#5788,#5253,#6595,.T.);
#4627=EDGE_CURVE('',#5788,#5787,#6596,.T.);
#4628=EDGE_CURVE('',#5789,#5252,#6597,.T.);
#4629=EDGE_CURVE('',#5789,#5788,#746,.T.);
#4630=EDGE_CURVE('',#5790,#5251,#6598,.T.);
#4631=EDGE_CURVE('',#5790,#5789,#747,.T.);
#4632=EDGE_CURVE('',#5791,#5250,#6599,.T.);
#4633=EDGE_CURVE('',#5791,#5790,#748,.T.);
#4634=EDGE_CURVE('',#5792,#5249,#6600,.T.);
#4635=EDGE_CURVE('',#5792,#5791,#6601,.T.);
#4636=EDGE_CURVE('',#5793,#5248,#6602,.T.);
#4637=EDGE_CURVE('',#5793,#5792,#6603,.T.);
#4638=EDGE_CURVE('',#5794,#5247,#6604,.T.);
#4639=EDGE_CURVE('',#5794,#5793,#749,.T.);
#4640=EDGE_CURVE('',#5795,#5246,#6605,.T.);
#4641=EDGE_CURVE('',#5795,#5794,#750,.T.);
#4642=EDGE_CURVE('',#5796,#5245,#6606,.T.);
#4643=EDGE_CURVE('',#5796,#5795,#751,.T.);
#4644=EDGE_CURVE('',#5797,#5244,#6607,.T.);
#4645=EDGE_CURVE('',#5797,#5796,#752,.T.);
#4646=EDGE_CURVE('',#5798,#5243,#6608,.T.);
#4647=EDGE_CURVE('',#5798,#5797,#753,.T.);
#4648=EDGE_CURVE('',#5781,#5798,#6609,.T.);
#4649=EDGE_CURVE('',#5765,#5778,#754,.T.);
#4650=EDGE_CURVE('',#5767,#5779,#755,.T.);
#4651=EDGE_CURVE('',#5799,#5213,#6610,.T.);
#4652=EDGE_CURVE('',#5799,#5800,#6611,.T.);
#4653=EDGE_CURVE('',#5800,#5214,#6612,.T.);
#4654=EDGE_CURVE('',#5801,#5240,#6613,.T.);
#4655=EDGE_CURVE('',#5801,#5799,#6614,.T.);
#4656=EDGE_CURVE('',#5802,#5239,#6615,.T.);
#4657=EDGE_CURVE('',#5802,#5801,#6616,.T.);
#4658=EDGE_CURVE('',#5803,#5238,#6617,.T.);
#4659=EDGE_CURVE('',#5803,#5802,#756,.T.);
#4660=EDGE_CURVE('',#5804,#5237,#6618,.T.);
#4661=EDGE_CURVE('',#5804,#5803,#757,.T.);
#4662=EDGE_CURVE('',#5805,#5236,#6619,.T.);
#4663=EDGE_CURVE('',#5805,#5804,#400,.T.);
#4664=EDGE_CURVE('',#5806,#5235,#6620,.T.);
#4665=EDGE_CURVE('',#5806,#5805,#401,.T.);
#4666=EDGE_CURVE('',#5807,#5234,#6621,.T.);
#4667=EDGE_CURVE('',#5807,#5806,#6622,.T.);
#4668=EDGE_CURVE('',#5808,#5233,#6623,.T.);
#4669=EDGE_CURVE('',#5808,#5807,#758,.T.);
#4670=EDGE_CURVE('',#5809,#5232,#6624,.T.);
#4671=EDGE_CURVE('',#5809,#5808,#402,.T.);
#4672=EDGE_CURVE('',#5810,#5231,#6625,.T.);
#4673=EDGE_CURVE('',#5810,#5809,#403,.T.);
#4674=EDGE_CURVE('',#5811,#5230,#6626,.T.);
#4675=EDGE_CURVE('',#5811,#5810,#6627,.T.);
#4676=EDGE_CURVE('',#5812,#5229,#6628,.T.);
#4677=EDGE_CURVE('',#5812,#5811,#6629,.T.);
#4678=EDGE_CURVE('',#5813,#5228,#6630,.T.);
#4679=EDGE_CURVE('',#5813,#5812,#6631,.T.);
#4680=EDGE_CURVE('',#5814,#5227,#6632,.T.);
#4681=EDGE_CURVE('',#5814,#5813,#6633,.T.);
#4682=EDGE_CURVE('',#5815,#5226,#6634,.T.);
#4683=EDGE_CURVE('',#5815,#5814,#6635,.T.);
#4684=EDGE_CURVE('',#5816,#5225,#6636,.T.);
#4685=EDGE_CURVE('',#5816,#5815,#6637,.T.);
#4686=EDGE_CURVE('',#5817,#5224,#6638,.T.);
#4687=EDGE_CURVE('',#5817,#5816,#759,.T.);
#4688=EDGE_CURVE('',#5818,#5223,#6639,.T.);
#4689=EDGE_CURVE('',#5818,#5817,#760,.T.);
#4690=EDGE_CURVE('',#5819,#5222,#6640,.T.);
#4691=EDGE_CURVE('',#5819,#5818,#761,.T.);
#4692=EDGE_CURVE('',#5820,#5221,#6641,.T.);
#4693=EDGE_CURVE('',#5820,#5819,#762,.T.);
#4694=EDGE_CURVE('',#5821,#5220,#6642,.T.);
#4695=EDGE_CURVE('',#5821,#5820,#6643,.T.);
#4696=EDGE_CURVE('',#5822,#5219,#6644,.T.);
#4697=EDGE_CURVE('',#5822,#5821,#6645,.T.);
#4698=EDGE_CURVE('',#5823,#5218,#6646,.T.);
#4699=EDGE_CURVE('',#5823,#5822,#6647,.T.);
#4700=EDGE_CURVE('',#5824,#5217,#6648,.T.);
#4701=EDGE_CURVE('',#5824,#5823,#763,.T.);
#4702=EDGE_CURVE('',#5825,#5216,#6649,.T.);
#4703=EDGE_CURVE('',#5825,#5824,#764,.T.);
#4704=EDGE_CURVE('',#5826,#5215,#6650,.T.);
#4705=EDGE_CURVE('',#5826,#5825,#765,.T.);
#4706=EDGE_CURVE('',#5800,#5826,#766,.T.);
#4707=EDGE_CURVE('',#5827,#5828,#6651,.T.);
#4708=EDGE_CURVE('',#5829,#5827,#6652,.T.);
#4709=EDGE_CURVE('',#5829,#5830,#6653,.T.);
#4710=EDGE_CURVE('',#5830,#5828,#6654,.T.);
#4711=EDGE_CURVE('',#5831,#5827,#6655,.T.);
#4712=EDGE_CURVE('',#5832,#5831,#6656,.T.);
#4713=EDGE_CURVE('',#5832,#5829,#6657,.T.);
#4714=EDGE_CURVE('',#5833,#5831,#6658,.T.);
#4715=EDGE_CURVE('',#5834,#5833,#6659,.T.);
#4716=EDGE_CURVE('',#5834,#5832,#6660,.T.);
#4717=EDGE_CURVE('',#5835,#5833,#404,.T.);
#4718=EDGE_CURVE('',#5836,#5835,#6661,.T.);
#4719=EDGE_CURVE('',#5836,#5834,#405,.T.);
#4720=EDGE_CURVE('',#5837,#5205,#6662,.T.);
#4721=EDGE_CURVE('',#5837,#5838,#6663,.T.);
#4722=EDGE_CURVE('',#5838,#5206,#6664,.T.);
#4723=EDGE_CURVE('',#5839,#5212,#6665,.T.);
#4724=EDGE_CURVE('',#5839,#5837,#6666,.T.);
#4725=EDGE_CURVE('',#5840,#5211,#6667,.T.);
#4726=EDGE_CURVE('',#5840,#5839,#6668,.T.);
#4727=EDGE_CURVE('',#5841,#5210,#6669,.T.);
#4728=EDGE_CURVE('',#5841,#5840,#6670,.T.);
#4729=EDGE_CURVE('',#5842,#5209,#6671,.T.);
#4730=EDGE_CURVE('',#5842,#5841,#6672,.T.);
#4731=EDGE_CURVE('',#5843,#5208,#6673,.T.);
#4732=EDGE_CURVE('',#5843,#5842,#6674,.T.);
#4733=EDGE_CURVE('',#5844,#5207,#6675,.T.);
#4734=EDGE_CURVE('',#5844,#5843,#6676,.T.);
#4735=EDGE_CURVE('',#5838,#5844,#6677,.T.);
#4736=EDGE_CURVE('',#5828,#5835,#406,.T.);
#4737=EDGE_CURVE('',#5830,#5836,#407,.T.);
#4738=EDGE_CURVE('',#5845,#5180,#6678,.T.);
#4739=EDGE_CURVE('',#5845,#5846,#767,.T.);
#4740=EDGE_CURVE('',#5846,#5181,#6679,.T.);
#4741=EDGE_CURVE('',#5847,#5204,#6680,.T.);
#4742=EDGE_CURVE('',#5847,#5845,#768,.T.);
#4743=EDGE_CURVE('',#5848,#5203,#6681,.T.);
#4744=EDGE_CURVE('',#5848,#5847,#769,.T.);
#4745=EDGE_CURVE('',#5849,#5202,#6682,.T.);
#4746=EDGE_CURVE('',#5849,#5848,#770,.T.);
#4747=EDGE_CURVE('',#5850,#5201,#6683,.T.);
#4748=EDGE_CURVE('',#5850,#5849,#408,.F.);
#4749=EDGE_CURVE('',#5851,#5200,#6684,.T.);
#4750=EDGE_CURVE('',#5851,#5850,#409,.F.);
#4751=EDGE_CURVE('',#5852,#5199,#6685,.T.);
#4752=EDGE_CURVE('',#5852,#5851,#771,.T.);
#4753=EDGE_CURVE('',#5853,#5198,#6686,.T.);
#4754=EDGE_CURVE('',#5853,#5852,#772,.T.);
#4755=EDGE_CURVE('',#5854,#5197,#6687,.T.);
#4756=EDGE_CURVE('',#5854,#5853,#773,.T.);
#4757=EDGE_CURVE('',#5855,#5196,#6688,.T.);
#4758=EDGE_CURVE('',#5855,#5854,#6689,.T.);
#4759=EDGE_CURVE('',#5856,#5195,#6690,.T.);
#4760=EDGE_CURVE('',#5856,#5855,#410,.T.);
#4761=EDGE_CURVE('',#5857,#5194,#6691,.T.);
#4762=EDGE_CURVE('',#5857,#5856,#774,.T.);
#4763=EDGE_CURVE('',#5858,#5193,#6692,.T.);
#4764=EDGE_CURVE('',#5858,#5857,#411,.T.);
#4765=EDGE_CURVE('',#5859,#5192,#6693,.T.);
#4766=EDGE_CURVE('',#5859,#5858,#412,.T.);
#4767=EDGE_CURVE('',#5860,#5191,#6694,.T.);
#4768=EDGE_CURVE('',#5860,#5859,#413,.T.);
#4769=EDGE_CURVE('',#5861,#5190,#6695,.T.);
#4770=EDGE_CURVE('',#5861,#5860,#775,.T.);
#4771=EDGE_CURVE('',#5862,#5189,#6696,.T.);
#4772=EDGE_CURVE('',#5862,#5861,#776,.T.);
#4773=EDGE_CURVE('',#5863,#5188,#6697,.T.);
#4774=EDGE_CURVE('',#5863,#5862,#777,.T.);
#4775=EDGE_CURVE('',#5864,#5187,#6698,.T.);
#4776=EDGE_CURVE('',#5864,#5863,#778,.T.);
#4777=EDGE_CURVE('',#5865,#5186,#6699,.T.);
#4778=EDGE_CURVE('',#5865,#5864,#779,.T.);
#4779=EDGE_CURVE('',#5866,#5185,#6700,.T.);
#4780=EDGE_CURVE('',#5866,#5865,#414,.F.);
#4781=EDGE_CURVE('',#5867,#5184,#6701,.T.);
#4782=EDGE_CURVE('',#5867,#5866,#415,.F.);
#4783=EDGE_CURVE('',#5868,#5183,#6702,.T.);
#4784=EDGE_CURVE('',#5868,#5867,#6703,.T.);
#4785=EDGE_CURVE('',#5869,#5182,#6704,.T.);
#4786=EDGE_CURVE('',#5869,#5868,#780,.T.);
#4787=EDGE_CURVE('',#5846,#5869,#781,.T.);
#4788=EDGE_CURVE('',#5870,#5176,#6705,.T.);
#4789=EDGE_CURVE('',#5870,#5871,#6706,.T.);
#4790=EDGE_CURVE('',#5871,#5177,#6707,.T.);
#4791=EDGE_CURVE('',#5872,#5179,#6708,.T.);
#4792=EDGE_CURVE('',#5872,#5870,#6709,.T.);
#4793=EDGE_CURVE('',#5873,#5178,#6710,.T.);
#4794=EDGE_CURVE('',#5873,#5872,#6711,.T.);
#4795=EDGE_CURVE('',#5871,#5873,#6712,.T.);
#4796=EDGE_CURVE('',#5874,#5160,#6713,.T.);
#4797=EDGE_CURVE('',#5874,#5875,#6714,.T.);
#4798=EDGE_CURVE('',#5875,#5161,#6715,.T.);
#4799=EDGE_CURVE('',#5876,#5175,#6716,.T.);
#4800=EDGE_CURVE('',#5876,#5874,#6717,.T.);
#4801=EDGE_CURVE('',#5877,#5174,#6718,.T.);
#4802=EDGE_CURVE('',#5877,#5876,#6719,.T.);
#4803=EDGE_CURVE('',#5878,#5173,#6720,.T.);
#4804=EDGE_CURVE('',#5878,#5877,#782,.T.);
#4805=EDGE_CURVE('',#5879,#5172,#6721,.T.);
#4806=EDGE_CURVE('',#5879,#5878,#416,.F.);
#4807=EDGE_CURVE('',#5880,#5171,#6722,.T.);
#4808=EDGE_CURVE('',#5880,#5879,#6723,.T.);
#4809=EDGE_CURVE('',#5881,#5170,#6724,.T.);
#4810=EDGE_CURVE('',#5881,#5880,#417,.T.);
#4811=EDGE_CURVE('',#5882,#5169,#6725,.T.);
#4812=EDGE_CURVE('',#5882,#5881,#783,.T.);
#4813=EDGE_CURVE('',#5883,#5168,#6726,.T.);
#4814=EDGE_CURVE('',#5883,#5882,#784,.T.);
#4815=EDGE_CURVE('',#5884,#5167,#6727,.T.);
#4816=EDGE_CURVE('',#5884,#5883,#6728,.T.);
#4817=EDGE_CURVE('',#5885,#5166,#6729,.T.);
#4818=EDGE_CURVE('',#5885,#5884,#6730,.T.);
#4819=EDGE_CURVE('',#5886,#5165,#6731,.T.);
#4820=EDGE_CURVE('',#5886,#5885,#418,.T.);
#4821=EDGE_CURVE('',#5887,#5164,#6732,.T.);
#4822=EDGE_CURVE('',#5887,#5886,#419,.T.);
#4823=EDGE_CURVE('',#5888,#5163,#6733,.T.);
#4824=EDGE_CURVE('',#5888,#5887,#6734,.T.);
#4825=EDGE_CURVE('',#5889,#5162,#6735,.T.);
#4826=EDGE_CURVE('',#5889,#5888,#785,.T.);
#4827=EDGE_CURVE('',#5875,#5889,#6736,.T.);
#4828=EDGE_CURVE('',#5890,#5156,#6737,.T.);
#4829=EDGE_CURVE('',#5890,#5891,#6738,.T.);
#4830=EDGE_CURVE('',#5891,#5157,#6739,.T.);
#4831=EDGE_CURVE('',#5892,#5159,#6740,.T.);
#4832=EDGE_CURVE('',#5892,#5890,#6741,.T.);
#4833=EDGE_CURVE('',#5893,#5158,#6742,.T.);
#4834=EDGE_CURVE('',#5893,#5892,#6743,.T.);
#4835=EDGE_CURVE('',#5891,#5893,#6744,.T.);
#4836=EDGE_CURVE('',#5894,#5140,#6745,.T.);
#4837=EDGE_CURVE('',#5894,#5895,#6746,.T.);
#4838=EDGE_CURVE('',#5895,#5141,#6747,.T.);
#4839=EDGE_CURVE('',#5896,#5155,#6748,.T.);
#4840=EDGE_CURVE('',#5896,#5894,#6749,.T.);
#4841=EDGE_CURVE('',#5897,#5154,#6750,.T.);
#4842=EDGE_CURVE('',#5897,#5896,#6751,.T.);
#4843=EDGE_CURVE('',#5898,#5153,#6752,.T.);
#4844=EDGE_CURVE('',#5898,#5897,#786,.T.);
#4845=EDGE_CURVE('',#5899,#5152,#6753,.T.);
#4846=EDGE_CURVE('',#5899,#5898,#420,.F.);
#4847=EDGE_CURVE('',#5900,#5151,#6754,.T.);
#4848=EDGE_CURVE('',#5900,#5899,#6755,.T.);
#4849=EDGE_CURVE('',#5901,#5150,#6756,.T.);
#4850=EDGE_CURVE('',#5901,#5900,#421,.T.);
#4851=EDGE_CURVE('',#5902,#5149,#6757,.T.);
#4852=EDGE_CURVE('',#5902,#5901,#787,.T.);
#4853=EDGE_CURVE('',#5903,#5148,#6758,.T.);
#4854=EDGE_CURVE('',#5903,#5902,#788,.T.);
#4855=EDGE_CURVE('',#5904,#5147,#6759,.T.);
#4856=EDGE_CURVE('',#5904,#5903,#6760,.T.);
#4857=EDGE_CURVE('',#5905,#5146,#6761,.T.);
#4858=EDGE_CURVE('',#5905,#5904,#6762,.T.);
#4859=EDGE_CURVE('',#5906,#5145,#6763,.T.);
#4860=EDGE_CURVE('',#5906,#5905,#422,.T.);
#4861=EDGE_CURVE('',#5907,#5144,#6764,.T.);
#4862=EDGE_CURVE('',#5907,#5906,#423,.T.);
#4863=EDGE_CURVE('',#5908,#5143,#6765,.T.);
#4864=EDGE_CURVE('',#5908,#5907,#6766,.T.);
#4865=EDGE_CURVE('',#5909,#5142,#6767,.T.);
#4866=EDGE_CURVE('',#5909,#5908,#789,.T.);
#4867=EDGE_CURVE('',#5895,#5909,#6768,.T.);
#4868=EDGE_CURVE('',#5910,#5121,#6769,.T.);
#4869=EDGE_CURVE('',#5910,#5911,#424,.F.);
#4870=EDGE_CURVE('',#5911,#5122,#6770,.T.);
#4871=EDGE_CURVE('',#5912,#5139,#6771,.T.);
#4872=EDGE_CURVE('',#5912,#5910,#790,.T.);
#4873=EDGE_CURVE('',#5913,#5138,#6772,.T.);
#4874=EDGE_CURVE('',#5913,#5912,#791,.T.);
#4875=EDGE_CURVE('',#5914,#5137,#6773,.T.);
#4876=EDGE_CURVE('',#5914,#5913,#6774,.T.);
#4877=EDGE_CURVE('',#5915,#5136,#6775,.T.);
#4878=EDGE_CURVE('',#5915,#5914,#6776,.T.);
#4879=EDGE_CURVE('',#5916,#5135,#6777,.T.);
#4880=EDGE_CURVE('',#5916,#5915,#6778,.T.);
#4881=EDGE_CURVE('',#5917,#5134,#6779,.T.);
#4882=EDGE_CURVE('',#5917,#5916,#6780,.T.);
#4883=EDGE_CURVE('',#5918,#5133,#6781,.T.);
#4884=EDGE_CURVE('',#5918,#5917,#6782,.T.);
#4885=EDGE_CURVE('',#5919,#5132,#6783,.T.);
#4886=EDGE_CURVE('',#5919,#5918,#6784,.T.);
#4887=EDGE_CURVE('',#5920,#5131,#6785,.T.);
#4888=EDGE_CURVE('',#5920,#5919,#6786,.T.);
#4889=EDGE_CURVE('',#5921,#5130,#6787,.T.);
#4890=EDGE_CURVE('',#5921,#5920,#6788,.T.);
#4891=EDGE_CURVE('',#5922,#5129,#6789,.T.);
#4892=EDGE_CURVE('',#5922,#5921,#6790,.T.);
#4893=EDGE_CURVE('',#5923,#5128,#6791,.T.);
#4894=EDGE_CURVE('',#5923,#5922,#6792,.T.);
#4895=EDGE_CURVE('',#5924,#5127,#6793,.T.);
#4896=EDGE_CURVE('',#5924,#5923,#6794,.T.);
#4897=EDGE_CURVE('',#5925,#5126,#6795,.T.);
#4898=EDGE_CURVE('',#5925,#5924,#792,.T.);
#4899=EDGE_CURVE('',#5926,#5125,#6796,.T.);
#4900=EDGE_CURVE('',#5926,#5925,#425,.T.);
#4901=EDGE_CURVE('',#5927,#5124,#6797,.T.);
#4902=EDGE_CURVE('',#5927,#5926,#426,.T.);
#4903=EDGE_CURVE('',#5928,#5123,#6798,.T.);
#4904=EDGE_CURVE('',#5928,#5927,#6799,.T.);
#4905=EDGE_CURVE('',#5911,#5928,#427,.F.);
#4906=EDGE_CURVE('',#5929,#5096,#6800,.T.);
#4907=EDGE_CURVE('',#5929,#5930,#793,.T.);
#4908=EDGE_CURVE('',#5930,#5097,#6801,.T.);
#4909=EDGE_CURVE('',#5931,#5120,#6802,.T.);
#4910=EDGE_CURVE('',#5931,#5929,#794,.T.);
#4911=EDGE_CURVE('',#5932,#5119,#6803,.T.);
#4912=EDGE_CURVE('',#5932,#5931,#795,.T.);
#4913=EDGE_CURVE('',#5933,#5118,#6804,.T.);
#4914=EDGE_CURVE('',#5933,#5932,#796,.T.);
#4915=EDGE_CURVE('',#5934,#5117,#6805,.T.);
#4916=EDGE_CURVE('',#5934,#5933,#797,.T.);
#4917=EDGE_CURVE('',#5935,#5116,#6806,.T.);
#4918=EDGE_CURVE('',#5935,#5934,#798,.T.);
#4919=EDGE_CURVE('',#5936,#5115,#6807,.T.);
#4920=EDGE_CURVE('',#5936,#5935,#799,.T.);
#4921=EDGE_CURVE('',#5937,#5114,#6808,.T.);
#4922=EDGE_CURVE('',#5937,#5936,#800,.T.);
#4923=EDGE_CURVE('',#5938,#5113,#6809,.T.);
#4924=EDGE_CURVE('',#5938,#5937,#801,.T.);
#4925=EDGE_CURVE('',#5939,#5112,#6810,.T.);
#4926=EDGE_CURVE('',#5939,#5938,#6811,.T.);
#4927=EDGE_CURVE('',#5940,#5111,#6812,.T.);
#4928=EDGE_CURVE('',#5940,#5939,#428,.T.);
#4929=EDGE_CURVE('',#5941,#5110,#6813,.T.);
#4930=EDGE_CURVE('',#5941,#5940,#802,.T.);
#4931=EDGE_CURVE('',#5942,#5109,#6814,.T.);
#4932=EDGE_CURVE('',#5942,#5941,#803,.T.);
#4933=EDGE_CURVE('',#5943,#5108,#6815,.T.);
#4934=EDGE_CURVE('',#5943,#5942,#804,.T.);
#4935=EDGE_CURVE('',#5944,#5107,#6816,.T.);
#4936=EDGE_CURVE('',#5944,#5943,#805,.T.);
#4937=EDGE_CURVE('',#5945,#5106,#6817,.T.);
#4938=EDGE_CURVE('',#5945,#5944,#806,.T.);
#4939=EDGE_CURVE('',#5946,#5105,#6818,.T.);
#4940=EDGE_CURVE('',#5946,#5945,#807,.T.);
#4941=EDGE_CURVE('',#5947,#5104,#6819,.T.);
#4942=EDGE_CURVE('',#5947,#5946,#808,.T.);
#4943=EDGE_CURVE('',#5948,#5103,#6820,.T.);
#4944=EDGE_CURVE('',#5948,#5947,#809,.T.);
#4945=EDGE_CURVE('',#5949,#5102,#6821,.T.);
#4946=EDGE_CURVE('',#5949,#5948,#810,.T.);
#4947=EDGE_CURVE('',#5950,#5101,#6822,.T.);
#4948=EDGE_CURVE('',#5950,#5949,#429,.F.);
#4949=EDGE_CURVE('',#5951,#5100,#6823,.T.);
#4950=EDGE_CURVE('',#5951,#5950,#430,.F.);
#4951=EDGE_CURVE('',#5952,#5099,#6824,.T.);
#4952=EDGE_CURVE('',#5952,#5951,#6825,.T.);
#4953=EDGE_CURVE('',#5953,#5098,#6826,.T.);
#4954=EDGE_CURVE('',#5953,#5952,#811,.T.);
#4955=EDGE_CURVE('',#5930,#5953,#812,.T.);
#4956=EDGE_CURVE('',#5954,#5955,#6827,.T.);
#4957=EDGE_CURVE('',#5956,#5954,#6828,.T.);
#4958=EDGE_CURVE('',#5956,#5957,#6829,.T.);
#4959=EDGE_CURVE('',#5957,#5955,#6830,.T.);
#4960=EDGE_CURVE('',#5954,#5958,#6831,.T.);
#4961=EDGE_CURVE('',#5959,#5958,#6832,.T.);
#4962=EDGE_CURVE('',#5956,#5959,#6833,.T.);
#4963=EDGE_CURVE('',#5958,#5960,#6834,.T.);
#4964=EDGE_CURVE('',#5961,#5960,#6835,.T.);
#4965=EDGE_CURVE('',#5959,#5961,#6836,.T.);
#4966=EDGE_CURVE('',#5962,#5963,#6837,.T.);
#4967=EDGE_CURVE('',#5964,#5962,#6838,.T.);
#4968=EDGE_CURVE('',#5964,#5965,#6839,.T.);
#4969=EDGE_CURVE('',#5965,#5963,#6840,.T.);
#4970=EDGE_CURVE('',#5962,#5966,#6841,.T.);
#4971=EDGE_CURVE('',#5967,#5966,#6842,.T.);
#4972=EDGE_CURVE('',#5964,#5967,#6843,.T.);
#4973=EDGE_CURVE('',#5966,#5968,#6844,.T.);
#4974=EDGE_CURVE('',#5969,#5968,#6845,.T.);
#4975=EDGE_CURVE('',#5967,#5969,#6846,.T.);
#4976=EDGE_CURVE('',#5970,#5971,#6847,.T.);
#4977=EDGE_CURVE('',#5972,#5970,#6848,.T.);
#4978=EDGE_CURVE('',#5972,#5973,#6849,.T.);
#4979=EDGE_CURVE('',#5973,#5971,#6850,.T.);
#4980=EDGE_CURVE('',#5970,#5974,#6851,.T.);
#4981=EDGE_CURVE('',#5975,#5974,#6852,.T.);
#4982=EDGE_CURVE('',#5972,#5975,#6853,.T.);
#4983=EDGE_CURVE('',#5974,#5976,#6854,.T.);
#4984=EDGE_CURVE('',#5977,#5976,#6855,.T.);
#4985=EDGE_CURVE('',#5975,#5977,#6856,.T.);
#4986=EDGE_CURVE('',#5978,#5979,#6857,.T.);
#4987=EDGE_CURVE('',#5980,#5978,#6858,.T.);
#4988=EDGE_CURVE('',#5980,#5981,#6859,.T.);
#4989=EDGE_CURVE('',#5981,#5979,#6860,.T.);
#4990=EDGE_CURVE('',#5978,#5982,#6861,.T.);
#4991=EDGE_CURVE('',#5983,#5982,#6862,.T.);
#4992=EDGE_CURVE('',#5980,#5983,#6863,.T.);
#4993=EDGE_CURVE('',#5982,#5984,#6864,.T.);
#4994=EDGE_CURVE('',#5985,#5984,#6865,.T.);
#4995=EDGE_CURVE('',#5983,#5985,#6866,.T.);
#4996=EDGE_CURVE('',#5986,#5987,#6867,.T.);
#4997=EDGE_CURVE('',#5988,#5986,#6868,.T.);
#4998=EDGE_CURVE('',#5988,#5989,#6869,.T.);
#4999=EDGE_CURVE('',#5989,#5987,#6870,.T.);
#5000=EDGE_CURVE('',#5986,#5990,#6871,.T.);
#5001=EDGE_CURVE('',#5991,#5990,#6872,.T.);
#5002=EDGE_CURVE('',#5988,#5991,#6873,.T.);
#5003=EDGE_CURVE('',#5990,#5992,#6874,.T.);
#5004=EDGE_CURVE('',#5993,#5992,#6875,.T.);
#5005=EDGE_CURVE('',#5991,#5993,#6876,.T.);
#5006=EDGE_CURVE('',#5994,#5995,#6877,.T.);
#5007=EDGE_CURVE('',#5996,#5994,#6878,.T.);
#5008=EDGE_CURVE('',#5996,#5997,#6879,.T.);
#5009=EDGE_CURVE('',#5997,#5995,#6880,.T.);
#5010=EDGE_CURVE('',#5994,#5998,#6881,.T.);
#5011=EDGE_CURVE('',#5999,#5998,#6882,.T.);
#5012=EDGE_CURVE('',#5996,#5999,#6883,.T.);
#5013=EDGE_CURVE('',#5998,#6000,#6884,.T.);
#5014=EDGE_CURVE('',#6001,#6000,#6885,.T.);
#5015=EDGE_CURVE('',#5999,#6001,#6886,.T.);
#5016=EDGE_CURVE('',#6002,#6003,#6887,.T.);
#5017=EDGE_CURVE('',#6004,#6002,#6888,.T.);
#5018=EDGE_CURVE('',#6004,#6005,#6889,.T.);
#5019=EDGE_CURVE('',#6005,#6003,#6890,.T.);
#5020=EDGE_CURVE('',#6002,#6006,#6891,.T.);
#5021=EDGE_CURVE('',#6007,#6006,#6892,.T.);
#5022=EDGE_CURVE('',#6004,#6007,#6893,.T.);
#5023=EDGE_CURVE('',#6006,#6008,#6894,.T.);
#5024=EDGE_CURVE('',#6009,#6008,#6895,.T.);
#5025=EDGE_CURVE('',#6007,#6009,#6896,.T.);
#5026=EDGE_CURVE('',#6010,#6011,#6897,.T.);
#5027=EDGE_CURVE('',#6010,#6012,#6898,.T.);
#5028=EDGE_CURVE('',#6012,#6013,#6899,.T.);
#5029=EDGE_CURVE('',#6011,#6013,#6900,.T.);
#5030=EDGE_CURVE('',#6014,#6015,#6901,.T.);
#5031=EDGE_CURVE('',#6014,#6010,#431,.F.);
#5032=EDGE_CURVE('',#6011,#6015,#432,.T.);
#5033=EDGE_CURVE('',#6016,#6017,#6902,.T.);
#5034=EDGE_CURVE('',#6016,#6014,#6903,.F.);
#5035=EDGE_CURVE('',#6015,#6017,#6904,.T.);
#5036=EDGE_CURVE('',#6018,#6019,#6905,.T.);
#5037=EDGE_CURVE('',#6018,#6016,#433,.F.);
#5038=EDGE_CURVE('',#6017,#6019,#434,.T.);
#5039=EDGE_CURVE('',#6020,#6021,#6906,.T.);
#5040=EDGE_CURVE('',#6020,#6018,#6907,.F.);
#5041=EDGE_CURVE('',#6019,#6021,#6908,.T.);
#5042=EDGE_CURVE('',#6022,#6023,#6909,.T.);
#5043=EDGE_CURVE('',#6022,#6020,#435,.F.);
#5044=EDGE_CURVE('',#6021,#6023,#436,.T.);
#5045=EDGE_CURVE('',#6024,#6025,#6910,.T.);
#5046=EDGE_CURVE('',#6024,#6022,#6911,.T.);
#5047=EDGE_CURVE('',#6025,#6023,#6912,.T.);
#5048=EDGE_CURVE('',#6026,#6026,#437,.T.);
#5049=EDGE_CURVE('',#6027,#6027,#438,.T.);
#5050=EDGE_CURVE('',#6028,#6028,#439,.T.);
#5051=EDGE_CURVE('',#6029,#6029,#440,.T.);
#5052=EDGE_CURVE('',#5955,#5960,#6913,.T.);
#5053=EDGE_CURVE('',#5957,#5961,#6914,.T.);
#5054=EDGE_CURVE('',#5963,#5968,#6915,.T.);
#5055=EDGE_CURVE('',#5965,#5969,#6916,.T.);
#5056=EDGE_CURVE('',#5971,#5976,#6917,.T.);
#5057=EDGE_CURVE('',#5973,#5977,#6918,.T.);
#5058=EDGE_CURVE('',#5979,#5984,#6919,.T.);
#5059=EDGE_CURVE('',#5981,#5985,#6920,.T.);
#5060=EDGE_CURVE('',#5987,#5992,#6921,.T.);
#5061=EDGE_CURVE('',#5989,#5993,#6922,.T.);
#5062=EDGE_CURVE('',#5995,#6000,#6923,.T.);
#5063=EDGE_CURVE('',#5997,#6001,#6924,.T.);
#5064=EDGE_CURVE('',#6003,#6008,#6925,.T.);
#5065=EDGE_CURVE('',#6005,#6009,#6926,.T.);
#5066=EDGE_CURVE('',#6012,#6024,#441,.F.);
#5067=EDGE_CURVE('',#6025,#6013,#442,.T.);
#5068=EDGE_CURVE('',#6030,#6030,#443,.T.);
#5069=EDGE_CURVE('',#6031,#6031,#444,.T.);
#5070=EDGE_CURVE('',#6032,#6032,#445,.T.);
#5071=EDGE_CURVE('',#6033,#6033,#446,.T.);
#5072=EDGE_CURVE('',#6034,#6035,#6927,.F.);
#5073=EDGE_CURVE('',#6035,#6036,#447,.T.);
#5074=EDGE_CURVE('',#6036,#6037,#6928,.T.);
#5075=EDGE_CURVE('',#6037,#6038,#448,.T.);
#5076=EDGE_CURVE('',#6038,#6039,#6929,.T.);
#5077=EDGE_CURVE('',#6039,#6040,#449,.T.);
#5078=EDGE_CURVE('',#6040,#6041,#6930,.F.);
#5079=EDGE_CURVE('',#6041,#6034,#450,.T.);
#5080=EDGE_CURVE('',#6020,#6039,#451,.T.);
#5081=EDGE_CURVE('',#6040,#6022,#452,.T.);
#5082=EDGE_CURVE('',#6041,#6024,#453,.T.);
#5083=EDGE_CURVE('',#6018,#6038,#454,.T.);
#5084=EDGE_CURVE('',#6034,#6012,#455,.T.);
#5085=EDGE_CURVE('',#6016,#6037,#456,.T.);
#5086=EDGE_CURVE('',#6035,#6010,#457,.T.);
#5087=EDGE_CURVE('',#6014,#6036,#458,.T.);
#5088=VERTEX_POINT('',#12316);
#5089=VERTEX_POINT('',#12317);
#5090=VERTEX_POINT('',#12319);
#5091=VERTEX_POINT('',#12321);
#5092=VERTEX_POINT('',#12325);
#5093=VERTEX_POINT('',#12327);
#5094=VERTEX_POINT('',#12331);
#5095=VERTEX_POINT('',#12333);
#5096=VERTEX_POINT('',#12345);
#5097=VERTEX_POINT('',#12346);
#5098=VERTEX_POINT('',#12350);
#5099=VERTEX_POINT('',#12354);
#5100=VERTEX_POINT('',#12356);
#5101=VERTEX_POINT('',#12358);
#5102=VERTEX_POINT('',#12360);
#5103=VERTEX_POINT('',#12364);
#5104=VERTEX_POINT('',#12368);
#5105=VERTEX_POINT('',#12372);
#5106=VERTEX_POINT('',#12376);
#5107=VERTEX_POINT('',#12380);
#5108=VERTEX_POINT('',#12384);
#5109=VERTEX_POINT('',#12388);
#5110=VERTEX_POINT('',#12392);
#5111=VERTEX_POINT('',#12396);
#5112=VERTEX_POINT('',#12398);
#5113=VERTEX_POINT('',#12400);
#5114=VERTEX_POINT('',#12404);
#5115=VERTEX_POINT('',#12408);
#5116=VERTEX_POINT('',#12412);
#5117=VERTEX_POINT('',#12416);
#5118=VERTEX_POINT('',#12420);
#5119=VERTEX_POINT('',#12424);
#5120=VERTEX_POINT('',#12428);
#5121=VERTEX_POINT('',#12433);
#5122=VERTEX_POINT('',#12434);
#5123=VERTEX_POINT('',#12436);
#5124=VERTEX_POINT('',#12438);
#5125=VERTEX_POINT('',#12440);
#5126=VERTEX_POINT('',#12442);
#5127=VERTEX_POINT('',#12446);
#5128=VERTEX_POINT('',#12448);
#5129=VERTEX_POINT('',#12450);
#5130=VERTEX_POINT('',#12452);
#5131=VERTEX_POINT('',#12454);
#5132=VERTEX_POINT('',#12456);
#5133=VERTEX_POINT('',#12458);
#5134=VERTEX_POINT('',#12460);
#5135=VERTEX_POINT('',#12462);
#5136=VERTEX_POINT('',#12464);
#5137=VERTEX_POINT('',#12466);
#5138=VERTEX_POINT('',#12468);
#5139=VERTEX_POINT('',#12472);
#5140=VERTEX_POINT('',#12477);
#5141=VERTEX_POINT('',#12478);
#5142=VERTEX_POINT('',#12480);
#5143=VERTEX_POINT('',#12484);
#5144=VERTEX_POINT('',#12486);
#5145=VERTEX_POINT('',#12488);
#5146=VERTEX_POINT('',#12490);
#5147=VERTEX_POINT('',#12492);
#5148=VERTEX_POINT('',#12494);
#5149=VERTEX_POINT('',#12498);
#5150=VERTEX_POINT('',#12502);
#5151=VERTEX_POINT('',#12504);
#5152=VERTEX_POINT('',#12506);
#5153=VERTEX_POINT('',#12508);
#5154=VERTEX_POINT('',#12512);
#5155=VERTEX_POINT('',#12514);
#5156=VERTEX_POINT('',#12517);
#5157=VERTEX_POINT('',#12518);
#5158=VERTEX_POINT('',#12520);
#5159=VERTEX_POINT('',#12522);
#5160=VERTEX_POINT('',#12525);
#5161=VERTEX_POINT('',#12526);
#5162=VERTEX_POINT('',#12528);
#5163=VERTEX_POINT('',#12532);
#5164=VERTEX_POINT('',#12534);
#5165=VERTEX_POINT('',#12536);
#5166=VERTEX_POINT('',#12538);
#5167=VERTEX_POINT('',#12540);
#5168=VERTEX_POINT('',#12542);
#5169=VERTEX_POINT('',#12546);
#5170=VERTEX_POINT('',#12550);
#5171=VERTEX_POINT('',#12552);
#5172=VERTEX_POINT('',#12554);
#5173=VERTEX_POINT('',#12556);
#5174=VERTEX_POINT('',#12560);
#5175=VERTEX_POINT('',#12562);
#5176=VERTEX_POINT('',#12565);
#5177=VERTEX_POINT('',#12566);
#5178=VERTEX_POINT('',#12568);
#5179=VERTEX_POINT('',#12570);
#5180=VERTEX_POINT('',#12575);
#5181=VERTEX_POINT('',#12576);
#5182=VERTEX_POINT('',#12580);
#5183=VERTEX_POINT('',#12584);
#5184=VERTEX_POINT('',#12586);
#5185=VERTEX_POINT('',#12588);
#5186=VERTEX_POINT('',#12590);
#5187=VERTEX_POINT('',#12594);
#5188=VERTEX_POINT('',#12598);
#5189=VERTEX_POINT('',#12602);
#5190=VERTEX_POINT('',#12606);
#5191=VERTEX_POINT('',#12610);
#5192=VERTEX_POINT('',#12612);
#5193=VERTEX_POINT('',#12614);
#5194=VERTEX_POINT('',#12616);
#5195=VERTEX_POINT('',#12620);
#5196=VERTEX_POINT('',#12622);
#5197=VERTEX_POINT('',#12624);
#5198=VERTEX_POINT('',#12628);
#5199=VERTEX_POINT('',#12632);
#5200=VERTEX_POINT('',#12636);
#5201=VERTEX_POINT('',#12638);
#5202=VERTEX_POINT('',#12640);
#5203=VERTEX_POINT('',#12644);
#5204=VERTEX_POINT('',#12648);
#5205=VERTEX_POINT('',#12653);
#5206=VERTEX_POINT('',#12654);
#5207=VERTEX_POINT('',#12656);
#5208=VERTEX_POINT('',#12658);
#5209=VERTEX_POINT('',#12660);
#5210=VERTEX_POINT('',#12662);
#5211=VERTEX_POINT('',#12664);
#5212=VERTEX_POINT('',#12666);
#5213=VERTEX_POINT('',#12669);
#5214=VERTEX_POINT('',#12670);
#5215=VERTEX_POINT('',#12674);
#5216=VERTEX_POINT('',#12678);
#5217=VERTEX_POINT('',#12682);
#5218=VERTEX_POINT('',#12686);
#5219=VERTEX_POINT('',#12688);
#5220=VERTEX_POINT('',#12690);
#5221=VERTEX_POINT('',#12692);
#5222=VERTEX_POINT('',#12696);
#5223=VERTEX_POINT('',#12700);
#5224=VERTEX_POINT('',#12704);
#5225=VERTEX_POINT('',#12708);
#5226=VERTEX_POINT('',#12710);
#5227=VERTEX_POINT('',#12712);
#5228=VERTEX_POINT('',#12714);
#5229=VERTEX_POINT('',#12716);
#5230=VERTEX_POINT('',#12718);
#5231=VERTEX_POINT('',#12720);
#5232=VERTEX_POINT('',#12722);
#5233=VERTEX_POINT('',#12724);
#5234=VERTEX_POINT('',#12728);
#5235=VERTEX_POINT('',#12730);
#5236=VERTEX_POINT('',#12732);
#5237=VERTEX_POINT('',#12734);
#5238=VERTEX_POINT('',#12738);
#5239=VERTEX_POINT('',#12742);
#5240=VERTEX_POINT('',#12744);
#5241=VERTEX_POINT('',#12747);
#5242=VERTEX_POINT('',#12748);
#5243=VERTEX_POINT('',#12750);
#5244=VERTEX_POINT('',#12754);
#5245=VERTEX_POINT('',#12758);
#5246=VERTEX_POINT('',#12762);
#5247=VERTEX_POINT('',#12766);
#5248=VERTEX_POINT('',#12770);
#5249=VERTEX_POINT('',#12772);
#5250=VERTEX_POINT('',#12774);
#5251=VERTEX_POINT('',#12778);
#5252=VERTEX_POINT('',#12782);
#5253=VERTEX_POINT('',#12786);
#5254=VERTEX_POINT('',#12788);
#5255=VERTEX_POINT('',#12790);
#5256=VERTEX_POINT('',#12792);
#5257=VERTEX_POINT('',#12796);
#5258=VERTEX_POINT('',#12800);
#5259=VERTEX_POINT('',#12802);
#5260=VERTEX_POINT('',#12805);
#5261=VERTEX_POINT('',#12806);
#5262=VERTEX_POINT('',#12808);
#5263=VERTEX_POINT('',#12810);
#5264=VERTEX_POINT('',#12812);
#5265=VERTEX_POINT('',#12814);
#5266=VERTEX_POINT('',#12816);
#5267=VERTEX_POINT('',#12818);
#5268=VERTEX_POINT('',#12820);
#5269=VERTEX_POINT('',#12822);
#5270=VERTEX_POINT('',#12825);
#5271=VERTEX_POINT('',#12826);
#5272=VERTEX_POINT('',#12828);
#5273=VERTEX_POINT('',#12830);
#5274=VERTEX_POINT('',#12835);
#5275=VERTEX_POINT('',#12836);
#5276=VERTEX_POINT('',#12838);
#5277=VERTEX_POINT('',#12840);
#5278=VERTEX_POINT('',#12844);
#5279=VERTEX_POINT('',#12848);
#5280=VERTEX_POINT('',#12850);
#5281=VERTEX_POINT('',#12852);
#5282=VERTEX_POINT('',#12857);
#5283=VERTEX_POINT('',#12858);
#5284=VERTEX_POINT('',#12862);
#5285=VERTEX_POINT('',#12866);
#5286=VERTEX_POINT('',#12870);
#5287=VERTEX_POINT('',#12874);
#5288=VERTEX_POINT('',#12876);
#5289=VERTEX_POINT('',#12878);
#5290=VERTEX_POINT('',#12880);
#5291=VERTEX_POINT('',#12882);
#5292=VERTEX_POINT('',#12884);
#5293=VERTEX_POINT('',#12886);
#5294=VERTEX_POINT('',#12888);
#5295=VERTEX_POINT('',#12890);
#5296=VERTEX_POINT('',#12894);
#5297=VERTEX_POINT('',#12898);
#5298=VERTEX_POINT('',#12900);
#5299=VERTEX_POINT('',#12903);
#5300=VERTEX_POINT('',#12904);
#5301=VERTEX_POINT('',#12906);
#5302=VERTEX_POINT('',#12908);
#5303=VERTEX_POINT('',#12910);
#5304=VERTEX_POINT('',#12914);
#5305=VERTEX_POINT('',#12918);
#5306=VERTEX_POINT('',#12920);
#5307=VERTEX_POINT('',#12924);
#5308=VERTEX_POINT('',#12926);
#5309=VERTEX_POINT('',#12930);
#5310=VERTEX_POINT('',#12932);
#5311=VERTEX_POINT('',#12936);
#5312=VERTEX_POINT('',#12940);
#5313=VERTEX_POINT('',#12944);
#5314=VERTEX_POINT('',#12948);
#5315=VERTEX_POINT('',#12952);
#5316=VERTEX_POINT('',#12956);
#5317=VERTEX_POINT('',#12958);
#5318=VERTEX_POINT('',#12962);
#5319=VERTEX_POINT('',#12964);
#5320=VERTEX_POINT('',#12966);
#5321=VERTEX_POINT('',#12968);
#5322=VERTEX_POINT('',#12972);
#5323=VERTEX_POINT('',#12974);
#5324=VERTEX_POINT('',#12976);
#5325=VERTEX_POINT('',#12980);
#5326=VERTEX_POINT('',#12984);
#5327=VERTEX_POINT('',#12986);
#5328=VERTEX_POINT('',#12989);
#5329=VERTEX_POINT('',#12990);
#5330=VERTEX_POINT('',#12992);
#5331=VERTEX_POINT('',#12994);
#5332=VERTEX_POINT('',#12996);
#5333=VERTEX_POINT('',#12998);
#5334=VERTEX_POINT('',#13000);
#5335=VERTEX_POINT('',#13002);
#5336=VERTEX_POINT('',#13004);
#5337=VERTEX_POINT('',#13006);
#5338=VERTEX_POINT('',#13008);
#5339=VERTEX_POINT('',#13010);
#5340=VERTEX_POINT('',#13013);
#5341=VERTEX_POINT('',#13014);
#5342=VERTEX_POINT('',#13016);
#5343=VERTEX_POINT('',#13020);
#5344=VERTEX_POINT('',#13024);
#5345=VERTEX_POINT('',#13028);
#5346=VERTEX_POINT('',#13032);
#5347=VERTEX_POINT('',#13036);
#5348=VERTEX_POINT('',#13038);
#5349=VERTEX_POINT('',#13040);
#5350=VERTEX_POINT('',#13044);
#5351=VERTEX_POINT('',#13048);
#5352=VERTEX_POINT('',#13052);
#5353=VERTEX_POINT('',#13054);
#5354=VERTEX_POINT('',#13056);
#5355=VERTEX_POINT('',#13058);
#5356=VERTEX_POINT('',#13062);
#5357=VERTEX_POINT('',#13066);
#5358=VERTEX_POINT('',#13068);
#5359=VERTEX_POINT('',#13073);
#5360=VERTEX_POINT('',#13074);
#5361=VERTEX_POINT('',#13078);
#5362=VERTEX_POINT('',#13082);
#5363=VERTEX_POINT('',#13086);
#5364=VERTEX_POINT('',#13088);
#5365=VERTEX_POINT('',#13090);
#5366=VERTEX_POINT('',#13092);
#5367=VERTEX_POINT('',#13094);
#5368=VERTEX_POINT('',#13096);
#5369=VERTEX_POINT('',#13100);
#5370=VERTEX_POINT('',#13104);
#5371=VERTEX_POINT('',#13108);
#5372=VERTEX_POINT('',#13110);
#5373=VERTEX_POINT('',#13112);
#5374=VERTEX_POINT('',#13117);
#5375=VERTEX_POINT('',#13118);
#5376=VERTEX_POINT('',#13120);
#5377=VERTEX_POINT('',#13122);
#5378=VERTEX_POINT('',#13124);
#5379=VERTEX_POINT('',#13126);
#5380=VERTEX_POINT('',#13128);
#5381=VERTEX_POINT('',#13130);
#5382=VERTEX_POINT('',#13132);
#5383=VERTEX_POINT('',#13134);
#5384=VERTEX_POINT('',#13136);
#5385=VERTEX_POINT('',#13138);
#5386=VERTEX_POINT('',#13140);
#5387=VERTEX_POINT('',#13142);
#5388=VERTEX_POINT('',#13144);
#5389=VERTEX_POINT('',#13147);
#5390=VERTEX_POINT('',#13148);
#5391=VERTEX_POINT('',#13150);
#5392=VERTEX_POINT('',#13152);
#5393=VERTEX_POINT('',#13154);
#5394=VERTEX_POINT('',#13156);
#5395=VERTEX_POINT('',#13158);
#5396=VERTEX_POINT('',#13160);
#5397=VERTEX_POINT('',#13162);
#5398=VERTEX_POINT('',#13164);
#5399=VERTEX_POINT('',#13166);
#5400=VERTEX_POINT('',#13170);
#5401=VERTEX_POINT('',#13172);
#5402=VERTEX_POINT('',#13176);
#5403=VERTEX_POINT('',#13180);
#5404=VERTEX_POINT('',#13184);
#5405=VERTEX_POINT('',#13189);
#5406=VERTEX_POINT('',#13190);
#5407=VERTEX_POINT('',#13192);
#5408=VERTEX_POINT('',#13196);
#5409=VERTEX_POINT('',#13200);
#5410=VERTEX_POINT('',#13204);
#5411=VERTEX_POINT('',#13208);
#5412=VERTEX_POINT('',#13212);
#5413=VERTEX_POINT('',#13214);
#5414=VERTEX_POINT('',#13216);
#5415=VERTEX_POINT('',#13220);
#5416=VERTEX_POINT('',#13224);
#5417=VERTEX_POINT('',#13228);
#5418=VERTEX_POINT('',#13230);
#5419=VERTEX_POINT('',#13232);
#5420=VERTEX_POINT('',#13234);
#5421=VERTEX_POINT('',#13238);
#5422=VERTEX_POINT('',#13242);
#5423=VERTEX_POINT('',#13244);
#5424=VERTEX_POINT('',#13247);
#5425=VERTEX_POINT('',#13248);
#5426=VERTEX_POINT('',#13252);
#5427=VERTEX_POINT('',#13256);
#5428=VERTEX_POINT('',#13260);
#5429=VERTEX_POINT('',#13264);
#5430=VERTEX_POINT('',#13268);
#5431=VERTEX_POINT('',#13272);
#5432=VERTEX_POINT('',#13274);
#5433=VERTEX_POINT('',#13276);
#5434=VERTEX_POINT('',#13278);
#5435=VERTEX_POINT('',#13280);
#5436=VERTEX_POINT('',#13282);
#5437=VERTEX_POINT('',#13284);
#5438=VERTEX_POINT('',#13286);
#5439=VERTEX_POINT('',#13289);
#5440=VERTEX_POINT('',#13290);
#5441=VERTEX_POINT('',#13292);
#5442=VERTEX_POINT('',#13294);
#5443=VERTEX_POINT('',#13298);
#5444=VERTEX_POINT('',#13299);
#5445=VERTEX_POINT('',#13301);
#5446=VERTEX_POINT('',#13303);
#5447=VERTEX_POINT('',#13305);
#5448=VERTEX_POINT('',#13307);
#5449=VERTEX_POINT('',#13309);
#5450=VERTEX_POINT('',#13311);
#5451=VERTEX_POINT('',#13315);
#5452=VERTEX_POINT('',#13317);
#5453=VERTEX_POINT('',#13320);
#5454=VERTEX_POINT('',#13321);
#5455=VERTEX_POINT('',#13323);
#5456=VERTEX_POINT('',#13325);
#5457=VERTEX_POINT('',#13327);
#5458=VERTEX_POINT('',#13329);
#5459=VERTEX_POINT('',#13332);
#5460=VERTEX_POINT('',#13334);
#5461=VERTEX_POINT('',#13336);
#5462=VERTEX_POINT('',#13338);
#5463=VERTEX_POINT('',#13340);
#5464=VERTEX_POINT('',#13342);
#5465=VERTEX_POINT('',#13346);
#5466=VERTEX_POINT('',#13348);
#5467=VERTEX_POINT('',#13350);
#5468=VERTEX_POINT('',#13353);
#5469=VERTEX_POINT('',#13356);
#5470=VERTEX_POINT('',#13360);
#5471=VERTEX_POINT('',#13363);
#5472=VERTEX_POINT('',#13366);
#5473=VERTEX_POINT('',#13370);
#5474=VERTEX_POINT('',#13373);
#5475=VERTEX_POINT('',#13376);
#5476=VERTEX_POINT('',#13380);
#5477=VERTEX_POINT('',#13383);
#5478=VERTEX_POINT('',#13386);
#5479=VERTEX_POINT('',#13390);
#5480=VERTEX_POINT('',#13391);
#5481=VERTEX_POINT('',#13396);
#5482=VERTEX_POINT('',#13398);
#5483=VERTEX_POINT('',#13405);
#5484=VERTEX_POINT('',#13406);
#5485=VERTEX_POINT('',#13415);
#5486=VERTEX_POINT('',#13416);
#5487=VERTEX_POINT('',#13444);
#5488=VERTEX_POINT('',#13445);
#5489=VERTEX_POINT('',#13447);
#5490=VERTEX_POINT('',#13451);
#5491=VERTEX_POINT('',#13464);
#5492=VERTEX_POINT('',#13466);
#5493=VERTEX_POINT('',#13481);
#5494=VERTEX_POINT('',#13483);
#5495=VERTEX_POINT('',#13498);
#5496=VERTEX_POINT('',#13500);
#5497=VERTEX_POINT('',#13515);
#5498=VERTEX_POINT('',#13517);
#5499=VERTEX_POINT('',#13532);
#5500=VERTEX_POINT('',#13534);
#5501=VERTEX_POINT('',#13549);
#5502=VERTEX_POINT('',#13551);
#5503=VERTEX_POINT('',#13557);
#5504=VERTEX_POINT('',#13559);
#5505=VERTEX_POINT('',#13563);
#5506=VERTEX_POINT('',#13565);
#5507=VERTEX_POINT('',#13569);
#5508=VERTEX_POINT('',#13573);
#5509=VERTEX_POINT('',#13577);
#5510=VERTEX_POINT('',#13581);
#5511=VERTEX_POINT('',#13585);
#5512=VERTEX_POINT('',#13589);
#5513=VERTEX_POINT('',#13593);
#5514=VERTEX_POINT('',#13597);
#5515=VERTEX_POINT('',#13608);
#5516=VERTEX_POINT('',#13621);
#5517=VERTEX_POINT('',#13634);
#5518=VERTEX_POINT('',#13647);
#5519=VERTEX_POINT('',#13660);
#5520=VERTEX_POINT('',#13702);
#5521=VERTEX_POINT('',#13703);
#5522=VERTEX_POINT('',#13705);
#5523=VERTEX_POINT('',#13709);
#5524=VERTEX_POINT('',#13722);
#5525=VERTEX_POINT('',#13724);
#5526=VERTEX_POINT('',#13739);
#5527=VERTEX_POINT('',#13741);
#5528=VERTEX_POINT('',#13756);
#5529=VERTEX_POINT('',#13758);
#5530=VERTEX_POINT('',#13773);
#5531=VERTEX_POINT('',#13775);
#5532=VERTEX_POINT('',#13781);
#5533=VERTEX_POINT('',#13783);
#5534=VERTEX_POINT('',#13787);
#5535=VERTEX_POINT('',#13789);
#5536=VERTEX_POINT('',#13793);
#5537=VERTEX_POINT('',#13795);
#5538=VERTEX_POINT('',#13799);
#5539=VERTEX_POINT('',#13803);
#5540=VERTEX_POINT('',#13814);
#5541=VERTEX_POINT('',#13827);
#5542=VERTEX_POINT('',#13833);
#5543=VERTEX_POINT('',#13837);
#5544=VERTEX_POINT('',#13841);
#5545=VERTEX_POINT('',#13852);
#5546=VERTEX_POINT('',#13865);
#5547=VERTEX_POINT('',#13878);
#5548=VERTEX_POINT('',#13884);
#5549=VERTEX_POINT('',#13888);
#5550=VERTEX_POINT('',#13899);
#5551=VERTEX_POINT('',#13912);
#5552=VERTEX_POINT('',#13925);
#5553=VERTEX_POINT('',#13938);
#5554=VERTEX_POINT('',#13951);
#5555=VERTEX_POINT('',#13984);
#5556=VERTEX_POINT('',#13985);
#5557=VERTEX_POINT('',#13987);
#5558=VERTEX_POINT('',#13991);
#5559=VERTEX_POINT('',#14004);
#5560=VERTEX_POINT('',#14006);
#5561=VERTEX_POINT('',#14021);
#5562=VERTEX_POINT('',#14023);
#5563=VERTEX_POINT('',#14038);
#5564=VERTEX_POINT('',#14040);
#5565=VERTEX_POINT('',#14055);
#5566=VERTEX_POINT('',#14057);
#5567=VERTEX_POINT('',#14072);
#5568=VERTEX_POINT('',#14074);
#5569=VERTEX_POINT('',#14089);
#5570=VERTEX_POINT('',#14091);
#5571=VERTEX_POINT('',#14097);
#5572=VERTEX_POINT('',#14099);
#5573=VERTEX_POINT('',#14103);
#5574=VERTEX_POINT('',#14105);
#5575=VERTEX_POINT('',#14116);
#5576=VERTEX_POINT('',#14129);
#5577=VERTEX_POINT('',#14142);
#5578=VERTEX_POINT('',#14155);
#5579=VERTEX_POINT('',#14161);
#5580=VERTEX_POINT('',#14172);
#5581=VERTEX_POINT('',#14178);
#5582=VERTEX_POINT('',#14182);
#5583=VERTEX_POINT('',#14186);
#5584=VERTEX_POINT('',#14190);
#5585=VERTEX_POINT('',#14194);
#5586=VERTEX_POINT('',#14198);
#5587=VERTEX_POINT('',#14202);
#5588=VERTEX_POINT('',#14206);
#5589=VERTEX_POINT('',#14228);
#5590=VERTEX_POINT('',#14230);
#5591=VERTEX_POINT('',#14234);
#5592=VERTEX_POINT('',#14238);
#5593=VERTEX_POINT('',#14242);
#5594=VERTEX_POINT('',#14246);
#5595=VERTEX_POINT('',#14250);
#5596=VERTEX_POINT('',#14254);
#5597=VERTEX_POINT('',#14258);
#5598=VERTEX_POINT('',#14262);
#5599=VERTEX_POINT('',#14266);
#5600=VERTEX_POINT('',#14270);
#5601=VERTEX_POINT('',#14274);
#5602=VERTEX_POINT('',#14278);
#5603=VERTEX_POINT('',#14282);
#5604=VERTEX_POINT('',#14296);
#5605=VERTEX_POINT('',#14300);
#5606=VERTEX_POINT('',#14311);
#5607=VERTEX_POINT('',#14317);
#5608=VERTEX_POINT('',#14321);
#5609=VERTEX_POINT('',#14332);
#5610=VERTEX_POINT('',#14345);
#5611=VERTEX_POINT('',#14358);
#5612=VERTEX_POINT('',#14364);
#5613=VERTEX_POINT('',#14368);
#5614=VERTEX_POINT('',#14372);
#5615=VERTEX_POINT('',#14376);
#5616=VERTEX_POINT('',#14380);
#5617=VERTEX_POINT('',#14391);
#5618=VERTEX_POINT('',#14404);
#5619=VERTEX_POINT('',#14431);
#5620=VERTEX_POINT('',#14432);
#5621=VERTEX_POINT('',#14434);
#5622=VERTEX_POINT('',#14438);
#5623=VERTEX_POINT('',#14451);
#5624=VERTEX_POINT('',#14453);
#5625=VERTEX_POINT('',#14468);
#5626=VERTEX_POINT('',#14470);
#5627=VERTEX_POINT('',#14485);
#5628=VERTEX_POINT('',#14487);
#5629=VERTEX_POINT('',#14502);
#5630=VERTEX_POINT('',#14504);
#5631=VERTEX_POINT('',#14510);
#5632=VERTEX_POINT('',#14512);
#5633=VERTEX_POINT('',#14516);
#5634=VERTEX_POINT('',#14518);
#5635=VERTEX_POINT('',#14522);
#5636=VERTEX_POINT('',#14524);
#5637=VERTEX_POINT('',#14528);
#5638=VERTEX_POINT('',#14532);
#5639=VERTEX_POINT('',#14543);
#5640=VERTEX_POINT('',#14556);
#5641=VERTEX_POINT('',#14562);
#5642=VERTEX_POINT('',#14566);
#5643=VERTEX_POINT('',#14570);
#5644=VERTEX_POINT('',#14581);
#5645=VERTEX_POINT('',#14594);
#5646=VERTEX_POINT('',#14607);
#5647=VERTEX_POINT('',#14613);
#5648=VERTEX_POINT('',#14617);
#5649=VERTEX_POINT('',#14628);
#5650=VERTEX_POINT('',#14641);
#5651=VERTEX_POINT('',#14654);
#5652=VERTEX_POINT('',#14667);
#5653=VERTEX_POINT('',#14680);
#5654=VERTEX_POINT('',#14704);
#5655=VERTEX_POINT('',#14706);
#5656=VERTEX_POINT('',#14710);
#5657=VERTEX_POINT('',#14714);
#5658=VERTEX_POINT('',#14718);
#5659=VERTEX_POINT('',#14722);
#5660=VERTEX_POINT('',#14726);
#5661=VERTEX_POINT('',#14730);
#5662=VERTEX_POINT('',#14734);
#5663=VERTEX_POINT('',#14738);
#5664=VERTEX_POINT('',#14742);
#5665=VERTEX_POINT('',#14746);
#5666=VERTEX_POINT('',#14762);
#5667=VERTEX_POINT('',#14763);
#5668=VERTEX_POINT('',#14765);
#5669=VERTEX_POINT('',#14769);
#5670=VERTEX_POINT('',#14782);
#5671=VERTEX_POINT('',#14784);
#5672=VERTEX_POINT('',#14799);
#5673=VERTEX_POINT('',#14801);
#5674=VERTEX_POINT('',#14816);
#5675=VERTEX_POINT('',#14818);
#5676=VERTEX_POINT('',#14833);
#5677=VERTEX_POINT('',#14835);
#5678=VERTEX_POINT('',#14841);
#5679=VERTEX_POINT('',#14842);
#5680=VERTEX_POINT('',#14844);
#5681=VERTEX_POINT('',#14846);
#5682=VERTEX_POINT('',#14859);
#5683=VERTEX_POINT('',#14861);
#5684=VERTEX_POINT('',#14876);
#5685=VERTEX_POINT('',#14878);
#5686=VERTEX_POINT('',#14884);
#5687=VERTEX_POINT('',#14886);
#5688=VERTEX_POINT('',#14899);
#5689=VERTEX_POINT('',#14901);
#5690=VERTEX_POINT('',#14916);
#5691=VERTEX_POINT('',#14918);
#5692=VERTEX_POINT('',#14933);
#5693=VERTEX_POINT('',#14935);
#5694=VERTEX_POINT('',#14950);
#5695=VERTEX_POINT('',#14952);
#5696=VERTEX_POINT('',#14958);
#5697=VERTEX_POINT('',#14960);
#5698=VERTEX_POINT('',#14964);
#5699=VERTEX_POINT('',#14968);
#5700=VERTEX_POINT('',#14979);
#5701=VERTEX_POINT('',#14992);
#5702=VERTEX_POINT('',#14998);
#5703=VERTEX_POINT('',#15002);
#5704=VERTEX_POINT('',#15013);
#5705=VERTEX_POINT('',#15019);
#5706=VERTEX_POINT('',#15023);
#5707=VERTEX_POINT('',#15027);
#5708=VERTEX_POINT('',#15038);
#5709=VERTEX_POINT('',#15044);
#5710=VERTEX_POINT('',#15055);
#5711=VERTEX_POINT('',#15068);
#5712=VERTEX_POINT('',#15081);
#5713=VERTEX_POINT('',#15094);
#5714=VERTEX_POINT('',#15107);
#5715=VERTEX_POINT('',#15120);
#5716=VERTEX_POINT('',#15126);
#5717=VERTEX_POINT('',#15137);
#5718=VERTEX_POINT('',#15143);
#5719=VERTEX_POINT('',#15154);
#5720=VERTEX_POINT('',#15160);
#5721=VERTEX_POINT('',#15171);
#5722=VERTEX_POINT('',#15184);
#5723=VERTEX_POINT('',#15190);
#5724=VERTEX_POINT('',#15194);
#5725=VERTEX_POINT('',#15231);
#5726=VERTEX_POINT('',#15233);
#5727=VERTEX_POINT('',#15237);
#5728=VERTEX_POINT('',#15241);
#5729=VERTEX_POINT('',#15252);
#5730=VERTEX_POINT('',#15265);
#5731=VERTEX_POINT('',#15271);
#5732=VERTEX_POINT('',#15275);
#5733=VERTEX_POINT('',#15279);
#5734=VERTEX_POINT('',#15283);
#5735=VERTEX_POINT('',#15287);
#5736=VERTEX_POINT('',#15291);
#5737=VERTEX_POINT('',#15295);
#5738=VERTEX_POINT('',#15299);
#5739=VERTEX_POINT('',#15310);
#5740=VERTEX_POINT('',#15323);
#5741=VERTEX_POINT('',#15336);
#5742=VERTEX_POINT('',#15361);
#5743=VERTEX_POINT('',#15365);
#5744=VERTEX_POINT('',#15376);
#5745=VERTEX_POINT('',#15382);
#5746=VERTEX_POINT('',#15386);
#5747=VERTEX_POINT('',#15397);
#5748=VERTEX_POINT('',#15410);
#5749=VERTEX_POINT('',#15416);
#5750=VERTEX_POINT('',#15423);
#5751=VERTEX_POINT('',#15425);
#5752=VERTEX_POINT('',#15429);
#5753=VERTEX_POINT('',#15433);
#5754=VERTEX_POINT('',#15440);
#5755=VERTEX_POINT('',#15442);
#5756=VERTEX_POINT('',#15446);
#5757=VERTEX_POINT('',#15450);
#5758=VERTEX_POINT('',#15454);
#5759=VERTEX_POINT('',#15458);
#5760=VERTEX_POINT('',#15462);
#5761=VERTEX_POINT('',#15466);
#5762=VERTEX_POINT('',#15470);
#5763=VERTEX_POINT('',#15474);
#5764=VERTEX_POINT('',#15490);
#5765=VERTEX_POINT('',#15491);
#5766=VERTEX_POINT('',#15493);
#5767=VERTEX_POINT('',#15497);
#5768=VERTEX_POINT('',#15510);
#5769=VERTEX_POINT('',#15512);
#5770=VERTEX_POINT('',#15527);
#5771=VERTEX_POINT('',#15529);
#5772=VERTEX_POINT('',#15544);
#5773=VERTEX_POINT('',#15546);
#5774=VERTEX_POINT('',#15561);
#5775=VERTEX_POINT('',#15563);
#5776=VERTEX_POINT('',#15569);
#5777=VERTEX_POINT('',#15571);
#5778=VERTEX_POINT('',#15575);
#5779=VERTEX_POINT('',#15577);
#5780=VERTEX_POINT('',#15581);
#5781=VERTEX_POINT('',#15583);
#5782=VERTEX_POINT('',#15587);
#5783=VERTEX_POINT('',#15591);
#5784=VERTEX_POINT('',#15602);
#5785=VERTEX_POINT('',#15615);
#5786=VERTEX_POINT('',#15621);
#5787=VERTEX_POINT('',#15625);
#5788=VERTEX_POINT('',#15629);
#5789=VERTEX_POINT('',#15640);
#5790=VERTEX_POINT('',#15653);
#5791=VERTEX_POINT('',#15666);
#5792=VERTEX_POINT('',#15672);
#5793=VERTEX_POINT('',#15676);
#5794=VERTEX_POINT('',#15687);
#5795=VERTEX_POINT('',#15700);
#5796=VERTEX_POINT('',#15713);
#5797=VERTEX_POINT('',#15726);
#5798=VERTEX_POINT('',#15739);
#5799=VERTEX_POINT('',#15763);
#5800=VERTEX_POINT('',#15765);
#5801=VERTEX_POINT('',#15769);
#5802=VERTEX_POINT('',#15773);
#5803=VERTEX_POINT('',#15784);
#5804=VERTEX_POINT('',#15797);
#5805=VERTEX_POINT('',#15803);
#5806=VERTEX_POINT('',#15807);
#5807=VERTEX_POINT('',#15811);
#5808=VERTEX_POINT('',#15822);
#5809=VERTEX_POINT('',#15828);
#5810=VERTEX_POINT('',#15832);
#5811=VERTEX_POINT('',#15836);
#5812=VERTEX_POINT('',#15840);
#5813=VERTEX_POINT('',#15844);
#5814=VERTEX_POINT('',#15848);
#5815=VERTEX_POINT('',#15852);
#5816=VERTEX_POINT('',#15856);
#5817=VERTEX_POINT('',#15867);
#5818=VERTEX_POINT('',#15880);
#5819=VERTEX_POINT('',#15893);
#5820=VERTEX_POINT('',#15906);
#5821=VERTEX_POINT('',#15912);
#5822=VERTEX_POINT('',#15916);
#5823=VERTEX_POINT('',#15920);
#5824=VERTEX_POINT('',#15931);
#5825=VERTEX_POINT('',#15944);
#5826=VERTEX_POINT('',#15957);
#5827=VERTEX_POINT('',#15975);
#5828=VERTEX_POINT('',#15976);
#5829=VERTEX_POINT('',#15978);
#5830=VERTEX_POINT('',#15980);
#5831=VERTEX_POINT('',#15984);
#5832=VERTEX_POINT('',#15986);
#5833=VERTEX_POINT('',#15990);
#5834=VERTEX_POINT('',#15992);
#5835=VERTEX_POINT('',#15996);
#5836=VERTEX_POINT('',#15998);
#5837=VERTEX_POINT('',#16002);
#5838=VERTEX_POINT('',#16004);
#5839=VERTEX_POINT('',#16008);
#5840=VERTEX_POINT('',#16012);
#5841=VERTEX_POINT('',#16016);
#5842=VERTEX_POINT('',#16020);
#5843=VERTEX_POINT('',#16024);
#5844=VERTEX_POINT('',#16028);
#5845=VERTEX_POINT('',#16046);
#5846=VERTEX_POINT('',#16050);
#5847=VERTEX_POINT('',#16061);
#5848=VERTEX_POINT('',#16074);
#5849=VERTEX_POINT('',#16087);
#5850=VERTEX_POINT('',#16093);
#5851=VERTEX_POINT('',#16097);
#5852=VERTEX_POINT('',#16108);
#5853=VERTEX_POINT('',#16121);
#5854=VERTEX_POINT('',#16134);
#5855=VERTEX_POINT('',#16140);
#5856=VERTEX_POINT('',#16144);
#5857=VERTEX_POINT('',#16155);
#5858=VERTEX_POINT('',#16161);
#5859=VERTEX_POINT('',#16165);
#5860=VERTEX_POINT('',#16169);
#5861=VERTEX_POINT('',#16180);
#5862=VERTEX_POINT('',#16193);
#5863=VERTEX_POINT('',#16206);
#5864=VERTEX_POINT('',#16219);
#5865=VERTEX_POINT('',#16232);
#5866=VERTEX_POINT('',#16238);
#5867=VERTEX_POINT('',#16242);
#5868=VERTEX_POINT('',#16246);
#5869=VERTEX_POINT('',#16257);
#5870=VERTEX_POINT('',#16275);
#5871=VERTEX_POINT('',#16277);
#5872=VERTEX_POINT('',#16281);
#5873=VERTEX_POINT('',#16285);
#5874=VERTEX_POINT('',#16292);
#5875=VERTEX_POINT('',#16294);
#5876=VERTEX_POINT('',#16298);
#5877=VERTEX_POINT('',#16302);
#5878=VERTEX_POINT('',#16313);
#5879=VERTEX_POINT('',#16319);
#5880=VERTEX_POINT('',#16323);
#5881=VERTEX_POINT('',#16327);
#5882=VERTEX_POINT('',#16338);
#5883=VERTEX_POINT('',#16351);
#5884=VERTEX_POINT('',#16357);
#5885=VERTEX_POINT('',#16361);
#5886=VERTEX_POINT('',#16365);
#5887=VERTEX_POINT('',#16369);
#5888=VERTEX_POINT('',#16373);
#5889=VERTEX_POINT('',#16384);
#5890=VERTEX_POINT('',#16393);
#5891=VERTEX_POINT('',#16395);
#5892=VERTEX_POINT('',#16399);
#5893=VERTEX_POINT('',#16403);
#5894=VERTEX_POINT('',#16410);
#5895=VERTEX_POINT('',#16412);
#5896=VERTEX_POINT('',#16416);
#5897=VERTEX_POINT('',#16420);
#5898=VERTEX_POINT('',#16431);
#5899=VERTEX_POINT('',#16437);
#5900=VERTEX_POINT('',#16441);
#5901=VERTEX_POINT('',#16445);
#5902=VERTEX_POINT('',#16456);
#5903=VERTEX_POINT('',#16469);
#5904=VERTEX_POINT('',#16475);
#5905=VERTEX_POINT('',#16479);
#5906=VERTEX_POINT('',#16483);
#5907=VERTEX_POINT('',#16487);
#5908=VERTEX_POINT('',#16491);
#5909=VERTEX_POINT('',#16502);
#5910=VERTEX_POINT('',#16511);
#5911=VERTEX_POINT('',#16513);
#5912=VERTEX_POINT('',#16524);
#5913=VERTEX_POINT('',#16537);
#5914=VERTEX_POINT('',#16543);
#5915=VERTEX_POINT('',#16547);
#5916=VERTEX_POINT('',#16551);
#5917=VERTEX_POINT('',#16555);
#5918=VERTEX_POINT('',#16559);
#5919=VERTEX_POINT('',#16563);
#5920=VERTEX_POINT('',#16567);
#5921=VERTEX_POINT('',#16571);
#5922=VERTEX_POINT('',#16575);
#5923=VERTEX_POINT('',#16579);
#5924=VERTEX_POINT('',#16583);
#5925=VERTEX_POINT('',#16594);
#5926=VERTEX_POINT('',#16600);
#5927=VERTEX_POINT('',#16604);
#5928=VERTEX_POINT('',#16608);
#5929=VERTEX_POINT('',#16622);
#5930=VERTEX_POINT('',#16626);
#5931=VERTEX_POINT('',#16637);
#5932=VERTEX_POINT('',#16650);
#5933=VERTEX_POINT('',#16663);
#5934=VERTEX_POINT('',#16676);
#5935=VERTEX_POINT('',#16689);
#5936=VERTEX_POINT('',#16702);
#5937=VERTEX_POINT('',#16715);
#5938=VERTEX_POINT('',#16728);
#5939=VERTEX_POINT('',#16734);
#5940=VERTEX_POINT('',#16738);
#5941=VERTEX_POINT('',#16749);
#5942=VERTEX_POINT('',#16762);
#5943=VERTEX_POINT('',#16775);
#5944=VERTEX_POINT('',#16788);
#5945=VERTEX_POINT('',#16801);
#5946=VERTEX_POINT('',#16814);
#5947=VERTEX_POINT('',#16827);
#5948=VERTEX_POINT('',#16840);
#5949=VERTEX_POINT('',#16853);
#5950=VERTEX_POINT('',#16859);
#5951=VERTEX_POINT('',#16863);
#5952=VERTEX_POINT('',#16867);
#5953=VERTEX_POINT('',#16878);
#5954=VERTEX_POINT('',#16897);
#5955=VERTEX_POINT('',#16898);
#5956=VERTEX_POINT('',#16900);
#5957=VERTEX_POINT('',#16902);
#5958=VERTEX_POINT('',#16906);
#5959=VERTEX_POINT('',#16908);
#5960=VERTEX_POINT('',#16912);
#5961=VERTEX_POINT('',#16914);
#5962=VERTEX_POINT('',#16918);
#5963=VERTEX_POINT('',#16919);
#5964=VERTEX_POINT('',#16921);
#5965=VERTEX_POINT('',#16923);
#5966=VERTEX_POINT('',#16927);
#5967=VERTEX_POINT('',#16929);
#5968=VERTEX_POINT('',#16933);
#5969=VERTEX_POINT('',#16935);
#5970=VERTEX_POINT('',#16939);
#5971=VERTEX_POINT('',#16940);
#5972=VERTEX_POINT('',#16942);
#5973=VERTEX_POINT('',#16944);
#5974=VERTEX_POINT('',#16948);
#5975=VERTEX_POINT('',#16950);
#5976=VERTEX_POINT('',#16954);
#5977=VERTEX_POINT('',#16956);
#5978=VERTEX_POINT('',#16960);
#5979=VERTEX_POINT('',#16961);
#5980=VERTEX_POINT('',#16963);
#5981=VERTEX_POINT('',#16965);
#5982=VERTEX_POINT('',#16969);
#5983=VERTEX_POINT('',#16971);
#5984=VERTEX_POINT('',#16975);
#5985=VERTEX_POINT('',#16977);
#5986=VERTEX_POINT('',#16981);
#5987=VERTEX_POINT('',#16982);
#5988=VERTEX_POINT('',#16984);
#5989=VERTEX_POINT('',#16986);
#5990=VERTEX_POINT('',#16990);
#5991=VERTEX_POINT('',#16992);
#5992=VERTEX_POINT('',#16996);
#5993=VERTEX_POINT('',#16998);
#5994=VERTEX_POINT('',#17002);
#5995=VERTEX_POINT('',#17003);
#5996=VERTEX_POINT('',#17005);
#5997=VERTEX_POINT('',#17007);
#5998=VERTEX_POINT('',#17011);
#5999=VERTEX_POINT('',#17013);
#6000=VERTEX_POINT('',#17017);
#6001=VERTEX_POINT('',#17019);
#6002=VERTEX_POINT('',#17023);
#6003=VERTEX_POINT('',#17024);
#6004=VERTEX_POINT('',#17026);
#6005=VERTEX_POINT('',#17028);
#6006=VERTEX_POINT('',#17032);
#6007=VERTEX_POINT('',#17034);
#6008=VERTEX_POINT('',#17038);
#6009=VERTEX_POINT('',#17040);
#6010=VERTEX_POINT('',#17044);
#6011=VERTEX_POINT('',#17045);
#6012=VERTEX_POINT('',#17047);
#6013=VERTEX_POINT('',#17049);
#6014=VERTEX_POINT('',#17053);
#6015=VERTEX_POINT('',#17054);
#6016=VERTEX_POINT('',#17059);
#6017=VERTEX_POINT('',#17060);
#6018=VERTEX_POINT('',#17065);
#6019=VERTEX_POINT('',#17066);
#6020=VERTEX_POINT('',#17071);
#6021=VERTEX_POINT('',#17072);
#6022=VERTEX_POINT('',#17077);
#6023=VERTEX_POINT('',#17078);
#6024=VERTEX_POINT('',#17083);
#6025=VERTEX_POINT('',#17084);
#6026=VERTEX_POINT('',#17089);
#6027=VERTEX_POINT('',#17091);
#6028=VERTEX_POINT('',#17094);
#6029=VERTEX_POINT('',#17096);
#6030=VERTEX_POINT('',#17123);
#6031=VERTEX_POINT('',#17125);
#6032=VERTEX_POINT('',#17128);
#6033=VERTEX_POINT('',#17130);
#6034=VERTEX_POINT('',#17133);
#6035=VERTEX_POINT('',#17134);
#6036=VERTEX_POINT('',#17136);
#6037=VERTEX_POINT('',#17138);
#6038=VERTEX_POINT('',#17140);
#6039=VERTEX_POINT('',#17142);
#6040=VERTEX_POINT('',#17144);
#6041=VERTEX_POINT('',#17146);
#6042=LINE('',#12315,#6931);
#6043=LINE('',#12318,#6932);
#6044=LINE('',#12320,#6933);
#6045=LINE('',#12322,#6934);
#6046=LINE('',#12324,#6935);
#6047=LINE('',#12326,#6936);
#6048=LINE('',#12328,#6937);
#6049=LINE('',#12330,#6938);
#6050=LINE('',#12332,#6939);
#6051=LINE('',#12334,#6940);
#6052=LINE('',#12336,#6941);
#6053=LINE('',#12337,#6942);
#6054=LINE('',#12355,#6943);
#6055=LINE('',#12399,#6944);
#6056=LINE('',#12437,#6945);
#6057=LINE('',#12447,#6946);
#6058=LINE('',#12449,#6947);
#6059=LINE('',#12451,#6948);
#6060=LINE('',#12453,#6949);
#6061=LINE('',#12455,#6950);
#6062=LINE('',#12457,#6951);
#6063=LINE('',#12459,#6952);
#6064=LINE('',#12461,#6953);
#6065=LINE('',#12463,#6954);
#6066=LINE('',#12465,#6955);
#6067=LINE('',#12467,#6956);
#6068=LINE('',#12476,#6957);
#6069=LINE('',#12479,#6958);
#6070=LINE('',#12485,#6959);
#6071=LINE('',#12491,#6960);
#6072=LINE('',#12493,#6961);
#6073=LINE('',#12505,#6962);
#6074=LINE('',#12513,#6963);
#6075=LINE('',#12515,#6964);
#6076=LINE('',#12516,#6965);
#6077=LINE('',#12519,#6966);
#6078=LINE('',#12521,#6967);
#6079=LINE('',#12523,#6968);
#6080=LINE('',#12524,#6969);
#6081=LINE('',#12527,#6970);
#6082=LINE('',#12533,#6971);
#6083=LINE('',#12539,#6972);
#6084=LINE('',#12541,#6973);
#6085=LINE('',#12553,#6974);
#6086=LINE('',#12561,#6975);
#6087=LINE('',#12563,#6976);
#6088=LINE('',#12564,#6977);
#6089=LINE('',#12567,#6978);
#6090=LINE('',#12569,#6979);
#6091=LINE('',#12571,#6980);
#6092=LINE('',#12585,#6981);
#6093=LINE('',#12623,#6982);
#6094=LINE('',#12652,#6983);
#6095=LINE('',#12655,#6984);
#6096=LINE('',#12657,#6985);
#6097=LINE('',#12659,#6986);
#6098=LINE('',#12661,#6987);
#6099=LINE('',#12663,#6988);
#6100=LINE('',#12665,#6989);
#6101=LINE('',#12667,#6990);
#6102=LINE('',#12668,#6991);
#6103=LINE('',#12687,#6992);
#6104=LINE('',#12689,#6993);
#6105=LINE('',#12691,#6994);
#6106=LINE('',#12709,#6995);
#6107=LINE('',#12711,#6996);
#6108=LINE('',#12713,#6997);
#6109=LINE('',#12715,#6998);
#6110=LINE('',#12717,#6999);
#6111=LINE('',#12719,#7000);
#6112=LINE('',#12729,#7001);
#6113=LINE('',#12743,#7002);
#6114=LINE('',#12745,#7003);
#6115=LINE('',#12746,#7004);
#6116=LINE('',#12749,#7005);
#6117=LINE('',#12771,#7006);
#6118=LINE('',#12773,#7007);
#6119=LINE('',#12787,#7008);
#6120=LINE('',#12801,#7009);
#6121=LINE('',#12803,#7010);
#6122=LINE('',#12804,#7011);
#6123=LINE('',#12807,#7012);
#6124=LINE('',#12809,#7013);
#6125=LINE('',#12811,#7014);
#6126=LINE('',#12813,#7015);
#6127=LINE('',#12815,#7016);
#6128=LINE('',#12817,#7017);
#6129=LINE('',#12819,#7018);
#6130=LINE('',#12821,#7019);
#6131=LINE('',#12823,#7020);
#6132=LINE('',#12824,#7021);
#6133=LINE('',#12827,#7022);
#6134=LINE('',#12829,#7023);
#6135=LINE('',#12831,#7024);
#6136=LINE('',#12856,#7025);
#6137=LINE('',#12875,#7026);
#6138=LINE('',#12877,#7027);
#6139=LINE('',#12879,#7028);
#6140=LINE('',#12881,#7029);
#6141=LINE('',#12883,#7030);
#6142=LINE('',#12885,#7031);
#6143=LINE('',#12899,#7032);
#6144=LINE('',#12901,#7033);
#6145=LINE('',#12902,#7034);
#6146=LINE('',#12905,#7035);
#6147=LINE('',#12931,#7036);
#6148=LINE('',#12987,#7037);
#6149=LINE('',#12988,#7038);
#6150=LINE('',#12991,#7039);
#6151=LINE('',#12993,#7040);
#6152=LINE('',#12995,#7041);
#6153=LINE('',#12997,#7042);
#6154=LINE('',#12999,#7043);
#6155=LINE('',#13001,#7044);
#6156=LINE('',#13003,#7045);
#6157=LINE('',#13005,#7046);
#6158=LINE('',#13007,#7047);
#6159=LINE('',#13009,#7048);
#6160=LINE('',#13011,#7049);
#6161=LINE('',#13012,#7050);
#6162=LINE('',#13015,#7051);
#6163=LINE('',#13037,#7052);
#6164=LINE('',#13039,#7053);
#6165=LINE('',#13053,#7054);
#6166=LINE('',#13067,#7055);
#6167=LINE('',#13069,#7056);
#6168=LINE('',#13091,#7057);
#6169=LINE('',#13111,#7058);
#6170=LINE('',#13119,#7059);
#6171=LINE('',#13121,#7060);
#6172=LINE('',#13123,#7061);
#6173=LINE('',#13125,#7062);
#6174=LINE('',#13127,#7063);
#6175=LINE('',#13129,#7064);
#6176=LINE('',#13131,#7065);
#6177=LINE('',#13133,#7066);
#6178=LINE('',#13135,#7067);
#6179=LINE('',#13137,#7068);
#6180=LINE('',#13139,#7069);
#6181=LINE('',#13141,#7070);
#6182=LINE('',#13145,#7071);
#6183=LINE('',#13151,#7072);
#6184=LINE('',#13155,#7073);
#6185=LINE('',#13157,#7074);
#6186=LINE('',#13159,#7075);
#6187=LINE('',#13161,#7076);
#6188=LINE('',#13163,#7077);
#6189=LINE('',#13165,#7078);
#6190=LINE('',#13188,#7079);
#6191=LINE('',#13191,#7080);
#6192=LINE('',#13213,#7081);
#6193=LINE('',#13215,#7082);
#6194=LINE('',#13229,#7083);
#6195=LINE('',#13243,#7084);
#6196=LINE('',#13245,#7085);
#6197=LINE('',#13246,#7086);
#6198=LINE('',#13273,#7087);
#6199=LINE('',#13275,#7088);
#6200=LINE('',#13277,#7089);
#6201=LINE('',#13279,#7090);
#6202=LINE('',#13281,#7091);
#6203=LINE('',#13283,#7092);
#6204=LINE('',#13285,#7093);
#6205=LINE('',#13287,#7094);
#6206=LINE('',#13288,#7095);
#6207=LINE('',#13291,#7096);
#6208=LINE('',#13293,#7097);
#6209=LINE('',#13295,#7098);
#6210=LINE('',#13297,#7099);
#6211=LINE('',#13300,#7100);
#6212=LINE('',#13302,#7101);
#6213=LINE('',#13304,#7102);
#6214=LINE('',#13306,#7103);
#6215=LINE('',#13308,#7104);
#6216=LINE('',#13310,#7105);
#6217=LINE('',#13312,#7106);
#6218=LINE('',#13319,#7107);
#6219=LINE('',#13324,#7108);
#6220=LINE('',#13328,#7109);
#6221=LINE('',#13331,#7110);
#6222=LINE('',#13333,#7111);
#6223=LINE('',#13335,#7112);
#6224=LINE('',#13337,#7113);
#6225=LINE('',#13339,#7114);
#6226=LINE('',#13341,#7115);
#6227=LINE('',#13343,#7116);
#6228=LINE('',#13389,#7117);
#6229=LINE('',#13392,#7118);
#6230=LINE('',#13393,#7119);
#6231=LINE('',#13395,#7120);
#6232=LINE('',#13397,#7121);
#6233=LINE('',#13399,#7122);
#6234=LINE('',#13401,#7123);
#6235=LINE('',#13402,#7124);
#6236=LINE('',#13404,#7125);
#6237=LINE('',#13407,#7126);
#6238=LINE('',#13408,#7127);
#6239=LINE('',#13409,#7128);
#6240=LINE('',#13411,#7129);
#6241=LINE('',#13414,#7130);
#6242=LINE('',#13417,#7131);
#6243=LINE('',#13418,#7132);
#6244=LINE('',#13425,#7133);
#6245=LINE('',#13427,#7134);
#6246=LINE('',#13446,#7135);
#6247=LINE('',#13452,#7136);
#6248=LINE('',#13465,#7137);
#6249=LINE('',#13482,#7138);
#6250=LINE('',#13499,#7139);
#6251=LINE('',#13516,#7140);
#6252=LINE('',#13533,#7141);
#6253=LINE('',#13550,#7142);
#6254=LINE('',#13556,#7143);
#6255=LINE('',#13558,#7144);
#6256=LINE('',#13560,#7145);
#6257=LINE('',#13562,#7146);
#6258=LINE('',#13564,#7147);
#6259=LINE('',#13566,#7148);
#6260=LINE('',#13568,#7149);
#6261=LINE('',#13570,#7150);
#6262=LINE('',#13572,#7151);
#6263=LINE('',#13574,#7152);
#6264=LINE('',#13576,#7153);
#6265=LINE('',#13578,#7154);
#6266=LINE('',#13580,#7155);
#6267=LINE('',#13582,#7156);
#6268=LINE('',#13584,#7157);
#6269=LINE('',#13586,#7158);
#6270=LINE('',#13588,#7159);
#6271=LINE('',#13590,#7160);
#6272=LINE('',#13592,#7161);
#6273=LINE('',#13594,#7162);
#6274=LINE('',#13596,#7163);
#6275=LINE('',#13598,#7164);
#6276=LINE('',#13607,#7165);
#6277=LINE('',#13620,#7166);
#6278=LINE('',#13633,#7167);
#6279=LINE('',#13646,#7168);
#6280=LINE('',#13659,#7169);
#6281=LINE('',#13704,#7170);
#6282=LINE('',#13710,#7171);
#6283=LINE('',#13723,#7172);
#6284=LINE('',#13740,#7173);
#6285=LINE('',#13757,#7174);
#6286=LINE('',#13774,#7175);
#6287=LINE('',#13780,#7176);
#6288=LINE('',#13782,#7177);
#6289=LINE('',#13784,#7178);
#6290=LINE('',#13786,#7179);
#6291=LINE('',#13788,#7180);
#6292=LINE('',#13790,#7181);
#6293=LINE('',#13792,#7182);
#6294=LINE('',#13794,#7183);
#6295=LINE('',#13796,#7184);
#6296=LINE('',#13798,#7185);
#6297=LINE('',#13800,#7186);
#6298=LINE('',#13802,#7187);
#6299=LINE('',#13804,#7188);
#6300=LINE('',#13813,#7189);
#6301=LINE('',#13826,#7190);
#6302=LINE('',#13832,#7191);
#6303=LINE('',#13836,#7192);
#6304=LINE('',#13840,#7193);
#6305=LINE('',#13842,#7194);
#6306=LINE('',#13851,#7195);
#6307=LINE('',#13864,#7196);
#6308=LINE('',#13877,#7197);
#6309=LINE('',#13883,#7198);
#6310=LINE('',#13885,#7199);
#6311=LINE('',#13887,#7200);
#6312=LINE('',#13889,#7201);
#6313=LINE('',#13898,#7202);
#6314=LINE('',#13911,#7203);
#6315=LINE('',#13924,#7204);
#6316=LINE('',#13937,#7205);
#6317=LINE('',#13950,#7206);
#6318=LINE('',#13956,#7207);
#6319=LINE('',#13986,#7208);
#6320=LINE('',#13992,#7209);
#6321=LINE('',#14005,#7210);
#6322=LINE('',#14022,#7211);
#6323=LINE('',#14039,#7212);
#6324=LINE('',#14056,#7213);
#6325=LINE('',#14073,#7214);
#6326=LINE('',#14090,#7215);
#6327=LINE('',#14096,#7216);
#6328=LINE('',#14098,#7217);
#6329=LINE('',#14100,#7218);
#6330=LINE('',#14102,#7219);
#6331=LINE('',#14106,#7220);
#6332=LINE('',#14115,#7221);
#6333=LINE('',#14128,#7222);
#6334=LINE('',#14141,#7223);
#6335=LINE('',#14154,#7224);
#6336=LINE('',#14160,#7225);
#6337=LINE('',#14171,#7226);
#6338=LINE('',#14177,#7227);
#6339=LINE('',#14179,#7228);
#6340=LINE('',#14181,#7229);
#6341=LINE('',#14183,#7230);
#6342=LINE('',#14185,#7231);
#6343=LINE('',#14187,#7232);
#6344=LINE('',#14189,#7233);
#6345=LINE('',#14191,#7234);
#6346=LINE('',#14193,#7235);
#6347=LINE('',#14195,#7236);
#6348=LINE('',#14197,#7237);
#6349=LINE('',#14199,#7238);
#6350=LINE('',#14201,#7239);
#6351=LINE('',#14205,#7240);
#6352=LINE('',#14207,#7241);
#6353=LINE('',#14227,#7242);
#6354=LINE('',#14231,#7243);
#6355=LINE('',#14233,#7244);
#6356=LINE('',#14235,#7245);
#6357=LINE('',#14237,#7246);
#6358=LINE('',#14241,#7247);
#6359=LINE('',#14243,#7248);
#6360=LINE('',#14245,#7249);
#6361=LINE('',#14247,#7250);
#6362=LINE('',#14249,#7251);
#6363=LINE('',#14251,#7252);
#6364=LINE('',#14253,#7253);
#6365=LINE('',#14255,#7254);
#6366=LINE('',#14257,#7255);
#6367=LINE('',#14259,#7256);
#6368=LINE('',#14261,#7257);
#6369=LINE('',#14263,#7258);
#6370=LINE('',#14265,#7259);
#6371=LINE('',#14267,#7260);
#6372=LINE('',#14269,#7261);
#6373=LINE('',#14271,#7262);
#6374=LINE('',#14273,#7263);
#6375=LINE('',#14275,#7264);
#6376=LINE('',#14277,#7265);
#6377=LINE('',#14279,#7266);
#6378=LINE('',#14281,#7267);
#6379=LINE('',#14283,#7268);
#6380=LINE('',#14285,#7269);
#6381=LINE('',#14295,#7270);
#6382=LINE('',#14301,#7271);
#6383=LINE('',#14310,#7272);
#6384=LINE('',#14316,#7273);
#6385=LINE('',#14318,#7274);
#6386=LINE('',#14320,#7275);
#6387=LINE('',#14331,#7276);
#6388=LINE('',#14344,#7277);
#6389=LINE('',#14357,#7278);
#6390=LINE('',#14363,#7279);
#6391=LINE('',#14367,#7280);
#6392=LINE('',#14371,#7281);
#6393=LINE('',#14373,#7282);
#6394=LINE('',#14375,#7283);
#6395=LINE('',#14379,#7284);
#6396=LINE('',#14390,#7285);
#6397=LINE('',#14403,#7286);
#6398=LINE('',#14433,#7287);
#6399=LINE('',#14439,#7288);
#6400=LINE('',#14452,#7289);
#6401=LINE('',#14469,#7290);
#6402=LINE('',#14486,#7291);
#6403=LINE('',#14503,#7292);
#6404=LINE('',#14509,#7293);
#6405=LINE('',#14511,#7294);
#6406=LINE('',#14513,#7295);
#6407=LINE('',#14515,#7296);
#6408=LINE('',#14517,#7297);
#6409=LINE('',#14519,#7298);
#6410=LINE('',#14521,#7299);
#6411=LINE('',#14523,#7300);
#6412=LINE('',#14525,#7301);
#6413=LINE('',#14527,#7302);
#6414=LINE('',#14529,#7303);
#6415=LINE('',#14531,#7304);
#6416=LINE('',#14533,#7305);
#6417=LINE('',#14542,#7306);
#6418=LINE('',#14555,#7307);
#6419=LINE('',#14561,#7308);
#6420=LINE('',#14565,#7309);
#6421=LINE('',#14569,#7310);
#6422=LINE('',#14571,#7311);
#6423=LINE('',#14580,#7312);
#6424=LINE('',#14593,#7313);
#6425=LINE('',#14606,#7314);
#6426=LINE('',#14612,#7315);
#6427=LINE('',#14614,#7316);
#6428=LINE('',#14616,#7317);
#6429=LINE('',#14618,#7318);
#6430=LINE('',#14627,#7319);
#6431=LINE('',#14640,#7320);
#6432=LINE('',#14653,#7321);
#6433=LINE('',#14666,#7322);
#6434=LINE('',#14679,#7323);
#6435=LINE('',#14685,#7324);
#6436=LINE('',#14703,#7325);
#6437=LINE('',#14705,#7326);
#6438=LINE('',#14707,#7327);
#6439=LINE('',#14709,#7328);
#6440=LINE('',#14711,#7329);
#6441=LINE('',#14713,#7330);
#6442=LINE('',#14715,#7331);
#6443=LINE('',#14717,#7332);
#6444=LINE('',#14719,#7333);
#6445=LINE('',#14721,#7334);
#6446=LINE('',#14723,#7335);
#6447=LINE('',#14725,#7336);
#6448=LINE('',#14727,#7337);
#6449=LINE('',#14729,#7338);
#6450=LINE('',#14731,#7339);
#6451=LINE('',#14733,#7340);
#6452=LINE('',#14735,#7341);
#6453=LINE('',#14737,#7342);
#6454=LINE('',#14739,#7343);
#6455=LINE('',#14741,#7344);
#6456=LINE('',#14743,#7345);
#6457=LINE('',#14745,#7346);
#6458=LINE('',#14747,#7347);
#6459=LINE('',#14749,#7348);
#6460=LINE('',#14764,#7349);
#6461=LINE('',#14770,#7350);
#6462=LINE('',#14783,#7351);
#6463=LINE('',#14800,#7352);
#6464=LINE('',#14817,#7353);
#6465=LINE('',#14834,#7354);
#6466=LINE('',#14843,#7355);
#6467=LINE('',#14847,#7356);
#6468=LINE('',#14860,#7357);
#6469=LINE('',#14877,#7358);
#6470=LINE('',#14883,#7359);
#6471=LINE('',#14885,#7360);
#6472=LINE('',#14887,#7361);
#6473=LINE('',#14900,#7362);
#6474=LINE('',#14917,#7363);
#6475=LINE('',#14934,#7364);
#6476=LINE('',#14951,#7365);
#6477=LINE('',#14957,#7366);
#6478=LINE('',#14959,#7367);
#6479=LINE('',#14961,#7368);
#6480=LINE('',#14963,#7369);
#6481=LINE('',#14965,#7370);
#6482=LINE('',#14967,#7371);
#6483=LINE('',#14978,#7372);
#6484=LINE('',#14991,#7373);
#6485=LINE('',#14997,#7374);
#6486=LINE('',#15001,#7375);
#6487=LINE('',#15012,#7376);
#6488=LINE('',#15018,#7377);
#6489=LINE('',#15022,#7378);
#6490=LINE('',#15026,#7379);
#6491=LINE('',#15037,#7380);
#6492=LINE('',#15043,#7381);
#6493=LINE('',#15054,#7382);
#6494=LINE('',#15067,#7383);
#6495=LINE('',#15080,#7384);
#6496=LINE('',#15093,#7385);
#6497=LINE('',#15106,#7386);
#6498=LINE('',#15119,#7387);
#6499=LINE('',#15125,#7388);
#6500=LINE('',#15127,#7389);
#6501=LINE('',#15136,#7390);
#6502=LINE('',#15142,#7391);
#6503=LINE('',#15153,#7392);
#6504=LINE('',#15159,#7393);
#6505=LINE('',#15170,#7394);
#6506=LINE('',#15183,#7395);
#6507=LINE('',#15189,#7396);
#6508=LINE('',#15193,#7397);
#6509=LINE('',#15211,#7398);
#6510=LINE('',#15230,#7399);
#6511=LINE('',#15232,#7400);
#6512=LINE('',#15234,#7401);
#6513=LINE('',#15236,#7402);
#6514=LINE('',#15238,#7403);
#6515=LINE('',#15240,#7404);
#6516=LINE('',#15242,#7405);
#6517=LINE('',#15251,#7406);
#6518=LINE('',#15264,#7407);
#6519=LINE('',#15270,#7408);
#6520=LINE('',#15274,#7409);
#6521=LINE('',#15278,#7410);
#6522=LINE('',#15280,#7411);
#6523=LINE('',#15282,#7412);
#6524=LINE('',#15284,#7413);
#6525=LINE('',#15286,#7414);
#6526=LINE('',#15288,#7415);
#6527=LINE('',#15290,#7416);
#6528=LINE('',#15292,#7417);
#6529=LINE('',#15294,#7418);
#6530=LINE('',#15296,#7419);
#6531=LINE('',#15298,#7420);
#6532=LINE('',#15300,#7421);
#6533=LINE('',#15309,#7422);
#6534=LINE('',#15322,#7423);
#6535=LINE('',#15335,#7424);
#6536=LINE('',#15360,#7425);
#6537=LINE('',#15366,#7426);
#6538=LINE('',#15375,#7427);
#6539=LINE('',#15381,#7428);
#6540=LINE('',#15385,#7429);
#6541=LINE('',#15396,#7430);
#6542=LINE('',#15409,#7431);
#6543=LINE('',#15415,#7432);
#6544=LINE('',#15422,#7433);
#6545=LINE('',#15424,#7434);
#6546=LINE('',#15426,#7435);
#6547=LINE('',#15428,#7436);
#6548=LINE('',#15430,#7437);
#6549=LINE('',#15432,#7438);
#6550=LINE('',#15434,#7439);
#6551=LINE('',#15436,#7440);
#6552=LINE('',#15439,#7441);
#6553=LINE('',#15441,#7442);
#6554=LINE('',#15443,#7443);
#6555=LINE('',#15445,#7444);
#6556=LINE('',#15447,#7445);
#6557=LINE('',#15449,#7446);
#6558=LINE('',#15451,#7447);
#6559=LINE('',#15453,#7448);
#6560=LINE('',#15455,#7449);
#6561=LINE('',#15457,#7450);
#6562=LINE('',#15459,#7451);
#6563=LINE('',#15461,#7452);
#6564=LINE('',#15463,#7453);
#6565=LINE('',#15465,#7454);
#6566=LINE('',#15467,#7455);
#6567=LINE('',#15469,#7456);
#6568=LINE('',#15471,#7457);
#6569=LINE('',#15473,#7458);
#6570=LINE('',#15475,#7459);
#6571=LINE('',#15477,#7460);
#6572=LINE('',#15492,#7461);
#6573=LINE('',#15498,#7462);
#6574=LINE('',#15511,#7463);
#6575=LINE('',#15528,#7464);
#6576=LINE('',#15545,#7465);
#6577=LINE('',#15562,#7466);
#6578=LINE('',#15568,#7467);
#6579=LINE('',#15570,#7468);
#6580=LINE('',#15572,#7469);
#6581=LINE('',#15574,#7470);
#6582=LINE('',#15576,#7471);
#6583=LINE('',#15578,#7472);
#6584=LINE('',#15580,#7473);
#6585=LINE('',#15582,#7474);
#6586=LINE('',#15584,#7475);
#6587=LINE('',#15586,#7476);
#6588=LINE('',#15588,#7477);
#6589=LINE('',#15590,#7478);
#6590=LINE('',#15592,#7479);
#6591=LINE('',#15601,#7480);
#6592=LINE('',#15614,#7481);
#6593=LINE('',#15620,#7482);
#6594=LINE('',#15624,#7483);
#6595=LINE('',#15628,#7484);
#6596=LINE('',#15630,#7485);
#6597=LINE('',#15639,#7486);
#6598=LINE('',#15652,#7487);
#6599=LINE('',#15665,#7488);
#6600=LINE('',#15671,#7489);
#6601=LINE('',#15673,#7490);
#6602=LINE('',#15675,#7491);
#6603=LINE('',#15677,#7492);
#6604=LINE('',#15686,#7493);
#6605=LINE('',#15699,#7494);
#6606=LINE('',#15712,#7495);
#6607=LINE('',#15725,#7496);
#6608=LINE('',#15738,#7497);
#6609=LINE('',#15744,#7498);
#6610=LINE('',#15762,#7499);
#6611=LINE('',#15764,#7500);
#6612=LINE('',#15766,#7501);
#6613=LINE('',#15768,#7502);
#6614=LINE('',#15770,#7503);
#6615=LINE('',#15772,#7504);
#6616=LINE('',#15774,#7505);
#6617=LINE('',#15783,#7506);
#6618=LINE('',#15796,#7507);
#6619=LINE('',#15802,#7508);
#6620=LINE('',#15806,#7509);
#6621=LINE('',#15810,#7510);
#6622=LINE('',#15812,#7511);
#6623=LINE('',#15821,#7512);
#6624=LINE('',#15827,#7513);
#6625=LINE('',#15831,#7514);
#6626=LINE('',#15835,#7515);
#6627=LINE('',#15837,#7516);
#6628=LINE('',#15839,#7517);
#6629=LINE('',#15841,#7518);
#6630=LINE('',#15843,#7519);
#6631=LINE('',#15845,#7520);
#6632=LINE('',#15847,#7521);
#6633=LINE('',#15849,#7522);
#6634=LINE('',#15851,#7523);
#6635=LINE('',#15853,#7524);
#6636=LINE('',#15855,#7525);
#6637=LINE('',#15857,#7526);
#6638=LINE('',#15866,#7527);
#6639=LINE('',#15879,#7528);
#6640=LINE('',#15892,#7529);
#6641=LINE('',#15905,#7530);
#6642=LINE('',#15911,#7531);
#6643=LINE('',#15913,#7532);
#6644=LINE('',#15915,#7533);
#6645=LINE('',#15917,#7534);
#6646=LINE('',#15919,#7535);
#6647=LINE('',#15921,#7536);
#6648=LINE('',#15930,#7537);
#6649=LINE('',#15943,#7538);
#6650=LINE('',#15956,#7539);
#6651=LINE('',#15974,#7540);
#6652=LINE('',#15977,#7541);
#6653=LINE('',#15979,#7542);
#6654=LINE('',#15981,#7543);
#6655=LINE('',#15983,#7544);
#6656=LINE('',#15985,#7545);
#6657=LINE('',#15987,#7546);
#6658=LINE('',#15989,#7547);
#6659=LINE('',#15991,#7548);
#6660=LINE('',#15993,#7549);
#6661=LINE('',#15997,#7550);
#6662=LINE('',#16001,#7551);
#6663=LINE('',#16003,#7552);
#6664=LINE('',#16005,#7553);
#6665=LINE('',#16007,#7554);
#6666=LINE('',#16009,#7555);
#6667=LINE('',#16011,#7556);
#6668=LINE('',#16013,#7557);
#6669=LINE('',#16015,#7558);
#6670=LINE('',#16017,#7559);
#6671=LINE('',#16019,#7560);
#6672=LINE('',#16021,#7561);
#6673=LINE('',#16023,#7562);
#6674=LINE('',#16025,#7563);
#6675=LINE('',#16027,#7564);
#6676=LINE('',#16029,#7565);
#6677=LINE('',#16031,#7566);
#6678=LINE('',#16045,#7567);
#6679=LINE('',#16051,#7568);
#6680=LINE('',#16060,#7569);
#6681=LINE('',#16073,#7570);
#6682=LINE('',#16086,#7571);
#6683=LINE('',#16092,#7572);
#6684=LINE('',#16096,#7573);
#6685=LINE('',#16107,#7574);
#6686=LINE('',#16120,#7575);
#6687=LINE('',#16133,#7576);
#6688=LINE('',#16139,#7577);
#6689=LINE('',#16141,#7578);
#6690=LINE('',#16143,#7579);
#6691=LINE('',#16154,#7580);
#6692=LINE('',#16160,#7581);
#6693=LINE('',#16164,#7582);
#6694=LINE('',#16168,#7583);
#6695=LINE('',#16179,#7584);
#6696=LINE('',#16192,#7585);
#6697=LINE('',#16205,#7586);
#6698=LINE('',#16218,#7587);
#6699=LINE('',#16231,#7588);
#6700=LINE('',#16237,#7589);
#6701=LINE('',#16241,#7590);
#6702=LINE('',#16245,#7591);
#6703=LINE('',#16247,#7592);
#6704=LINE('',#16256,#7593);
#6705=LINE('',#16274,#7594);
#6706=LINE('',#16276,#7595);
#6707=LINE('',#16278,#7596);
#6708=LINE('',#16280,#7597);
#6709=LINE('',#16282,#7598);
#6710=LINE('',#16284,#7599);
#6711=LINE('',#16286,#7600);
#6712=LINE('',#16288,#7601);
#6713=LINE('',#16291,#7602);
#6714=LINE('',#16293,#7603);
#6715=LINE('',#16295,#7604);
#6716=LINE('',#16297,#7605);
#6717=LINE('',#16299,#7606);
#6718=LINE('',#16301,#7607);
#6719=LINE('',#16303,#7608);
#6720=LINE('',#16312,#7609);
#6721=LINE('',#16318,#7610);
#6722=LINE('',#16322,#7611);
#6723=LINE('',#16324,#7612);
#6724=LINE('',#16326,#7613);
#6725=LINE('',#16337,#7614);
#6726=LINE('',#16350,#7615);
#6727=LINE('',#16356,#7616);
#6728=LINE('',#16358,#7617);
#6729=LINE('',#16360,#7618);
#6730=LINE('',#16362,#7619);
#6731=LINE('',#16364,#7620);
#6732=LINE('',#16368,#7621);
#6733=LINE('',#16372,#7622);
#6734=LINE('',#16374,#7623);
#6735=LINE('',#16383,#7624);
#6736=LINE('',#16389,#7625);
#6737=LINE('',#16392,#7626);
#6738=LINE('',#16394,#7627);
#6739=LINE('',#16396,#7628);
#6740=LINE('',#16398,#7629);
#6741=LINE('',#16400,#7630);
#6742=LINE('',#16402,#7631);
#6743=LINE('',#16404,#7632);
#6744=LINE('',#16406,#7633);
#6745=LINE('',#16409,#7634);
#6746=LINE('',#16411,#7635);
#6747=LINE('',#16413,#7636);
#6748=LINE('',#16415,#7637);
#6749=LINE('',#16417,#7638);
#6750=LINE('',#16419,#7639);
#6751=LINE('',#16421,#7640);
#6752=LINE('',#16430,#7641);
#6753=LINE('',#16436,#7642);
#6754=LINE('',#16440,#7643);
#6755=LINE('',#16442,#7644);
#6756=LINE('',#16444,#7645);
#6757=LINE('',#16455,#7646);
#6758=LINE('',#16468,#7647);
#6759=LINE('',#16474,#7648);
#6760=LINE('',#16476,#7649);
#6761=LINE('',#16478,#7650);
#6762=LINE('',#16480,#7651);
#6763=LINE('',#16482,#7652);
#6764=LINE('',#16486,#7653);
#6765=LINE('',#16490,#7654);
#6766=LINE('',#16492,#7655);
#6767=LINE('',#16501,#7656);
#6768=LINE('',#16507,#7657);
#6769=LINE('',#16510,#7658);
#6770=LINE('',#16514,#7659);
#6771=LINE('',#16523,#7660);
#6772=LINE('',#16536,#7661);
#6773=LINE('',#16542,#7662);
#6774=LINE('',#16544,#7663);
#6775=LINE('',#16546,#7664);
#6776=LINE('',#16548,#7665);
#6777=LINE('',#16550,#7666);
#6778=LINE('',#16552,#7667);
#6779=LINE('',#16554,#7668);
#6780=LINE('',#16556,#7669);
#6781=LINE('',#16558,#7670);
#6782=LINE('',#16560,#7671);
#6783=LINE('',#16562,#7672);
#6784=LINE('',#16564,#7673);
#6785=LINE('',#16566,#7674);
#6786=LINE('',#16568,#7675);
#6787=LINE('',#16570,#7676);
#6788=LINE('',#16572,#7677);
#6789=LINE('',#16574,#7678);
#6790=LINE('',#16576,#7679);
#6791=LINE('',#16578,#7680);
#6792=LINE('',#16580,#7681);
#6793=LINE('',#16582,#7682);
#6794=LINE('',#16584,#7683);
#6795=LINE('',#16593,#7684);
#6796=LINE('',#16599,#7685);
#6797=LINE('',#16603,#7686);
#6798=LINE('',#16607,#7687);
#6799=LINE('',#16609,#7688);
#6800=LINE('',#16621,#7689);
#6801=LINE('',#16627,#7690);
#6802=LINE('',#16636,#7691);
#6803=LINE('',#16649,#7692);
#6804=LINE('',#16662,#7693);
#6805=LINE('',#16675,#7694);
#6806=LINE('',#16688,#7695);
#6807=LINE('',#16701,#7696);
#6808=LINE('',#16714,#7697);
#6809=LINE('',#16727,#7698);
#6810=LINE('',#16733,#7699);
#6811=LINE('',#16735,#7700);
#6812=LINE('',#16737,#7701);
#6813=LINE('',#16748,#7702);
#6814=LINE('',#16761,#7703);
#6815=LINE('',#16774,#7704);
#6816=LINE('',#16787,#7705);
#6817=LINE('',#16800,#7706);
#6818=LINE('',#16813,#7707);
#6819=LINE('',#16826,#7708);
#6820=LINE('',#16839,#7709);
#6821=LINE('',#16852,#7710);
#6822=LINE('',#16858,#7711);
#6823=LINE('',#16862,#7712);
#6824=LINE('',#16866,#7713);
#6825=LINE('',#16868,#7714);
#6826=LINE('',#16877,#7715);
#6827=LINE('',#16896,#7716);
#6828=LINE('',#16899,#7717);
#6829=LINE('',#16901,#7718);
#6830=LINE('',#16903,#7719);
#6831=LINE('',#16905,#7720);
#6832=LINE('',#16907,#7721);
#6833=LINE('',#16909,#7722);
#6834=LINE('',#16911,#7723);
#6835=LINE('',#16913,#7724);
#6836=LINE('',#16915,#7725);
#6837=LINE('',#16917,#7726);
#6838=LINE('',#16920,#7727);
#6839=LINE('',#16922,#7728);
#6840=LINE('',#16924,#7729);
#6841=LINE('',#16926,#7730);
#6842=LINE('',#16928,#7731);
#6843=LINE('',#16930,#7732);
#6844=LINE('',#16932,#7733);
#6845=LINE('',#16934,#7734);
#6846=LINE('',#16936,#7735);
#6847=LINE('',#16938,#7736);
#6848=LINE('',#16941,#7737);
#6849=LINE('',#16943,#7738);
#6850=LINE('',#16945,#7739);
#6851=LINE('',#16947,#7740);
#6852=LINE('',#16949,#7741);
#6853=LINE('',#16951,#7742);
#6854=LINE('',#16953,#7743);
#6855=LINE('',#16955,#7744);
#6856=LINE('',#16957,#7745);
#6857=LINE('',#16959,#7746);
#6858=LINE('',#16962,#7747);
#6859=LINE('',#16964,#7748);
#6860=LINE('',#16966,#7749);
#6861=LINE('',#16968,#7750);
#6862=LINE('',#16970,#7751);
#6863=LINE('',#16972,#7752);
#6864=LINE('',#16974,#7753);
#6865=LINE('',#16976,#7754);
#6866=LINE('',#16978,#7755);
#6867=LINE('',#16980,#7756);
#6868=LINE('',#16983,#7757);
#6869=LINE('',#16985,#7758);
#6870=LINE('',#16987,#7759);
#6871=LINE('',#16989,#7760);
#6872=LINE('',#16991,#7761);
#6873=LINE('',#16993,#7762);
#6874=LINE('',#16995,#7763);
#6875=LINE('',#16997,#7764);
#6876=LINE('',#16999,#7765);
#6877=LINE('',#17001,#7766);
#6878=LINE('',#17004,#7767);
#6879=LINE('',#17006,#7768);
#6880=LINE('',#17008,#7769);
#6881=LINE('',#17010,#7770);
#6882=LINE('',#17012,#7771);
#6883=LINE('',#17014,#7772);
#6884=LINE('',#17016,#7773);
#6885=LINE('',#17018,#7774);
#6886=LINE('',#17020,#7775);
#6887=LINE('',#17022,#7776);
#6888=LINE('',#17025,#7777);
#6889=LINE('',#17027,#7778);
#6890=LINE('',#17029,#7779);
#6891=LINE('',#17031,#7780);
#6892=LINE('',#17033,#7781);
#6893=LINE('',#17035,#7782);
#6894=LINE('',#17037,#7783);
#6895=LINE('',#17039,#7784);
#6896=LINE('',#17041,#7785);
#6897=LINE('',#17043,#7786);
#6898=LINE('',#17046,#7787);
#6899=LINE('',#17048,#7788);
#6900=LINE('',#17050,#7789);
#6901=LINE('',#17052,#7790);
#6902=LINE('',#17058,#7791);
#6903=LINE('',#17061,#7792);
#6904=LINE('',#17062,#7793);
#6905=LINE('',#17064,#7794);
#6906=LINE('',#17070,#7795);
#6907=LINE('',#17073,#7796);
#6908=LINE('',#17074,#7797);
#6909=LINE('',#17076,#7798);
#6910=LINE('',#17082,#7799);
#6911=LINE('',#17085,#7800);
#6912=LINE('',#17086,#7801);
#6913=LINE('',#17098,#7802);
#6914=LINE('',#17099,#7803);
#6915=LINE('',#17101,#7804);
#6916=LINE('',#17102,#7805);
#6917=LINE('',#17104,#7806);
#6918=LINE('',#17105,#7807);
#6919=LINE('',#17107,#7808);
#6920=LINE('',#17108,#7809);
#6921=LINE('',#17110,#7810);
#6922=LINE('',#17111,#7811);
#6923=LINE('',#17113,#7812);
#6924=LINE('',#17114,#7813);
#6925=LINE('',#17116,#7814);
#6926=LINE('',#17117,#7815);
#6927=LINE('',#17132,#7816);
#6928=LINE('',#17137,#7817);
#6929=LINE('',#17141,#7818);
#6930=LINE('',#17145,#7819);
#6931=VECTOR('',#10366,1.);
#6932=VECTOR('',#10367,1.);
#6933=VECTOR('',#10368,1.);
#6934=VECTOR('',#10369,1.);
#6935=VECTOR('',#10372,1.);
#6936=VECTOR('',#10373,1.);
#6937=VECTOR('',#10374,1.);
#6938=VECTOR('',#10377,1.);
#6939=VECTOR('',#10378,1.);
#6940=VECTOR('',#10379,1.);
#6941=VECTOR('',#10382,1.);
#6942=VECTOR('',#10383,1.);
#6943=VECTOR('',#10392,1.);
#6944=VECTOR('',#10399,1.);
#6945=VECTOR('',#10404,1.);
#6946=VECTOR('',#10409,1.);
#6947=VECTOR('',#10410,1.);
#6948=VECTOR('',#10411,1.);
#6949=VECTOR('',#10412,1.);
#6950=VECTOR('',#10413,1.);
#6951=VECTOR('',#10414,1.);
#6952=VECTOR('',#10415,1.);
#6953=VECTOR('',#10416,1.);
#6954=VECTOR('',#10417,1.);
#6955=VECTOR('',#10418,1.);
#6956=VECTOR('',#10419,1.);
#6957=VECTOR('',#10420,1.);
#6958=VECTOR('',#10421,1.);
#6959=VECTOR('',#10422,1.);
#6960=VECTOR('',#10427,1.);
#6961=VECTOR('',#10428,1.);
#6962=VECTOR('',#10431,1.);
#6963=VECTOR('',#10434,1.);
#6964=VECTOR('',#10435,1.);
#6965=VECTOR('',#10436,1.);
#6966=VECTOR('',#10437,1.);
#6967=VECTOR('',#10438,1.);
#6968=VECTOR('',#10439,1.);
#6969=VECTOR('',#10440,1.);
#6970=VECTOR('',#10441,1.);
#6971=VECTOR('',#10442,1.);
#6972=VECTOR('',#10447,1.);
#6973=VECTOR('',#10448,1.);
#6974=VECTOR('',#10451,1.);
#6975=VECTOR('',#10454,1.);
#6976=VECTOR('',#10455,1.);
#6977=VECTOR('',#10456,1.);
#6978=VECTOR('',#10457,1.);
#6979=VECTOR('',#10458,1.);
#6980=VECTOR('',#10459,1.);
#6981=VECTOR('',#10460,1.);
#6982=VECTOR('',#10473,1.);
#6983=VECTOR('',#10478,1.);
#6984=VECTOR('',#10479,1.);
#6985=VECTOR('',#10480,1.);
#6986=VECTOR('',#10481,1.);
#6987=VECTOR('',#10482,1.);
#6988=VECTOR('',#10483,1.);
#6989=VECTOR('',#10484,1.);
#6990=VECTOR('',#10485,1.);
#6991=VECTOR('',#10486,1.);
#6992=VECTOR('',#10487,1.);
#6993=VECTOR('',#10488,1.);
#6994=VECTOR('',#10489,1.);
#6995=VECTOR('',#10490,1.);
#6996=VECTOR('',#10491,1.);
#6997=VECTOR('',#10492,1.);
#6998=VECTOR('',#10493,1.);
#6999=VECTOR('',#10494,1.);
#7000=VECTOR('',#10495,1.);
#7001=VECTOR('',#10500,1.);
#7002=VECTOR('',#10505,1.);
#7003=VECTOR('',#10506,1.);
#7004=VECTOR('',#10507,1.);
#7005=VECTOR('',#10508,1.);
#7006=VECTOR('',#10509,1.);
#7007=VECTOR('',#10510,1.);
#7008=VECTOR('',#10511,1.);
#7009=VECTOR('',#10516,1.);
#7010=VECTOR('',#10517,1.);
#7011=VECTOR('',#10518,1.);
#7012=VECTOR('',#10519,1.);
#7013=VECTOR('',#10520,1.);
#7014=VECTOR('',#10521,1.);
#7015=VECTOR('',#10522,1.);
#7016=VECTOR('',#10523,1.);
#7017=VECTOR('',#10524,1.);
#7018=VECTOR('',#10525,1.);
#7019=VECTOR('',#10526,1.);
#7020=VECTOR('',#10527,1.);
#7021=VECTOR('',#10528,1.);
#7022=VECTOR('',#10529,1.);
#7023=VECTOR('',#10530,1.);
#7024=VECTOR('',#10531,1.);
#7025=VECTOR('',#10540,1.);
#7026=VECTOR('',#10541,1.);
#7027=VECTOR('',#10542,1.);
#7028=VECTOR('',#10543,1.);
#7029=VECTOR('',#10544,1.);
#7030=VECTOR('',#10545,1.);
#7031=VECTOR('',#10546,1.);
#7032=VECTOR('',#10551,1.);
#7033=VECTOR('',#10552,1.);
#7034=VECTOR('',#10553,1.);
#7035=VECTOR('',#10554,1.);
#7036=VECTOR('',#10563,1.);
#7037=VECTOR('',#10578,1.);
#7038=VECTOR('',#10579,1.);
#7039=VECTOR('',#10580,1.);
#7040=VECTOR('',#10581,1.);
#7041=VECTOR('',#10582,1.);
#7042=VECTOR('',#10583,1.);
#7043=VECTOR('',#10584,1.);
#7044=VECTOR('',#10585,1.);
#7045=VECTOR('',#10586,1.);
#7046=VECTOR('',#10587,1.);
#7047=VECTOR('',#10588,1.);
#7048=VECTOR('',#10589,1.);
#7049=VECTOR('',#10590,1.);
#7050=VECTOR('',#10591,1.);
#7051=VECTOR('',#10592,1.);
#7052=VECTOR('',#10593,1.);
#7053=VECTOR('',#10594,1.);
#7054=VECTOR('',#10595,1.);
#7055=VECTOR('',#10600,1.);
#7056=VECTOR('',#10601,1.);
#7057=VECTOR('',#10606,1.);
#7058=VECTOR('',#10613,1.);
#7059=VECTOR('',#10616,1.);
#7060=VECTOR('',#10617,1.);
#7061=VECTOR('',#10618,1.);
#7062=VECTOR('',#10619,1.);
#7063=VECTOR('',#10620,1.);
#7064=VECTOR('',#10621,1.);
#7065=VECTOR('',#10622,1.);
#7066=VECTOR('',#10623,1.);
#7067=VECTOR('',#10624,1.);
#7068=VECTOR('',#10625,1.);
#7069=VECTOR('',#10626,1.);
#7070=VECTOR('',#10627,1.);
#7071=VECTOR('',#10630,1.);
#7072=VECTOR('',#10635,1.);
#7073=VECTOR('',#10638,1.);
#7074=VECTOR('',#10639,1.);
#7075=VECTOR('',#10640,1.);
#7076=VECTOR('',#10641,1.);
#7077=VECTOR('',#10642,1.);
#7078=VECTOR('',#10643,1.);
#7079=VECTOR('',#10646,1.);
#7080=VECTOR('',#10647,1.);
#7081=VECTOR('',#10648,1.);
#7082=VECTOR('',#10649,1.);
#7083=VECTOR('',#10650,1.);
#7084=VECTOR('',#10655,1.);
#7085=VECTOR('',#10656,1.);
#7086=VECTOR('',#10657,1.);
#7087=VECTOR('',#10658,1.);
#7088=VECTOR('',#10659,1.);
#7089=VECTOR('',#10660,1.);
#7090=VECTOR('',#10661,1.);
#7091=VECTOR('',#10662,1.);
#7092=VECTOR('',#10663,1.);
#7093=VECTOR('',#10664,1.);
#7094=VECTOR('',#10665,1.);
#7095=VECTOR('',#10666,1.);
#7096=VECTOR('',#10667,1.);
#7097=VECTOR('',#10668,1.);
#7098=VECTOR('',#10669,1.);
#7099=VECTOR('',#10672,1.);
#7100=VECTOR('',#10673,1.);
#7101=VECTOR('',#10674,1.);
#7102=VECTOR('',#10675,1.);
#7103=VECTOR('',#10676,1.);
#7104=VECTOR('',#10677,1.);
#7105=VECTOR('',#10678,1.);
#7106=VECTOR('',#10679,1.);
#7107=VECTOR('',#10688,1.);
#7108=VECTOR('',#10691,1.);
#7109=VECTOR('',#10694,1.);
#7110=VECTOR('',#10697,1.);
#7111=VECTOR('',#10698,1.);
#7112=VECTOR('',#10699,1.);
#7113=VECTOR('',#10700,1.);
#7114=VECTOR('',#10701,1.);
#7115=VECTOR('',#10702,1.);
#7116=VECTOR('',#10703,1.);
#7117=VECTOR('',#10766,1.);
#7118=VECTOR('',#10767,1.);
#7119=VECTOR('',#10768,1.);
#7120=VECTOR('',#10771,1.);
#7121=VECTOR('',#10772,1.);
#7122=VECTOR('',#10773,1.);
#7123=VECTOR('',#10776,1.);
#7124=VECTOR('',#10777,1.);
#7125=VECTOR('',#10780,1.);
#7126=VECTOR('',#10781,1.);
#7127=VECTOR('',#10782,1.);
#7128=VECTOR('',#10783,1.);
#7129=VECTOR('',#10786,1.);
#7130=VECTOR('',#10791,1.);
#7131=VECTOR('',#10792,1.);
#7132=VECTOR('',#10793,1.);
#7133=VECTOR('',#10806,1.);
#7134=VECTOR('',#10809,1.);
#7135=VECTOR('',#10820,1.);
#7136=VECTOR('',#10821,1.);
#7137=VECTOR('',#10822,1.);
#7138=VECTOR('',#10823,1.);
#7139=VECTOR('',#10824,1.);
#7140=VECTOR('',#10825,1.);
#7141=VECTOR('',#10826,1.);
#7142=VECTOR('',#10827,1.);
#7143=VECTOR('',#10830,1.);
#7144=VECTOR('',#10831,1.);
#7145=VECTOR('',#10832,1.);
#7146=VECTOR('',#10835,1.);
#7147=VECTOR('',#10836,1.);
#7148=VECTOR('',#10837,1.);
#7149=VECTOR('',#10840,1.);
#7150=VECTOR('',#10841,1.);
#7151=VECTOR('',#10844,1.);
#7152=VECTOR('',#10845,1.);
#7153=VECTOR('',#10848,1.);
#7154=VECTOR('',#10849,1.);
#7155=VECTOR('',#10852,1.);
#7156=VECTOR('',#10853,1.);
#7157=VECTOR('',#10856,1.);
#7158=VECTOR('',#10857,1.);
#7159=VECTOR('',#10860,1.);
#7160=VECTOR('',#10861,1.);
#7161=VECTOR('',#10864,1.);
#7162=VECTOR('',#10865,1.);
#7163=VECTOR('',#10868,1.);
#7164=VECTOR('',#10869,1.);
#7165=VECTOR('',#10870,1.);
#7166=VECTOR('',#10871,1.);
#7167=VECTOR('',#10872,1.);
#7168=VECTOR('',#10873,1.);
#7169=VECTOR('',#10874,1.);
#7170=VECTOR('',#10879,1.);
#7171=VECTOR('',#10880,1.);
#7172=VECTOR('',#10881,1.);
#7173=VECTOR('',#10882,1.);
#7174=VECTOR('',#10883,1.);
#7175=VECTOR('',#10884,1.);
#7176=VECTOR('',#10887,1.);
#7177=VECTOR('',#10888,1.);
#7178=VECTOR('',#10889,1.);
#7179=VECTOR('',#10892,1.);
#7180=VECTOR('',#10893,1.);
#7181=VECTOR('',#10894,1.);
#7182=VECTOR('',#10897,1.);
#7183=VECTOR('',#10898,1.);
#7184=VECTOR('',#10899,1.);
#7185=VECTOR('',#10902,1.);
#7186=VECTOR('',#10903,1.);
#7187=VECTOR('',#10906,1.);
#7188=VECTOR('',#10907,1.);
#7189=VECTOR('',#10908,1.);
#7190=VECTOR('',#10909,1.);
#7191=VECTOR('',#10912,1.);
#7192=VECTOR('',#10917,1.);
#7193=VECTOR('',#10922,1.);
#7194=VECTOR('',#10923,1.);
#7195=VECTOR('',#10924,1.);
#7196=VECTOR('',#10925,1.);
#7197=VECTOR('',#10926,1.);
#7198=VECTOR('',#10929,1.);
#7199=VECTOR('',#10930,1.);
#7200=VECTOR('',#10933,1.);
#7201=VECTOR('',#10934,1.);
#7202=VECTOR('',#10935,1.);
#7203=VECTOR('',#10936,1.);
#7204=VECTOR('',#10937,1.);
#7205=VECTOR('',#10938,1.);
#7206=VECTOR('',#10939,1.);
#7207=VECTOR('',#10942,1.);
#7208=VECTOR('',#10947,1.);
#7209=VECTOR('',#10948,1.);
#7210=VECTOR('',#10949,1.);
#7211=VECTOR('',#10950,1.);
#7212=VECTOR('',#10951,1.);
#7213=VECTOR('',#10952,1.);
#7214=VECTOR('',#10953,1.);
#7215=VECTOR('',#10954,1.);
#7216=VECTOR('',#10957,1.);
#7217=VECTOR('',#10958,1.);
#7218=VECTOR('',#10959,1.);
#7219=VECTOR('',#10962,1.);
#7220=VECTOR('',#10965,1.);
#7221=VECTOR('',#10966,1.);
#7222=VECTOR('',#10967,1.);
#7223=VECTOR('',#10968,1.);
#7224=VECTOR('',#10969,1.);
#7225=VECTOR('',#10972,1.);
#7226=VECTOR('',#10975,1.);
#7227=VECTOR('',#10978,1.);
#7228=VECTOR('',#10979,1.);
#7229=VECTOR('',#10982,1.);
#7230=VECTOR('',#10983,1.);
#7231=VECTOR('',#10986,1.);
#7232=VECTOR('',#10987,1.);
#7233=VECTOR('',#10990,1.);
#7234=VECTOR('',#10991,1.);
#7235=VECTOR('',#10994,1.);
#7236=VECTOR('',#10995,1.);
#7237=VECTOR('',#10998,1.);
#7238=VECTOR('',#10999,1.);
#7239=VECTOR('',#11002,1.);
#7240=VECTOR('',#11007,1.);
#7241=VECTOR('',#11008,1.);
#7242=VECTOR('',#11019,1.);
#7243=VECTOR('',#11022,1.);
#7244=VECTOR('',#11025,1.);
#7245=VECTOR('',#11026,1.);
#7246=VECTOR('',#11029,1.);
#7247=VECTOR('',#11034,1.);
#7248=VECTOR('',#11035,1.);
#7249=VECTOR('',#11038,1.);
#7250=VECTOR('',#11039,1.);
#7251=VECTOR('',#11042,1.);
#7252=VECTOR('',#11043,1.);
#7253=VECTOR('',#11046,1.);
#7254=VECTOR('',#11047,1.);
#7255=VECTOR('',#11050,1.);
#7256=VECTOR('',#11051,1.);
#7257=VECTOR('',#11054,1.);
#7258=VECTOR('',#11055,1.);
#7259=VECTOR('',#11058,1.);
#7260=VECTOR('',#11059,1.);
#7261=VECTOR('',#11062,1.);
#7262=VECTOR('',#11063,1.);
#7263=VECTOR('',#11066,1.);
#7264=VECTOR('',#11067,1.);
#7265=VECTOR('',#11070,1.);
#7266=VECTOR('',#11071,1.);
#7267=VECTOR('',#11074,1.);
#7268=VECTOR('',#11075,1.);
#7269=VECTOR('',#11078,1.);
#7270=VECTOR('',#11081,1.);
#7271=VECTOR('',#11082,1.);
#7272=VECTOR('',#11083,1.);
#7273=VECTOR('',#11086,1.);
#7274=VECTOR('',#11087,1.);
#7275=VECTOR('',#11090,1.);
#7276=VECTOR('',#11093,1.);
#7277=VECTOR('',#11094,1.);
#7278=VECTOR('',#11095,1.);
#7279=VECTOR('',#11098,1.);
#7280=VECTOR('',#11103,1.);
#7281=VECTOR('',#11108,1.);
#7282=VECTOR('',#11109,1.);
#7283=VECTOR('',#11112,1.);
#7284=VECTOR('',#11117,1.);
#7285=VECTOR('',#11120,1.);
#7286=VECTOR('',#11121,1.);
#7287=VECTOR('',#11124,1.);
#7288=VECTOR('',#11125,1.);
#7289=VECTOR('',#11126,1.);
#7290=VECTOR('',#11127,1.);
#7291=VECTOR('',#11128,1.);
#7292=VECTOR('',#11129,1.);
#7293=VECTOR('',#11132,1.);
#7294=VECTOR('',#11133,1.);
#7295=VECTOR('',#11134,1.);
#7296=VECTOR('',#11137,1.);
#7297=VECTOR('',#11138,1.);
#7298=VECTOR('',#11139,1.);
#7299=VECTOR('',#11142,1.);
#7300=VECTOR('',#11143,1.);
#7301=VECTOR('',#11144,1.);
#7302=VECTOR('',#11147,1.);
#7303=VECTOR('',#11148,1.);
#7304=VECTOR('',#11151,1.);
#7305=VECTOR('',#11152,1.);
#7306=VECTOR('',#11153,1.);
#7307=VECTOR('',#11154,1.);
#7308=VECTOR('',#11157,1.);
#7309=VECTOR('',#11162,1.);
#7310=VECTOR('',#11167,1.);
#7311=VECTOR('',#11168,1.);
#7312=VECTOR('',#11169,1.);
#7313=VECTOR('',#11170,1.);
#7314=VECTOR('',#11171,1.);
#7315=VECTOR('',#11174,1.);
#7316=VECTOR('',#11175,1.);
#7317=VECTOR('',#11178,1.);
#7318=VECTOR('',#11179,1.);
#7319=VECTOR('',#11180,1.);
#7320=VECTOR('',#11181,1.);
#7321=VECTOR('',#11182,1.);
#7322=VECTOR('',#11183,1.);
#7323=VECTOR('',#11184,1.);
#7324=VECTOR('',#11187,1.);
#7325=VECTOR('',#11194,1.);
#7326=VECTOR('',#11195,1.);
#7327=VECTOR('',#11196,1.);
#7328=VECTOR('',#11199,1.);
#7329=VECTOR('',#11200,1.);
#7330=VECTOR('',#11203,1.);
#7331=VECTOR('',#11204,1.);
#7332=VECTOR('',#11207,1.);
#7333=VECTOR('',#11208,1.);
#7334=VECTOR('',#11211,1.);
#7335=VECTOR('',#11212,1.);
#7336=VECTOR('',#11215,1.);
#7337=VECTOR('',#11216,1.);
#7338=VECTOR('',#11219,1.);
#7339=VECTOR('',#11220,1.);
#7340=VECTOR('',#11223,1.);
#7341=VECTOR('',#11224,1.);
#7342=VECTOR('',#11227,1.);
#7343=VECTOR('',#11228,1.);
#7344=VECTOR('',#11231,1.);
#7345=VECTOR('',#11232,1.);
#7346=VECTOR('',#11235,1.);
#7347=VECTOR('',#11236,1.);
#7348=VECTOR('',#11239,1.);
#7349=VECTOR('',#11242,1.);
#7350=VECTOR('',#11243,1.);
#7351=VECTOR('',#11244,1.);
#7352=VECTOR('',#11245,1.);
#7353=VECTOR('',#11246,1.);
#7354=VECTOR('',#11247,1.);
#7355=VECTOR('',#11252,1.);
#7356=VECTOR('',#11255,1.);
#7357=VECTOR('',#11256,1.);
#7358=VECTOR('',#11257,1.);
#7359=VECTOR('',#11260,1.);
#7360=VECTOR('',#11261,1.);
#7361=VECTOR('',#11262,1.);
#7362=VECTOR('',#11263,1.);
#7363=VECTOR('',#11264,1.);
#7364=VECTOR('',#11265,1.);
#7365=VECTOR('',#11266,1.);
#7366=VECTOR('',#11269,1.);
#7367=VECTOR('',#11270,1.);
#7368=VECTOR('',#11271,1.);
#7369=VECTOR('',#11274,1.);
#7370=VECTOR('',#11275,1.);
#7371=VECTOR('',#11278,1.);
#7372=VECTOR('',#11281,1.);
#7373=VECTOR('',#11282,1.);
#7374=VECTOR('',#11285,1.);
#7375=VECTOR('',#11290,1.);
#7376=VECTOR('',#11293,1.);
#7377=VECTOR('',#11296,1.);
#7378=VECTOR('',#11301,1.);
#7379=VECTOR('',#11306,1.);
#7380=VECTOR('',#11309,1.);
#7381=VECTOR('',#11312,1.);
#7382=VECTOR('',#11315,1.);
#7383=VECTOR('',#11316,1.);
#7384=VECTOR('',#11317,1.);
#7385=VECTOR('',#11318,1.);
#7386=VECTOR('',#11319,1.);
#7387=VECTOR('',#11320,1.);
#7388=VECTOR('',#11323,1.);
#7389=VECTOR('',#11324,1.);
#7390=VECTOR('',#11325,1.);
#7391=VECTOR('',#11328,1.);
#7392=VECTOR('',#11331,1.);
#7393=VECTOR('',#11334,1.);
#7394=VECTOR('',#11337,1.);
#7395=VECTOR('',#11338,1.);
#7396=VECTOR('',#11341,1.);
#7397=VECTOR('',#11346,1.);
#7398=VECTOR('',#11351,1.);
#7399=VECTOR('',#11360,1.);
#7400=VECTOR('',#11361,1.);
#7401=VECTOR('',#11362,1.);
#7402=VECTOR('',#11365,1.);
#7403=VECTOR('',#11366,1.);
#7404=VECTOR('',#11369,1.);
#7405=VECTOR('',#11370,1.);
#7406=VECTOR('',#11371,1.);
#7407=VECTOR('',#11372,1.);
#7408=VECTOR('',#11375,1.);
#7409=VECTOR('',#11380,1.);
#7410=VECTOR('',#11385,1.);
#7411=VECTOR('',#11386,1.);
#7412=VECTOR('',#11389,1.);
#7413=VECTOR('',#11390,1.);
#7414=VECTOR('',#11393,1.);
#7415=VECTOR('',#11394,1.);
#7416=VECTOR('',#11397,1.);
#7417=VECTOR('',#11398,1.);
#7418=VECTOR('',#11401,1.);
#7419=VECTOR('',#11402,1.);
#7420=VECTOR('',#11405,1.);
#7421=VECTOR('',#11406,1.);
#7422=VECTOR('',#11407,1.);
#7423=VECTOR('',#11408,1.);
#7424=VECTOR('',#11409,1.);
#7425=VECTOR('',#11412,1.);
#7426=VECTOR('',#11413,1.);
#7427=VECTOR('',#11414,1.);
#7428=VECTOR('',#11417,1.);
#7429=VECTOR('',#11422,1.);
#7430=VECTOR('',#11425,1.);
#7431=VECTOR('',#11426,1.);
#7432=VECTOR('',#11429,1.);
#7433=VECTOR('',#11440,1.);
#7434=VECTOR('',#11441,1.);
#7435=VECTOR('',#11442,1.);
#7436=VECTOR('',#11445,1.);
#7437=VECTOR('',#11446,1.);
#7438=VECTOR('',#11449,1.);
#7439=VECTOR('',#11450,1.);
#7440=VECTOR('',#11453,1.);
#7441=VECTOR('',#11458,1.);
#7442=VECTOR('',#11459,1.);
#7443=VECTOR('',#11460,1.);
#7444=VECTOR('',#11463,1.);
#7445=VECTOR('',#11464,1.);
#7446=VECTOR('',#11467,1.);
#7447=VECTOR('',#11468,1.);
#7448=VECTOR('',#11471,1.);
#7449=VECTOR('',#11472,1.);
#7450=VECTOR('',#11475,1.);
#7451=VECTOR('',#11476,1.);
#7452=VECTOR('',#11479,1.);
#7453=VECTOR('',#11480,1.);
#7454=VECTOR('',#11483,1.);
#7455=VECTOR('',#11484,1.);
#7456=VECTOR('',#11487,1.);
#7457=VECTOR('',#11488,1.);
#7458=VECTOR('',#11491,1.);
#7459=VECTOR('',#11492,1.);
#7460=VECTOR('',#11495,1.);
#7461=VECTOR('',#11498,1.);
#7462=VECTOR('',#11499,1.);
#7463=VECTOR('',#11500,1.);
#7464=VECTOR('',#11501,1.);
#7465=VECTOR('',#11502,1.);
#7466=VECTOR('',#11503,1.);
#7467=VECTOR('',#11506,1.);
#7468=VECTOR('',#11507,1.);
#7469=VECTOR('',#11508,1.);
#7470=VECTOR('',#11511,1.);
#7471=VECTOR('',#11512,1.);
#7472=VECTOR('',#11513,1.);
#7473=VECTOR('',#11516,1.);
#7474=VECTOR('',#11517,1.);
#7475=VECTOR('',#11518,1.);
#7476=VECTOR('',#11521,1.);
#7477=VECTOR('',#11522,1.);
#7478=VECTOR('',#11525,1.);
#7479=VECTOR('',#11526,1.);
#7480=VECTOR('',#11527,1.);
#7481=VECTOR('',#11528,1.);
#7482=VECTOR('',#11531,1.);
#7483=VECTOR('',#11536,1.);
#7484=VECTOR('',#11541,1.);
#7485=VECTOR('',#11542,1.);
#7486=VECTOR('',#11543,1.);
#7487=VECTOR('',#11544,1.);
#7488=VECTOR('',#11545,1.);
#7489=VECTOR('',#11548,1.);
#7490=VECTOR('',#11549,1.);
#7491=VECTOR('',#11552,1.);
#7492=VECTOR('',#11553,1.);
#7493=VECTOR('',#11554,1.);
#7494=VECTOR('',#11555,1.);
#7495=VECTOR('',#11556,1.);
#7496=VECTOR('',#11557,1.);
#7497=VECTOR('',#11558,1.);
#7498=VECTOR('',#11561,1.);
#7499=VECTOR('',#11568,1.);
#7500=VECTOR('',#11569,1.);
#7501=VECTOR('',#11570,1.);
#7502=VECTOR('',#11573,1.);
#7503=VECTOR('',#11574,1.);
#7504=VECTOR('',#11577,1.);
#7505=VECTOR('',#11578,1.);
#7506=VECTOR('',#11579,1.);
#7507=VECTOR('',#11580,1.);
#7508=VECTOR('',#11583,1.);
#7509=VECTOR('',#11588,1.);
#7510=VECTOR('',#11593,1.);
#7511=VECTOR('',#11594,1.);
#7512=VECTOR('',#11595,1.);
#7513=VECTOR('',#11598,1.);
#7514=VECTOR('',#11603,1.);
#7515=VECTOR('',#11608,1.);
#7516=VECTOR('',#11609,1.);
#7517=VECTOR('',#11612,1.);
#7518=VECTOR('',#11613,1.);
#7519=VECTOR('',#11616,1.);
#7520=VECTOR('',#11617,1.);
#7521=VECTOR('',#11620,1.);
#7522=VECTOR('',#11621,1.);
#7523=VECTOR('',#11624,1.);
#7524=VECTOR('',#11625,1.);
#7525=VECTOR('',#11628,1.);
#7526=VECTOR('',#11629,1.);
#7527=VECTOR('',#11630,1.);
#7528=VECTOR('',#11631,1.);
#7529=VECTOR('',#11632,1.);
#7530=VECTOR('',#11633,1.);
#7531=VECTOR('',#11636,1.);
#7532=VECTOR('',#11637,1.);
#7533=VECTOR('',#11640,1.);
#7534=VECTOR('',#11641,1.);
#7535=VECTOR('',#11644,1.);
#7536=VECTOR('',#11645,1.);
#7537=VECTOR('',#11646,1.);
#7538=VECTOR('',#11647,1.);
#7539=VECTOR('',#11648,1.);
#7540=VECTOR('',#11653,1.);
#7541=VECTOR('',#11654,1.);
#7542=VECTOR('',#11655,1.);
#7543=VECTOR('',#11656,1.);
#7544=VECTOR('',#11659,1.);
#7545=VECTOR('',#11660,1.);
#7546=VECTOR('',#11661,1.);
#7547=VECTOR('',#11664,1.);
#7548=VECTOR('',#11665,1.);
#7549=VECTOR('',#11666,1.);
#7550=VECTOR('',#11671,1.);
#7551=VECTOR('',#11676,1.);
#7552=VECTOR('',#11677,1.);
#7553=VECTOR('',#11678,1.);
#7554=VECTOR('',#11681,1.);
#7555=VECTOR('',#11682,1.);
#7556=VECTOR('',#11685,1.);
#7557=VECTOR('',#11686,1.);
#7558=VECTOR('',#11689,1.);
#7559=VECTOR('',#11690,1.);
#7560=VECTOR('',#11693,1.);
#7561=VECTOR('',#11694,1.);
#7562=VECTOR('',#11697,1.);
#7563=VECTOR('',#11698,1.);
#7564=VECTOR('',#11701,1.);
#7565=VECTOR('',#11702,1.);
#7566=VECTOR('',#11705,1.);
#7567=VECTOR('',#11716,1.);
#7568=VECTOR('',#11717,1.);
#7569=VECTOR('',#11718,1.);
#7570=VECTOR('',#11719,1.);
#7571=VECTOR('',#11720,1.);
#7572=VECTOR('',#11723,1.);
#7573=VECTOR('',#11728,1.);
#7574=VECTOR('',#11731,1.);
#7575=VECTOR('',#11732,1.);
#7576=VECTOR('',#11733,1.);
#7577=VECTOR('',#11736,1.);
#7578=VECTOR('',#11737,1.);
#7579=VECTOR('',#11740,1.);
#7580=VECTOR('',#11743,1.);
#7581=VECTOR('',#11746,1.);
#7582=VECTOR('',#11751,1.);
#7583=VECTOR('',#11756,1.);
#7584=VECTOR('',#11759,1.);
#7585=VECTOR('',#11760,1.);
#7586=VECTOR('',#11761,1.);
#7587=VECTOR('',#11762,1.);
#7588=VECTOR('',#11763,1.);
#7589=VECTOR('',#11766,1.);
#7590=VECTOR('',#11771,1.);
#7591=VECTOR('',#11776,1.);
#7592=VECTOR('',#11777,1.);
#7593=VECTOR('',#11778,1.);
#7594=VECTOR('',#11783,1.);
#7595=VECTOR('',#11784,1.);
#7596=VECTOR('',#11785,1.);
#7597=VECTOR('',#11788,1.);
#7598=VECTOR('',#11789,1.);
#7599=VECTOR('',#11792,1.);
#7600=VECTOR('',#11793,1.);
#7601=VECTOR('',#11796,1.);
#7602=VECTOR('',#11801,1.);
#7603=VECTOR('',#11802,1.);
#7604=VECTOR('',#11803,1.);
#7605=VECTOR('',#11806,1.);
#7606=VECTOR('',#11807,1.);
#7607=VECTOR('',#11810,1.);
#7608=VECTOR('',#11811,1.);
#7609=VECTOR('',#11812,1.);
#7610=VECTOR('',#11815,1.);
#7611=VECTOR('',#11820,1.);
#7612=VECTOR('',#11821,1.);
#7613=VECTOR('',#11824,1.);
#7614=VECTOR('',#11827,1.);
#7615=VECTOR('',#11828,1.);
#7616=VECTOR('',#11831,1.);
#7617=VECTOR('',#11832,1.);
#7618=VECTOR('',#11835,1.);
#7619=VECTOR('',#11836,1.);
#7620=VECTOR('',#11839,1.);
#7621=VECTOR('',#11844,1.);
#7622=VECTOR('',#11849,1.);
#7623=VECTOR('',#11850,1.);
#7624=VECTOR('',#11851,1.);
#7625=VECTOR('',#11854,1.);
#7626=VECTOR('',#11859,1.);
#7627=VECTOR('',#11860,1.);
#7628=VECTOR('',#11861,1.);
#7629=VECTOR('',#11864,1.);
#7630=VECTOR('',#11865,1.);
#7631=VECTOR('',#11868,1.);
#7632=VECTOR('',#11869,1.);
#7633=VECTOR('',#11872,1.);
#7634=VECTOR('',#11877,1.);
#7635=VECTOR('',#11878,1.);
#7636=VECTOR('',#11879,1.);
#7637=VECTOR('',#11882,1.);
#7638=VECTOR('',#11883,1.);
#7639=VECTOR('',#11886,1.);
#7640=VECTOR('',#11887,1.);
#7641=VECTOR('',#11888,1.);
#7642=VECTOR('',#11891,1.);
#7643=VECTOR('',#11896,1.);
#7644=VECTOR('',#11897,1.);
#7645=VECTOR('',#11900,1.);
#7646=VECTOR('',#11903,1.);
#7647=VECTOR('',#11904,1.);
#7648=VECTOR('',#11907,1.);
#7649=VECTOR('',#11908,1.);
#7650=VECTOR('',#11911,1.);
#7651=VECTOR('',#11912,1.);
#7652=VECTOR('',#11915,1.);
#7653=VECTOR('',#11920,1.);
#7654=VECTOR('',#11925,1.);
#7655=VECTOR('',#11926,1.);
#7656=VECTOR('',#11927,1.);
#7657=VECTOR('',#11930,1.);
#7658=VECTOR('',#11935,1.);
#7659=VECTOR('',#11938,1.);
#7660=VECTOR('',#11939,1.);
#7661=VECTOR('',#11940,1.);
#7662=VECTOR('',#11943,1.);
#7663=VECTOR('',#11944,1.);
#7664=VECTOR('',#11947,1.);
#7665=VECTOR('',#11948,1.);
#7666=VECTOR('',#11951,1.);
#7667=VECTOR('',#11952,1.);
#7668=VECTOR('',#11955,1.);
#7669=VECTOR('',#11956,1.);
#7670=VECTOR('',#11959,1.);
#7671=VECTOR('',#11960,1.);
#7672=VECTOR('',#11963,1.);
#7673=VECTOR('',#11964,1.);
#7674=VECTOR('',#11967,1.);
#7675=VECTOR('',#11968,1.);
#7676=VECTOR('',#11971,1.);
#7677=VECTOR('',#11972,1.);
#7678=VECTOR('',#11975,1.);
#7679=VECTOR('',#11976,1.);
#7680=VECTOR('',#11979,1.);
#7681=VECTOR('',#11980,1.);
#7682=VECTOR('',#11983,1.);
#7683=VECTOR('',#11984,1.);
#7684=VECTOR('',#11985,1.);
#7685=VECTOR('',#11988,1.);
#7686=VECTOR('',#11993,1.);
#7687=VECTOR('',#11998,1.);
#7688=VECTOR('',#11999,1.);
#7689=VECTOR('',#12006,1.);
#7690=VECTOR('',#12007,1.);
#7691=VECTOR('',#12008,1.);
#7692=VECTOR('',#12009,1.);
#7693=VECTOR('',#12010,1.);
#7694=VECTOR('',#12011,1.);
#7695=VECTOR('',#12012,1.);
#7696=VECTOR('',#12013,1.);
#7697=VECTOR('',#12014,1.);
#7698=VECTOR('',#12015,1.);
#7699=VECTOR('',#12018,1.);
#7700=VECTOR('',#12019,1.);
#7701=VECTOR('',#12022,1.);
#7702=VECTOR('',#12025,1.);
#7703=VECTOR('',#12026,1.);
#7704=VECTOR('',#12027,1.);
#7705=VECTOR('',#12028,1.);
#7706=VECTOR('',#12029,1.);
#7707=VECTOR('',#12030,1.);
#7708=VECTOR('',#12031,1.);
#7709=VECTOR('',#12032,1.);
#7710=VECTOR('',#12033,1.);
#7711=VECTOR('',#12036,1.);
#7712=VECTOR('',#12041,1.);
#7713=VECTOR('',#12046,1.);
#7714=VECTOR('',#12047,1.);
#7715=VECTOR('',#12048,1.);
#7716=VECTOR('',#12055,1.);
#7717=VECTOR('',#12056,1.);
#7718=VECTOR('',#12057,1.);
#7719=VECTOR('',#12058,1.);
#7720=VECTOR('',#12061,1.);
#7721=VECTOR('',#12062,1.);
#7722=VECTOR('',#12063,1.);
#7723=VECTOR('',#12066,1.);
#7724=VECTOR('',#12067,1.);
#7725=VECTOR('',#12068,1.);
#7726=VECTOR('',#12071,1.);
#7727=VECTOR('',#12072,1.);
#7728=VECTOR('',#12073,1.);
#7729=VECTOR('',#12074,1.);
#7730=VECTOR('',#12077,1.);
#7731=VECTOR('',#12078,1.);
#7732=VECTOR('',#12079,1.);
#7733=VECTOR('',#12082,1.);
#7734=VECTOR('',#12083,1.);
#7735=VECTOR('',#12084,1.);
#7736=VECTOR('',#12087,1.);
#7737=VECTOR('',#12088,1.);
#7738=VECTOR('',#12089,1.);
#7739=VECTOR('',#12090,1.);
#7740=VECTOR('',#12093,1.);
#7741=VECTOR('',#12094,1.);
#7742=VECTOR('',#12095,1.);
#7743=VECTOR('',#12098,1.);
#7744=VECTOR('',#12099,1.);
#7745=VECTOR('',#12100,1.);
#7746=VECTOR('',#12103,1.);
#7747=VECTOR('',#12104,1.);
#7748=VECTOR('',#12105,1.);
#7749=VECTOR('',#12106,1.);
#7750=VECTOR('',#12109,1.);
#7751=VECTOR('',#12110,1.);
#7752=VECTOR('',#12111,1.);
#7753=VECTOR('',#12114,1.);
#7754=VECTOR('',#12115,1.);
#7755=VECTOR('',#12116,1.);
#7756=VECTOR('',#12119,1.);
#7757=VECTOR('',#12120,1.);
#7758=VECTOR('',#12121,1.);
#7759=VECTOR('',#12122,1.);
#7760=VECTOR('',#12125,1.);
#7761=VECTOR('',#12126,1.);
#7762=VECTOR('',#12127,1.);
#7763=VECTOR('',#12130,1.);
#7764=VECTOR('',#12131,1.);
#7765=VECTOR('',#12132,1.);
#7766=VECTOR('',#12135,1.);
#7767=VECTOR('',#12136,1.);
#7768=VECTOR('',#12137,1.);
#7769=VECTOR('',#12138,1.);
#7770=VECTOR('',#12141,1.);
#7771=VECTOR('',#12142,1.);
#7772=VECTOR('',#12143,1.);
#7773=VECTOR('',#12146,1.);
#7774=VECTOR('',#12147,1.);
#7775=VECTOR('',#12148,1.);
#7776=VECTOR('',#12151,1.);
#7777=VECTOR('',#12152,1.);
#7778=VECTOR('',#12153,1.);
#7779=VECTOR('',#12154,1.);
#7780=VECTOR('',#12157,1.);
#7781=VECTOR('',#12158,1.);
#7782=VECTOR('',#12159,1.);
#7783=VECTOR('',#12162,1.);
#7784=VECTOR('',#12163,1.);
#7785=VECTOR('',#12164,1.);
#7786=VECTOR('',#12167,1.);
#7787=VECTOR('',#12168,1.);
#7788=VECTOR('',#12169,1.);
#7789=VECTOR('',#12170,1.);
#7790=VECTOR('',#12173,1.);
#7791=VECTOR('',#12180,1.);
#7792=VECTOR('',#12181,1.);
#7793=VECTOR('',#12182,1.);
#7794=VECTOR('',#12185,1.);
#7795=VECTOR('',#12192,1.);
#7796=VECTOR('',#12193,1.);
#7797=VECTOR('',#12194,1.);
#7798=VECTOR('',#12197,1.);
#7799=VECTOR('',#12204,1.);
#7800=VECTOR('',#12205,1.);
#7801=VECTOR('',#12206,1.);
#7802=VECTOR('',#12221,1.);
#7803=VECTOR('',#12222,1.);
#7804=VECTOR('',#12225,1.);
#7805=VECTOR('',#12226,1.);
#7806=VECTOR('',#12229,1.);
#7807=VECTOR('',#12230,1.);
#7808=VECTOR('',#12233,1.);
#7809=VECTOR('',#12234,1.);
#7810=VECTOR('',#12237,1.);
#7811=VECTOR('',#12238,1.);
#7812=VECTOR('',#12241,1.);
#7813=VECTOR('',#12242,1.);
#7814=VECTOR('',#12245,1.);
#7815=VECTOR('',#12246,1.);
#7816=VECTOR('',#12267,1.);
#7817=VECTOR('',#12270,1.);
#7818=VECTOR('',#12273,1.);
#7819=VECTOR('',#12276,1.);
#7820=EDGE_LOOP('',(#819,#820,#821,#822));
#7821=EDGE_LOOP('',(#823,#824,#825,#826));
#7822=EDGE_LOOP('',(#827,#828,#829,#830));
#7823=EDGE_LOOP('',(#831,#832,#833,#834));
#7824=EDGE_LOOP('',(#835,#836,#837,#838));
#7825=EDGE_LOOP('',(#839,#840,#841,#842));
#7826=EDGE_LOOP('',(#843,#844,#845,#846,#847,#848,#849,#850,#851,#852,#853,
#854,#855,#856,#857,#858,#859,#860,#861,#862,#863,#864,#865,#866,#867));
#7827=EDGE_LOOP('',(#868,#869,#870,#871,#872,#873,#874,#875,#876,#877,#878,
#879,#880,#881,#882,#883,#884,#885,#886));
#7828=EDGE_LOOP('',(#887,#888,#889,#890,#891,#892,#893,#894,#895,#896,#897,
#898,#899,#900,#901,#902));
#7829=EDGE_LOOP('',(#903,#904,#905,#906));
#7830=EDGE_LOOP('',(#907,#908,#909,#910,#911,#912,#913,#914,#915,#916,#917,
#918,#919,#920,#921,#922));
#7831=EDGE_LOOP('',(#923,#924,#925,#926));
#7832=EDGE_LOOP('',(#927,#928,#929,#930,#931,#932,#933,#934,#935,#936,#937,
#938,#939,#940,#941,#942,#943,#944,#945,#946,#947,#948,#949,#950,#951));
#7833=EDGE_LOOP('',(#952,#953,#954,#955,#956,#957,#958,#959));
#7834=EDGE_LOOP('',(#960,#961,#962,#963,#964,#965,#966,#967,#968,#969,#970,
#971,#972,#973,#974,#975,#976,#977,#978,#979,#980,#981,#982,#983,#984,#985,
#986,#987));
#7835=EDGE_LOOP('',(#988,#989,#990,#991,#992,#993,#994,#995,#996,#997,#998,
#999,#1000,#1001,#1002,#1003,#1004,#1005,#1006));
#7836=EDGE_LOOP('',(#1007,#1008,#1009,#1010,#1011,#1012,#1013,#1014,#1015,
#1016));
#7837=EDGE_LOOP('',(#1017,#1018,#1019,#1020));
#7838=EDGE_LOOP('',(#1021,#1022,#1023,#1024,#1025,#1026,#1027,#1028));
#7839=EDGE_LOOP('',(#1029,#1030,#1031,#1032,#1033,#1034,#1035,#1036,#1037,
#1038,#1039,#1040,#1041,#1042,#1043,#1044,#1045));
#7840=EDGE_LOOP('',(#1046,#1047,#1048,#1049,#1050,#1051,#1052,#1053,#1054,
#1055,#1056,#1057,#1058,#1059,#1060,#1061,#1062,#1063,#1064,#1065,#1066,
#1067,#1068,#1069,#1070,#1071,#1072,#1073,#1074));
#7841=EDGE_LOOP('',(#1075,#1076,#1077,#1078,#1079,#1080,#1081,#1082,#1083,
#1084,#1085,#1086));
#7842=EDGE_LOOP('',(#1087,#1088,#1089,#1090,#1091,#1092,#1093,#1094,#1095,
#1096,#1097,#1098,#1099,#1100,#1101,#1102,#1103,#1104,#1105));
#7843=EDGE_LOOP('',(#1106,#1107,#1108,#1109,#1110,#1111,#1112,#1113,#1114,
#1115,#1116,#1117,#1118,#1119,#1120));
#7844=EDGE_LOOP('',(#1121,#1122,#1123,#1124,#1125,#1126,#1127,#1128,#1129,
#1130,#1131,#1132,#1133,#1134,#1135));
#7845=EDGE_LOOP('',(#1136,#1137,#1138,#1139,#1140,#1141,#1142,#1143,#1144,
#1145,#1146,#1147,#1148,#1149,#1150,#1151));
#7846=EDGE_LOOP('',(#1152,#1153,#1154,#1155,#1156,#1157,#1158,#1159,#1160,
#1161,#1162,#1163,#1164,#1165,#1166,#1167,#1168,#1169,#1170));
#7847=EDGE_LOOP('',(#1171,#1172,#1173,#1174,#1175,#1176,#1177,#1178,#1179,
#1180,#1181,#1182,#1183,#1184,#1185));
#7848=EDGE_LOOP('',(#1186,#1187,#1188,#1189));
#7849=EDGE_LOOP('',(#1190,#1191,#1192,#1193,#1194,#1195,#1196,#1197));
#7850=EDGE_LOOP('',(#1198));
#7851=EDGE_LOOP('',(#1199));
#7852=EDGE_LOOP('',(#1200,#1201,#1202,#1203,#1204,#1205,#1206,#1207,#1208,
#1209,#1210,#1211,#1212,#1213,#1214,#1215));
#7853=EDGE_LOOP('',(#1216));
#7854=EDGE_LOOP('',(#1217));
#7855=EDGE_LOOP('',(#1218));
#7856=EDGE_LOOP('',(#1219));
#7857=EDGE_LOOP('',(#1220));
#7858=EDGE_LOOP('',(#1221));
#7859=EDGE_LOOP('',(#1222));
#7860=EDGE_LOOP('',(#1223));
#7861=EDGE_LOOP('',(#1224));
#7862=EDGE_LOOP('',(#1225));
#7863=EDGE_LOOP('',(#1226));
#7864=EDGE_LOOP('',(#1227));
#7865=EDGE_LOOP('',(#1228));
#7866=EDGE_LOOP('',(#1229));
#7867=EDGE_LOOP('',(#1230));
#7868=EDGE_LOOP('',(#1231));
#7869=EDGE_LOOP('',(#1232));
#7870=EDGE_LOOP('',(#1233));
#7871=EDGE_LOOP('',(#1234));
#7872=EDGE_LOOP('',(#1235));
#7873=EDGE_LOOP('',(#1236));
#7874=EDGE_LOOP('',(#1237));
#7875=EDGE_LOOP('',(#1238));
#7876=EDGE_LOOP('',(#1239));
#7877=EDGE_LOOP('',(#1240));
#7878=EDGE_LOOP('',(#1241));
#7879=EDGE_LOOP('',(#1242));
#7880=EDGE_LOOP('',(#1243));
#7881=EDGE_LOOP('',(#1244));
#7882=EDGE_LOOP('',(#1245));
#7883=EDGE_LOOP('',(#1246,#1247,#1248,#1249));
#7884=EDGE_LOOP('',(#1250,#1251,#1252,#1253));
#7885=EDGE_LOOP('',(#1254,#1255,#1256,#1257));
#7886=EDGE_LOOP('',(#1258,#1259,#1260,#1261,#1262,#1263,#1264,#1265));
#7887=EDGE_LOOP('',(#1266,#1267,#1268,#1269));
#7888=EDGE_LOOP('',(#1270,#1271,#1272,#1273));
#7889=EDGE_LOOP('',(#1274,#1275,#1276,#1277));
#7890=EDGE_LOOP('',(#1278,#1279,#1280,#1281,#1282,#1283,#1284,#1285));
#7891=EDGE_LOOP('',(#1286,#1287,#1288,#1289));
#7892=EDGE_LOOP('',(#1290,#1291,#1292,#1293));
#7893=EDGE_LOOP('',(#1294,#1295,#1296,#1297));
#7894=EDGE_LOOP('',(#1298,#1299,#1300,#1301));
#7895=EDGE_LOOP('',(#1302,#1303,#1304,#1305));
#7896=EDGE_LOOP('',(#1306,#1307,#1308,#1309));
#7897=EDGE_LOOP('',(#1310,#1311,#1312,#1313));
#7898=EDGE_LOOP('',(#1314,#1315,#1316,#1317));
#7899=EDGE_LOOP('',(#1318,#1319,#1320,#1321));
#7900=EDGE_LOOP('',(#1322,#1323,#1324,#1325));
#7901=EDGE_LOOP('',(#1326,#1327,#1328,#1329));
#7902=EDGE_LOOP('',(#1330,#1331,#1332,#1333));
#7903=EDGE_LOOP('',(#1334,#1335,#1336,#1337));
#7904=EDGE_LOOP('',(#1338,#1339,#1340,#1341));
#7905=EDGE_LOOP('',(#1342,#1343,#1344,#1345));
#7906=EDGE_LOOP('',(#1346,#1347,#1348,#1349));
#7907=EDGE_LOOP('',(#1350,#1351,#1352,#1353));
#7908=EDGE_LOOP('',(#1354,#1355,#1356,#1357));
#7909=EDGE_LOOP('',(#1358,#1359,#1360,#1361));
#7910=EDGE_LOOP('',(#1362,#1363,#1364,#1365));
#7911=EDGE_LOOP('',(#1366,#1367,#1368,#1369));
#7912=EDGE_LOOP('',(#1370,#1371,#1372,#1373));
#7913=EDGE_LOOP('',(#1374,#1375,#1376,#1377));
#7914=EDGE_LOOP('',(#1378,#1379,#1380,#1381));
#7915=EDGE_LOOP('',(#1382,#1383,#1384,#1385));
#7916=EDGE_LOOP('',(#1386,#1387,#1388,#1389));
#7917=EDGE_LOOP('',(#1390,#1391,#1392,#1393));
#7918=EDGE_LOOP('',(#1394,#1395,#1396,#1397));
#7919=EDGE_LOOP('',(#1398,#1399,#1400,#1401));
#7920=EDGE_LOOP('',(#1402,#1403,#1404,#1405));
#7921=EDGE_LOOP('',(#1406,#1407,#1408,#1409));
#7922=EDGE_LOOP('',(#1410,#1411,#1412,#1413,#1414,#1415,#1416,#1417,#1418,
#1419,#1420,#1421,#1422,#1423,#1424));
#7923=EDGE_LOOP('',(#1425,#1426,#1427,#1428,#1429,#1430,#1431,#1432,#1433));
#7924=EDGE_LOOP('',(#1434,#1435,#1436,#1437,#1438,#1439,#1440,#1441,#1442));
#7925=EDGE_LOOP('',(#1443,#1444,#1445,#1446));
#7926=EDGE_LOOP('',(#1447,#1448,#1449,#1450));
#7927=EDGE_LOOP('',(#1451,#1452,#1453,#1454));
#7928=EDGE_LOOP('',(#1455,#1456,#1457,#1458));
#7929=EDGE_LOOP('',(#1459,#1460,#1461,#1462));
#7930=EDGE_LOOP('',(#1463,#1464,#1465,#1466));
#7931=EDGE_LOOP('',(#1467,#1468,#1469,#1470));
#7932=EDGE_LOOP('',(#1471,#1472,#1473,#1474));
#7933=EDGE_LOOP('',(#1475,#1476,#1477,#1478));
#7934=EDGE_LOOP('',(#1479,#1480,#1481,#1482));
#7935=EDGE_LOOP('',(#1483,#1484,#1485,#1486));
#7936=EDGE_LOOP('',(#1487,#1488,#1489,#1490));
#7937=EDGE_LOOP('',(#1491,#1492,#1493,#1494));
#7938=EDGE_LOOP('',(#1495,#1496,#1497,#1498));
#7939=EDGE_LOOP('',(#1499,#1500,#1501,#1502));
#7940=EDGE_LOOP('',(#1503,#1504,#1505,#1506));
#7941=EDGE_LOOP('',(#1507,#1508,#1509,#1510));
#7942=EDGE_LOOP('',(#1511,#1512,#1513,#1514));
#7943=EDGE_LOOP('',(#1515,#1516,#1517,#1518));
#7944=EDGE_LOOP('',(#1519,#1520,#1521,#1522));
#7945=EDGE_LOOP('',(#1523,#1524,#1525,#1526));
#7946=EDGE_LOOP('',(#1527,#1528,#1529,#1530));
#7947=EDGE_LOOP('',(#1531,#1532,#1533,#1534));
#7948=EDGE_LOOP('',(#1535,#1536,#1537,#1538));
#7949=EDGE_LOOP('',(#1539,#1540,#1541,#1542));
#7950=EDGE_LOOP('',(#1543,#1544,#1545,#1546));
#7951=EDGE_LOOP('',(#1547,#1548,#1549,#1550));
#7952=EDGE_LOOP('',(#1551,#1552,#1553,#1554,#1555,#1556,#1557,#1558,#1559,
#1560,#1561,#1562,#1563,#1564,#1565,#1566,#1567,#1568,#1569));
#7953=EDGE_LOOP('',(#1570,#1571,#1572,#1573,#1574,#1575,#1576,#1577));
#7954=EDGE_LOOP('',(#1578,#1579,#1580,#1581,#1582,#1583,#1584,#1585));
#7955=EDGE_LOOP('',(#1586,#1587,#1588,#1589));
#7956=EDGE_LOOP('',(#1590,#1591,#1592,#1593));
#7957=EDGE_LOOP('',(#1594,#1595,#1596,#1597));
#7958=EDGE_LOOP('',(#1598,#1599,#1600,#1601));
#7959=EDGE_LOOP('',(#1602,#1603,#1604,#1605));
#7960=EDGE_LOOP('',(#1606,#1607,#1608,#1609));
#7961=EDGE_LOOP('',(#1610,#1611,#1612,#1613));
#7962=EDGE_LOOP('',(#1614,#1615,#1616,#1617));
#7963=EDGE_LOOP('',(#1618,#1619,#1620,#1621));
#7964=EDGE_LOOP('',(#1622,#1623,#1624,#1625));
#7965=EDGE_LOOP('',(#1626,#1627,#1628,#1629));
#7966=EDGE_LOOP('',(#1630,#1631,#1632,#1633));
#7967=EDGE_LOOP('',(#1634,#1635,#1636,#1637));
#7968=EDGE_LOOP('',(#1638,#1639,#1640,#1641));
#7969=EDGE_LOOP('',(#1642,#1643,#1644,#1645));
#7970=EDGE_LOOP('',(#1646,#1647,#1648,#1649));
#7971=EDGE_LOOP('',(#1650,#1651,#1652,#1653));
#7972=EDGE_LOOP('',(#1654,#1655,#1656,#1657));
#7973=EDGE_LOOP('',(#1658,#1659,#1660,#1661));
#7974=EDGE_LOOP('',(#1662,#1663,#1664,#1665));
#7975=EDGE_LOOP('',(#1666,#1667,#1668,#1669));
#7976=EDGE_LOOP('',(#1670,#1671,#1672,#1673));
#7977=EDGE_LOOP('',(#1674,#1675,#1676,#1677));
#7978=EDGE_LOOP('',(#1678,#1679,#1680,#1681));
#7979=EDGE_LOOP('',(#1682,#1683,#1684,#1685));
#7980=EDGE_LOOP('',(#1686,#1687,#1688,#1689,#1690,#1691,#1692,#1693,#1694,
#1695,#1696,#1697,#1698,#1699,#1700,#1701));
#7981=EDGE_LOOP('',(#1702,#1703,#1704,#1705,#1706,#1707,#1708,#1709,#1710));
#7982=EDGE_LOOP('',(#1711,#1712,#1713,#1714,#1715,#1716,#1717,#1718,#1719));
#7983=EDGE_LOOP('',(#1720,#1721,#1722,#1723));
#7984=EDGE_LOOP('',(#1724,#1725,#1726,#1727));
#7985=EDGE_LOOP('',(#1728,#1729,#1730,#1731));
#7986=EDGE_LOOP('',(#1732,#1733,#1734,#1735));
#7987=EDGE_LOOP('',(#1736,#1737,#1738,#1739));
#7988=EDGE_LOOP('',(#1740,#1741,#1742,#1743));
#7989=EDGE_LOOP('',(#1744,#1745,#1746,#1747));
#7990=EDGE_LOOP('',(#1748,#1749,#1750,#1751));
#7991=EDGE_LOOP('',(#1752,#1753,#1754,#1755));
#7992=EDGE_LOOP('',(#1756,#1757,#1758,#1759));
#7993=EDGE_LOOP('',(#1760,#1761,#1762,#1763));
#7994=EDGE_LOOP('',(#1764,#1765,#1766,#1767));
#7995=EDGE_LOOP('',(#1768,#1769,#1770,#1771));
#7996=EDGE_LOOP('',(#1772,#1773,#1774,#1775));
#7997=EDGE_LOOP('',(#1776,#1777,#1778,#1779));
#7998=EDGE_LOOP('',(#1780,#1781,#1782,#1783,#1784,#1785,#1786,#1787,#1788,
#1789,#1790,#1791,#1792,#1793,#1794));
#7999=EDGE_LOOP('',(#1795,#1796,#1797,#1798));
#8000=EDGE_LOOP('',(#1799,#1800,#1801,#1802));
#8001=EDGE_LOOP('',(#1803,#1804,#1805,#1806));
#8002=EDGE_LOOP('',(#1807,#1808,#1809,#1810));
#8003=EDGE_LOOP('',(#1811,#1812,#1813,#1814));
#8004=EDGE_LOOP('',(#1815,#1816,#1817,#1818));
#8005=EDGE_LOOP('',(#1819,#1820,#1821,#1822));
#8006=EDGE_LOOP('',(#1823,#1824,#1825,#1826));
#8007=EDGE_LOOP('',(#1827,#1828,#1829,#1830));
#8008=EDGE_LOOP('',(#1831,#1832,#1833,#1834));
#8009=EDGE_LOOP('',(#1835,#1836,#1837,#1838));
#8010=EDGE_LOOP('',(#1839,#1840,#1841,#1842));
#8011=EDGE_LOOP('',(#1843,#1844,#1845,#1846));
#8012=EDGE_LOOP('',(#1847,#1848,#1849,#1850));
#8013=EDGE_LOOP('',(#1851,#1852,#1853,#1854));
#8014=EDGE_LOOP('',(#1855,#1856,#1857,#1858,#1859,#1860,#1861,#1862,#1863,
#1864,#1865,#1866,#1867,#1868,#1869));
#8015=EDGE_LOOP('',(#1870,#1871,#1872,#1873));
#8016=EDGE_LOOP('',(#1874,#1875,#1876,#1877));
#8017=EDGE_LOOP('',(#1878,#1879,#1880,#1881));
#8018=EDGE_LOOP('',(#1882,#1883,#1884,#1885));
#8019=EDGE_LOOP('',(#1886,#1887,#1888,#1889));
#8020=EDGE_LOOP('',(#1890,#1891,#1892,#1893));
#8021=EDGE_LOOP('',(#1894,#1895,#1896,#1897));
#8022=EDGE_LOOP('',(#1898,#1899,#1900,#1901));
#8023=EDGE_LOOP('',(#1902,#1903,#1904,#1905));
#8024=EDGE_LOOP('',(#1906,#1907,#1908,#1909));
#8025=EDGE_LOOP('',(#1910,#1911,#1912,#1913));
#8026=EDGE_LOOP('',(#1914,#1915,#1916,#1917));
#8027=EDGE_LOOP('',(#1918,#1919,#1920,#1921));
#8028=EDGE_LOOP('',(#1922,#1923,#1924,#1925));
#8029=EDGE_LOOP('',(#1926,#1927,#1928,#1929));
#8030=EDGE_LOOP('',(#1930,#1931,#1932,#1933));
#8031=EDGE_LOOP('',(#1934,#1935,#1936,#1937));
#8032=EDGE_LOOP('',(#1938,#1939,#1940,#1941));
#8033=EDGE_LOOP('',(#1942,#1943,#1944,#1945));
#8034=EDGE_LOOP('',(#1946,#1947,#1948,#1949));
#8035=EDGE_LOOP('',(#1950,#1951,#1952,#1953));
#8036=EDGE_LOOP('',(#1954,#1955,#1956,#1957));
#8037=EDGE_LOOP('',(#1958,#1959,#1960,#1961));
#8038=EDGE_LOOP('',(#1962,#1963,#1964,#1965));
#8039=EDGE_LOOP('',(#1966,#1967,#1968,#1969));
#8040=EDGE_LOOP('',(#1970,#1971,#1972,#1973));
#8041=EDGE_LOOP('',(#1974,#1975,#1976,#1977));
#8042=EDGE_LOOP('',(#1978,#1979,#1980,#1981,#1982,#1983,#1984,#1985,#1986,
#1987,#1988,#1989,#1990,#1991,#1992,#1993,#1994,#1995,#1996));
#8043=EDGE_LOOP('',(#1997,#1998,#1999,#2000,#2001,#2002,#2003,#2004));
#8044=EDGE_LOOP('',(#2005,#2006,#2007,#2008,#2009,#2010,#2011,#2012));
#8045=EDGE_LOOP('',(#2013,#2014,#2015,#2016));
#8046=EDGE_LOOP('',(#2017,#2018,#2019,#2020));
#8047=EDGE_LOOP('',(#2021,#2022,#2023,#2024));
#8048=EDGE_LOOP('',(#2025,#2026,#2027,#2028));
#8049=EDGE_LOOP('',(#2029,#2030,#2031,#2032));
#8050=EDGE_LOOP('',(#2033,#2034,#2035,#2036));
#8051=EDGE_LOOP('',(#2037,#2038,#2039,#2040));
#8052=EDGE_LOOP('',(#2041,#2042,#2043,#2044));
#8053=EDGE_LOOP('',(#2045,#2046,#2047,#2048));
#8054=EDGE_LOOP('',(#2049,#2050,#2051,#2052));
#8055=EDGE_LOOP('',(#2053,#2054,#2055,#2056));
#8056=EDGE_LOOP('',(#2057,#2058,#2059,#2060));
#8057=EDGE_LOOP('',(#2061,#2062,#2063,#2064,#2065,#2066,#2067,#2068,#2069,
#2070,#2071,#2072));
#8058=EDGE_LOOP('',(#2073,#2074,#2075,#2076));
#8059=EDGE_LOOP('',(#2077,#2078,#2079,#2080));
#8060=EDGE_LOOP('',(#2081,#2082,#2083,#2084));
#8061=EDGE_LOOP('',(#2085,#2086,#2087,#2088));
#8062=EDGE_LOOP('',(#2089,#2090,#2091,#2092));
#8063=EDGE_LOOP('',(#2093,#2094,#2095,#2096));
#8064=EDGE_LOOP('',(#2097,#2098,#2099,#2100));
#8065=EDGE_LOOP('',(#2101,#2102,#2103,#2104));
#8066=EDGE_LOOP('',(#2105,#2106,#2107,#2108));
#8067=EDGE_LOOP('',(#2109,#2110,#2111,#2112));
#8068=EDGE_LOOP('',(#2113,#2114,#2115,#2116));
#8069=EDGE_LOOP('',(#2117,#2118,#2119,#2120));
#8070=EDGE_LOOP('',(#2121,#2122,#2123,#2124));
#8071=EDGE_LOOP('',(#2125,#2126,#2127,#2128));
#8072=EDGE_LOOP('',(#2129,#2130,#2131,#2132));
#8073=EDGE_LOOP('',(#2133,#2134,#2135,#2136));
#8074=EDGE_LOOP('',(#2137,#2138,#2139,#2140));
#8075=EDGE_LOOP('',(#2141,#2142,#2143,#2144));
#8076=EDGE_LOOP('',(#2145,#2146,#2147,#2148));
#8077=EDGE_LOOP('',(#2149,#2150,#2151,#2152));
#8078=EDGE_LOOP('',(#2153,#2154,#2155,#2156));
#8079=EDGE_LOOP('',(#2157,#2158,#2159,#2160));
#8080=EDGE_LOOP('',(#2161,#2162,#2163,#2164));
#8081=EDGE_LOOP('',(#2165,#2166,#2167,#2168));
#8082=EDGE_LOOP('',(#2169,#2170,#2171,#2172));
#8083=EDGE_LOOP('',(#2173,#2174,#2175,#2176));
#8084=EDGE_LOOP('',(#2177,#2178,#2179,#2180));
#8085=EDGE_LOOP('',(#2181,#2182,#2183,#2184));
#8086=EDGE_LOOP('',(#2185,#2186,#2187,#2188));
#8087=EDGE_LOOP('',(#2189,#2190,#2191,#2192));
#8088=EDGE_LOOP('',(#2193,#2194,#2195,#2196));
#8089=EDGE_LOOP('',(#2197,#2198,#2199,#2200));
#8090=EDGE_LOOP('',(#2201,#2202,#2203,#2204));
#8091=EDGE_LOOP('',(#2205,#2206,#2207,#2208));
#8092=EDGE_LOOP('',(#2209,#2210,#2211,#2212));
#8093=EDGE_LOOP('',(#2213,#2214,#2215,#2216));
#8094=EDGE_LOOP('',(#2217,#2218,#2219,#2220));
#8095=EDGE_LOOP('',(#2221,#2222,#2223,#2224));
#8096=EDGE_LOOP('',(#2225,#2226,#2227,#2228));
#8097=EDGE_LOOP('',(#2229,#2230,#2231,#2232));
#8098=EDGE_LOOP('',(#2233,#2234,#2235,#2236));
#8099=EDGE_LOOP('',(#2237,#2238,#2239,#2240));
#8100=EDGE_LOOP('',(#2241,#2242,#2243,#2244));
#8101=EDGE_LOOP('',(#2245,#2246,#2247,#2248));
#8102=EDGE_LOOP('',(#2249,#2250,#2251,#2252,#2253,#2254,#2255,#2256,#2257,
#2258,#2259,#2260,#2261,#2262,#2263,#2264,#2265,#2266,#2267,#2268,#2269,
#2270,#2271,#2272,#2273,#2274,#2275,#2276,#2277));
#8103=EDGE_LOOP('',(#2278,#2279,#2280,#2281,#2282,#2283,#2284,#2285,#2286));
#8104=EDGE_LOOP('',(#2287,#2288,#2289,#2290,#2291,#2292));
#8105=EDGE_LOOP('',(#2293,#2294,#2295,#2296,#2297,#2298));
#8106=EDGE_LOOP('',(#2299,#2300,#2301,#2302,#2303,#2304,#2305,#2306,#2307));
#8107=EDGE_LOOP('',(#2308,#2309,#2310,#2311));
#8108=EDGE_LOOP('',(#2312,#2313,#2314,#2315));
#8109=EDGE_LOOP('',(#2316,#2317,#2318,#2319));
#8110=EDGE_LOOP('',(#2320,#2321,#2322,#2323));
#8111=EDGE_LOOP('',(#2324,#2325,#2326,#2327));
#8112=EDGE_LOOP('',(#2328,#2329,#2330,#2331));
#8113=EDGE_LOOP('',(#2332,#2333,#2334,#2335));
#8114=EDGE_LOOP('',(#2336,#2337,#2338,#2339));
#8115=EDGE_LOOP('',(#2340,#2341,#2342,#2343));
#8116=EDGE_LOOP('',(#2344,#2345,#2346,#2347));
#8117=EDGE_LOOP('',(#2348,#2349,#2350,#2351));
#8118=EDGE_LOOP('',(#2352,#2353,#2354,#2355));
#8119=EDGE_LOOP('',(#2356,#2357,#2358,#2359));
#8120=EDGE_LOOP('',(#2360,#2361,#2362,#2363));
#8121=EDGE_LOOP('',(#2364,#2365,#2366,#2367));
#8122=EDGE_LOOP('',(#2368,#2369,#2370,#2371));
#8123=EDGE_LOOP('',(#2372,#2373,#2374,#2375));
#8124=EDGE_LOOP('',(#2376,#2377,#2378,#2379,#2380,#2381,#2382,#2383,#2384,
#2385,#2386,#2387,#2388,#2389,#2390,#2391,#2392));
#8125=EDGE_LOOP('',(#2393,#2394,#2395,#2396));
#8126=EDGE_LOOP('',(#2397,#2398,#2399,#2400));
#8127=EDGE_LOOP('',(#2401,#2402,#2403,#2404));
#8128=EDGE_LOOP('',(#2405,#2406,#2407,#2408));
#8129=EDGE_LOOP('',(#2409,#2410,#2411,#2412));
#8130=EDGE_LOOP('',(#2413,#2414,#2415,#2416));
#8131=EDGE_LOOP('',(#2417,#2418,#2419,#2420));
#8132=EDGE_LOOP('',(#2421,#2422,#2423,#2424));
#8133=EDGE_LOOP('',(#2425,#2426,#2427,#2428,#2429,#2430,#2431,#2432));
#8134=EDGE_LOOP('',(#2433,#2434,#2435,#2436));
#8135=EDGE_LOOP('',(#2437,#2438,#2439,#2440));
#8136=EDGE_LOOP('',(#2441,#2442,#2443,#2444));
#8137=EDGE_LOOP('',(#2445,#2446,#2447,#2448));
#8138=EDGE_LOOP('',(#2449,#2450,#2451,#2452));
#8139=EDGE_LOOP('',(#2453,#2454,#2455,#2456));
#8140=EDGE_LOOP('',(#2457,#2458,#2459,#2460));
#8141=EDGE_LOOP('',(#2461,#2462,#2463,#2464));
#8142=EDGE_LOOP('',(#2465,#2466,#2467,#2468));
#8143=EDGE_LOOP('',(#2469,#2470,#2471,#2472));
#8144=EDGE_LOOP('',(#2473,#2474,#2475,#2476));
#8145=EDGE_LOOP('',(#2477,#2478,#2479,#2480));
#8146=EDGE_LOOP('',(#2481,#2482,#2483,#2484));
#8147=EDGE_LOOP('',(#2485,#2486,#2487,#2488));
#8148=EDGE_LOOP('',(#2489,#2490,#2491,#2492));
#8149=EDGE_LOOP('',(#2493,#2494,#2495,#2496,#2497,#2498,#2499,#2500,#2501,
#2502));
#8150=EDGE_LOOP('',(#2503,#2504,#2505,#2506));
#8151=EDGE_LOOP('',(#2507,#2508,#2509,#2510));
#8152=EDGE_LOOP('',(#2511,#2512,#2513,#2514));
#8153=EDGE_LOOP('',(#2515,#2516,#2517,#2518));
#8154=EDGE_LOOP('',(#2519,#2520,#2521,#2522));
#8155=EDGE_LOOP('',(#2523,#2524,#2525,#2526));
#8156=EDGE_LOOP('',(#2527,#2528,#2529,#2530));
#8157=EDGE_LOOP('',(#2531,#2532,#2533,#2534));
#8158=EDGE_LOOP('',(#2535,#2536,#2537,#2538));
#8159=EDGE_LOOP('',(#2539,#2540,#2541,#2542));
#8160=EDGE_LOOP('',(#2543,#2544,#2545,#2546));
#8161=EDGE_LOOP('',(#2547,#2548,#2549,#2550));
#8162=EDGE_LOOP('',(#2551,#2552,#2553,#2554));
#8163=EDGE_LOOP('',(#2555,#2556,#2557,#2558));
#8164=EDGE_LOOP('',(#2559,#2560,#2561,#2562));
#8165=EDGE_LOOP('',(#2563,#2564,#2565,#2566));
#8166=EDGE_LOOP('',(#2567,#2568,#2569,#2570));
#8167=EDGE_LOOP('',(#2571,#2572,#2573,#2574));
#8168=EDGE_LOOP('',(#2575,#2576,#2577,#2578));
#8169=EDGE_LOOP('',(#2579,#2580,#2581,#2582));
#8170=EDGE_LOOP('',(#2583,#2584,#2585,#2586));
#8171=EDGE_LOOP('',(#2587,#2588,#2589,#2590));
#8172=EDGE_LOOP('',(#2591,#2592,#2593,#2594));
#8173=EDGE_LOOP('',(#2595,#2596,#2597,#2598));
#8174=EDGE_LOOP('',(#2599,#2600,#2601,#2602));
#8175=EDGE_LOOP('',(#2603,#2604,#2605,#2606));
#8176=EDGE_LOOP('',(#2607,#2608,#2609,#2610));
#8177=EDGE_LOOP('',(#2611,#2612,#2613,#2614,#2615,#2616,#2617,#2618,#2619,
#2620,#2621,#2622,#2623,#2624,#2625,#2626,#2627,#2628,#2629));
#8178=EDGE_LOOP('',(#2630,#2631,#2632,#2633,#2634,#2635,#2636,#2637));
#8179=EDGE_LOOP('',(#2638,#2639,#2640,#2641,#2642,#2643,#2644,#2645));
#8180=EDGE_LOOP('',(#2646,#2647,#2648,#2649));
#8181=EDGE_LOOP('',(#2650,#2651,#2652,#2653));
#8182=EDGE_LOOP('',(#2654,#2655,#2656,#2657));
#8183=EDGE_LOOP('',(#2658,#2659,#2660,#2661));
#8184=EDGE_LOOP('',(#2662,#2663,#2664,#2665));
#8185=EDGE_LOOP('',(#2666,#2667,#2668,#2669));
#8186=EDGE_LOOP('',(#2670,#2671,#2672,#2673));
#8187=EDGE_LOOP('',(#2674,#2675,#2676,#2677));
#8188=EDGE_LOOP('',(#2678,#2679,#2680,#2681));
#8189=EDGE_LOOP('',(#2682,#2683,#2684,#2685));
#8190=EDGE_LOOP('',(#2686,#2687,#2688,#2689));
#8191=EDGE_LOOP('',(#2690,#2691,#2692,#2693));
#8192=EDGE_LOOP('',(#2694,#2695,#2696,#2697));
#8193=EDGE_LOOP('',(#2698,#2699,#2700,#2701));
#8194=EDGE_LOOP('',(#2702,#2703,#2704,#2705));
#8195=EDGE_LOOP('',(#2706,#2707,#2708,#2709));
#8196=EDGE_LOOP('',(#2710,#2711,#2712,#2713));
#8197=EDGE_LOOP('',(#2714,#2715,#2716,#2717));
#8198=EDGE_LOOP('',(#2718,#2719,#2720,#2721));
#8199=EDGE_LOOP('',(#2722,#2723,#2724,#2725));
#8200=EDGE_LOOP('',(#2726,#2727,#2728,#2729));
#8201=EDGE_LOOP('',(#2730,#2731,#2732,#2733));
#8202=EDGE_LOOP('',(#2734,#2735,#2736,#2737));
#8203=EDGE_LOOP('',(#2738,#2739,#2740,#2741));
#8204=EDGE_LOOP('',(#2742,#2743,#2744,#2745));
#8205=EDGE_LOOP('',(#2746,#2747,#2748,#2749));
#8206=EDGE_LOOP('',(#2750,#2751,#2752,#2753));
#8207=EDGE_LOOP('',(#2754,#2755,#2756,#2757));
#8208=EDGE_LOOP('',(#2758,#2759,#2760,#2761,#2762,#2763,#2764,#2765,#2766,
#2767,#2768,#2769,#2770,#2771,#2772,#2773,#2774,#2775,#2776,#2777,#2778,
#2779,#2780,#2781,#2782,#2783,#2784,#2785));
#8209=EDGE_LOOP('',(#2786,#2787,#2788,#2789));
#8210=EDGE_LOOP('',(#2790,#2791,#2792,#2793));
#8211=EDGE_LOOP('',(#2794,#2795,#2796,#2797));
#8212=EDGE_LOOP('',(#2798,#2799,#2800,#2801));
#8213=EDGE_LOOP('',(#2802,#2803,#2804,#2805));
#8214=EDGE_LOOP('',(#2806,#2807,#2808,#2809));
#8215=EDGE_LOOP('',(#2810,#2811,#2812,#2813));
#8216=EDGE_LOOP('',(#2814,#2815,#2816,#2817));
#8217=EDGE_LOOP('',(#2818,#2819,#2820,#2821));
#8218=EDGE_LOOP('',(#2822,#2823,#2824,#2825));
#8219=EDGE_LOOP('',(#2826,#2827,#2828,#2829));
#8220=EDGE_LOOP('',(#2830,#2831,#2832,#2833));
#8221=EDGE_LOOP('',(#2834,#2835,#2836,#2837));
#8222=EDGE_LOOP('',(#2838,#2839,#2840,#2841,#2842,#2843,#2844,#2845));
#8223=EDGE_LOOP('',(#2846,#2847,#2848,#2849,#2850));
#8224=EDGE_LOOP('',(#2851,#2852,#2853,#2854,#2855));
#8225=EDGE_LOOP('',(#2856,#2857,#2858,#2859));
#8226=EDGE_LOOP('',(#2860,#2861,#2862,#2863));
#8227=EDGE_LOOP('',(#2864,#2865,#2866,#2867));
#8228=EDGE_LOOP('',(#2868,#2869,#2870,#2871));
#8229=EDGE_LOOP('',(#2872,#2873,#2874,#2875));
#8230=EDGE_LOOP('',(#2876,#2877,#2878,#2879));
#8231=EDGE_LOOP('',(#2880,#2881,#2882,#2883));
#8232=EDGE_LOOP('',(#2884,#2885,#2886,#2887));
#8233=EDGE_LOOP('',(#2888,#2889,#2890,#2891));
#8234=EDGE_LOOP('',(#2892,#2893,#2894,#2895));
#8235=EDGE_LOOP('',(#2896,#2897,#2898,#2899));
#8236=EDGE_LOOP('',(#2900,#2901,#2902,#2903));
#8237=EDGE_LOOP('',(#2904,#2905,#2906,#2907));
#8238=EDGE_LOOP('',(#2908,#2909,#2910,#2911));
#8239=EDGE_LOOP('',(#2912,#2913,#2914,#2915));
#8240=EDGE_LOOP('',(#2916,#2917,#2918,#2919));
#8241=EDGE_LOOP('',(#2920,#2921,#2922,#2923));
#8242=EDGE_LOOP('',(#2924,#2925,#2926,#2927));
#8243=EDGE_LOOP('',(#2928,#2929,#2930,#2931));
#8244=EDGE_LOOP('',(#2932,#2933,#2934,#2935));
#8245=EDGE_LOOP('',(#2936,#2937,#2938,#2939));
#8246=EDGE_LOOP('',(#2940,#2941,#2942,#2943));
#8247=EDGE_LOOP('',(#2944,#2945,#2946,#2947));
#8248=EDGE_LOOP('',(#2948,#2949,#2950,#2951));
#8249=EDGE_LOOP('',(#2952,#2953,#2954,#2955));
#8250=EDGE_LOOP('',(#2956,#2957,#2958,#2959,#2960,#2961,#2962,#2963,#2964,
#2965,#2966,#2967,#2968,#2969,#2970,#2971,#2972,#2973,#2974,#2975,#2976,
#2977,#2978,#2979,#2980));
#8251=EDGE_LOOP('',(#2981,#2982,#2983,#2984));
#8252=EDGE_LOOP('',(#2985,#2986,#2987,#2988));
#8253=EDGE_LOOP('',(#2989,#2990,#2991,#2992));
#8254=EDGE_LOOP('',(#2993,#2994,#2995,#2996));
#8255=EDGE_LOOP('',(#2997,#2998,#2999,#3000));
#8256=EDGE_LOOP('',(#3001,#3002,#3003,#3004));
#8257=EDGE_LOOP('',(#3005,#3006,#3007,#3008));
#8258=EDGE_LOOP('',(#3009,#3010,#3011,#3012));
#8259=EDGE_LOOP('',(#3013,#3014,#3015,#3016));
#8260=EDGE_LOOP('',(#3017,#3018,#3019,#3020));
#8261=EDGE_LOOP('',(#3021,#3022,#3023,#3024));
#8262=EDGE_LOOP('',(#3025,#3026,#3027,#3028));
#8263=EDGE_LOOP('',(#3029,#3030,#3031,#3032));
#8264=EDGE_LOOP('',(#3033,#3034,#3035,#3036));
#8265=EDGE_LOOP('',(#3037,#3038,#3039,#3040));
#8266=EDGE_LOOP('',(#3041,#3042,#3043,#3044));
#8267=EDGE_LOOP('',(#3045,#3046,#3047,#3048));
#8268=EDGE_LOOP('',(#3049,#3050,#3051,#3052));
#8269=EDGE_LOOP('',(#3053,#3054,#3055,#3056));
#8270=EDGE_LOOP('',(#3057,#3058,#3059,#3060));
#8271=EDGE_LOOP('',(#3061,#3062,#3063,#3064));
#8272=EDGE_LOOP('',(#3065,#3066,#3067,#3068,#3069,#3070,#3071,#3072,#3073,
#3074,#3075,#3076,#3077,#3078,#3079,#3080));
#8273=EDGE_LOOP('',(#3081,#3082,#3083,#3084));
#8274=EDGE_LOOP('',(#3085,#3086,#3087,#3088));
#8275=EDGE_LOOP('',(#3089,#3090,#3091,#3092));
#8276=EDGE_LOOP('',(#3093,#3094,#3095,#3096));
#8277=EDGE_LOOP('',(#3097,#3098,#3099,#3100));
#8278=EDGE_LOOP('',(#3101,#3102,#3103,#3104));
#8279=EDGE_LOOP('',(#3105,#3106,#3107,#3108));
#8280=EDGE_LOOP('',(#3109,#3110,#3111,#3112));
#8281=EDGE_LOOP('',(#3113,#3114,#3115,#3116));
#8282=EDGE_LOOP('',(#3117,#3118,#3119,#3120));
#8283=EDGE_LOOP('',(#3121,#3122,#3123,#3124));
#8284=EDGE_LOOP('',(#3125,#3126,#3127,#3128));
#8285=EDGE_LOOP('',(#3129,#3130,#3131,#3132));
#8286=EDGE_LOOP('',(#3133,#3134,#3135,#3136));
#8287=EDGE_LOOP('',(#3137,#3138,#3139,#3140));
#8288=EDGE_LOOP('',(#3141,#3142,#3143,#3144));
#8289=EDGE_LOOP('',(#3145,#3146,#3147,#3148));
#8290=EDGE_LOOP('',(#3149,#3150,#3151,#3152));
#8291=EDGE_LOOP('',(#3153,#3154,#3155,#3156));
#8292=EDGE_LOOP('',(#3157,#3158,#3159,#3160));
#8293=EDGE_LOOP('',(#3161,#3162,#3163,#3164));
#8294=EDGE_LOOP('',(#3165,#3166,#3167,#3168,#3169,#3170,#3171,#3172,#3173,
#3174,#3175,#3176,#3177,#3178,#3179,#3180));
#8295=EDGE_LOOP('',(#3181,#3182,#3183,#3184));
#8296=EDGE_LOOP('',(#3185,#3186,#3187,#3188));
#8297=EDGE_LOOP('',(#3189,#3190,#3191,#3192));
#8298=EDGE_LOOP('',(#3193,#3194,#3195,#3196));
#8299=EDGE_LOOP('',(#3197,#3198,#3199,#3200));
#8300=EDGE_LOOP('',(#3201,#3202,#3203,#3204));
#8301=EDGE_LOOP('',(#3205,#3206,#3207,#3208));
#8302=EDGE_LOOP('',(#3209,#3210,#3211,#3212));
#8303=EDGE_LOOP('',(#3213,#3214,#3215,#3216));
#8304=EDGE_LOOP('',(#3217,#3218,#3219,#3220));
#8305=EDGE_LOOP('',(#3221,#3222,#3223,#3224));
#8306=EDGE_LOOP('',(#3225,#3226,#3227,#3228));
#8307=EDGE_LOOP('',(#3229,#3230,#3231,#3232));
#8308=EDGE_LOOP('',(#3233,#3234,#3235,#3236));
#8309=EDGE_LOOP('',(#3237,#3238,#3239,#3240));
#8310=EDGE_LOOP('',(#3241,#3242,#3243,#3244));
#8311=EDGE_LOOP('',(#3245,#3246,#3247,#3248));
#8312=EDGE_LOOP('',(#3249,#3250,#3251,#3252));
#8313=EDGE_LOOP('',(#3253,#3254,#3255,#3256));
#8314=EDGE_LOOP('',(#3257,#3258,#3259,#3260,#3261,#3262,#3263,#3264,#3265,
#3266,#3267,#3268,#3269,#3270,#3271,#3272,#3273,#3274,#3275));
#8315=EDGE_LOOP('',(#3276,#3277,#3278,#3279));
#8316=EDGE_LOOP('',(#3280,#3281,#3282,#3283));
#8317=EDGE_LOOP('',(#3284,#3285,#3286,#3287));
#8318=EDGE_LOOP('',(#3288,#3289,#3290,#3291));
#8319=EDGE_LOOP('',(#3292,#3293,#3294,#3295));
#8320=EDGE_LOOP('',(#3296,#3297,#3298,#3299));
#8321=EDGE_LOOP('',(#3300,#3301,#3302,#3303));
#8322=EDGE_LOOP('',(#3304,#3305,#3306,#3307));
#8323=EDGE_LOOP('',(#3308,#3309,#3310,#3311));
#8324=EDGE_LOOP('',(#3312,#3313,#3314,#3315));
#8325=EDGE_LOOP('',(#3316,#3317,#3318,#3319));
#8326=EDGE_LOOP('',(#3320,#3321,#3322,#3323));
#8327=EDGE_LOOP('',(#3324,#3325,#3326,#3327));
#8328=EDGE_LOOP('',(#3328,#3329,#3330,#3331));
#8329=EDGE_LOOP('',(#3332,#3333,#3334,#3335));
#8330=EDGE_LOOP('',(#3336,#3337,#3338,#3339));
#8331=EDGE_LOOP('',(#3340,#3341,#3342,#3343));
#8332=EDGE_LOOP('',(#3344,#3345,#3346,#3347));
#8333=EDGE_LOOP('',(#3348,#3349,#3350,#3351));
#8334=EDGE_LOOP('',(#3352,#3353,#3354,#3355));
#8335=EDGE_LOOP('',(#3356,#3357,#3358,#3359));
#8336=EDGE_LOOP('',(#3360,#3361,#3362,#3363));
#8337=EDGE_LOOP('',(#3364,#3365,#3366,#3367));
#8338=EDGE_LOOP('',(#3368,#3369,#3370,#3371));
#8339=EDGE_LOOP('',(#3372,#3373,#3374,#3375));
#8340=EDGE_LOOP('',(#3376,#3377,#3378,#3379,#3380,#3381,#3382,#3383,#3384,
#3385,#3386,#3387,#3388,#3389,#3390,#3391,#3392,#3393,#3394,#3395,#3396,
#3397,#3398,#3399,#3400));
#8341=EDGE_LOOP('',(#3401,#3402,#3403,#3404));
#8342=EDGE_LOOP('',(#3405,#3406,#3407,#3408));
#8343=EDGE_LOOP('',(#3409,#3410,#3411,#3412));
#8344=EDGE_LOOP('',(#3413,#3414,#3415,#3416));
#8345=EDGE_LOOP('',(#3417,#3418,#3419,#3420));
#8346=EDGE_LOOP('',(#3421,#3422,#3423,#3424));
#8347=EDGE_LOOP('',(#3425,#3426,#3427,#3428));
#8348=EDGE_LOOP('',(#3429,#3430,#3431,#3432));
#8349=EDGE_LOOP('',(#3433,#3434,#3435,#3436));
#8350=EDGE_LOOP('',(#3437,#3438,#3439,#3440));
#8351=EDGE_LOOP('',(#3441,#3442,#3443,#3444));
#8352=EDGE_LOOP('',(#3445,#3446,#3447,#3448));
#8353=EDGE_LOOP('',(#3449,#3450,#3451,#3452));
#8354=EDGE_LOOP('',(#3453,#3454,#3455,#3456));
#8355=EDGE_LOOP('',(#3457,#3458,#3459,#3460));
#8356=EDGE_LOOP('',(#3461,#3462,#3463,#3464));
#8357=EDGE_LOOP('',(#3465,#3466,#3467,#3468));
#8358=EDGE_LOOP('',(#3469,#3470,#3471,#3472));
#8359=EDGE_LOOP('',(#3473,#3474,#3475,#3476));
#8360=EDGE_LOOP('',(#3477,#3478,#3479,#3480));
#8361=EDGE_LOOP('',(#3481,#3482,#3483,#3484));
#8362=EDGE_LOOP('',(#3485,#3486,#3487,#3488));
#8363=EDGE_LOOP('',(#3489,#3490,#3491,#3492));
#8364=EDGE_LOOP('',(#3493,#3494,#3495,#3496));
#8365=EDGE_LOOP('',(#3497,#3498,#3499,#3500));
#8366=EDGE_LOOP('',(#3501,#3502,#3503,#3504));
#8367=EDGE_LOOP('',(#3505,#3506,#3507,#3508));
#8368=EDGE_LOOP('',(#3509,#3510,#3511,#3512));
#8369=EDGE_LOOP('',(#3513));
#8370=EDGE_LOOP('',(#3514));
#8371=EDGE_LOOP('',(#3515));
#8372=EDGE_LOOP('',(#3516));
#8373=EDGE_LOOP('',(#3517,#3518,#3519,#3520));
#8374=EDGE_LOOP('',(#3521,#3522,#3523,#3524));
#8375=EDGE_LOOP('',(#3525,#3526,#3527,#3528));
#8376=EDGE_LOOP('',(#3529,#3530,#3531,#3532));
#8377=EDGE_LOOP('',(#3533,#3534,#3535,#3536));
#8378=EDGE_LOOP('',(#3537,#3538,#3539,#3540));
#8379=EDGE_LOOP('',(#3541,#3542,#3543,#3544));
#8380=EDGE_LOOP('',(#3545,#3546,#3547,#3548));
#8381=EDGE_LOOP('',(#3549));
#8382=EDGE_LOOP('',(#3550));
#8383=EDGE_LOOP('',(#3551));
#8384=EDGE_LOOP('',(#3552));
#8385=EDGE_LOOP('',(#3553,#3554,#3555,#3556,#3557,#3558,#3559,#3560));
#8386=EDGE_LOOP('',(#3561));
#8387=EDGE_LOOP('',(#3562,#3563,#3564,#3565));
#8388=EDGE_LOOP('',(#3566,#3567,#3568,#3569));
#8389=EDGE_LOOP('',(#3570,#3571,#3572,#3573));
#8390=EDGE_LOOP('',(#3574,#3575,#3576,#3577));
#8391=EDGE_LOOP('',(#3578,#3579,#3580,#3581));
#8392=EDGE_LOOP('',(#3582,#3583,#3584,#3585));
#8393=EDGE_LOOP('',(#3586,#3587,#3588,#3589));
#8394=EDGE_LOOP('',(#3590));
#8395=EDGE_LOOP('',(#3591));
#8396=EDGE_LOOP('',(#3592));
#8397=EDGE_LOOP('',(#3593));
#8398=EDGE_LOOP('',(#3594,#3595,#3596,#3597,#3598,#3599,#3600,#3601));
#8399=EDGE_LOOP('',(#3602,#3603,#3604,#3605));
#8400=EDGE_LOOP('',(#3606,#3607,#3608,#3609));
#8401=EDGE_LOOP('',(#3610,#3611,#3612,#3613));
#8402=EDGE_LOOP('',(#3614,#3615,#3616,#3617));
#8403=EDGE_LOOP('',(#3618,#3619,#3620,#3621));
#8404=EDGE_LOOP('',(#3622,#3623,#3624,#3625));
#8405=EDGE_LOOP('',(#3626,#3627,#3628,#3629));
#8406=EDGE_LOOP('',(#3630));
#8407=EDGE_LOOP('',(#3631));
#8408=EDGE_LOOP('',(#3632));
#8409=EDGE_LOOP('',(#3633,#3634,#3635,#3636));
#8410=EDGE_LOOP('',(#3637,#3638,#3639,#3640));
#8411=EDGE_LOOP('',(#3641,#3642,#3643,#3644));
#8412=EDGE_LOOP('',(#3645,#3646,#3647,#3648));
#8413=EDGE_LOOP('',(#3649,#3650,#3651,#3652));
#8414=EDGE_LOOP('',(#3653,#3654,#3655,#3656));
#8415=EDGE_LOOP('',(#3657,#3658,#3659,#3660));
#8416=EDGE_LOOP('',(#3661,#3662,#3663,#3664));
#8417=FACE_BOUND('',#7820,.T.);
#8418=FACE_BOUND('',#7821,.T.);
#8419=FACE_BOUND('',#7822,.T.);
#8420=FACE_BOUND('',#7823,.T.);
#8421=FACE_BOUND('',#7824,.T.);
#8422=FACE_BOUND('',#7825,.T.);
#8423=FACE_BOUND('',#7826,.T.);
#8424=FACE_BOUND('',#7827,.T.);
#8425=FACE_BOUND('',#7828,.T.);
#8426=FACE_BOUND('',#7829,.T.);
#8427=FACE_BOUND('',#7830,.T.);
#8428=FACE_BOUND('',#7831,.T.);
#8429=FACE_BOUND('',#7832,.T.);
#8430=FACE_BOUND('',#7833,.T.);
#8431=FACE_BOUND('',#7834,.T.);
#8432=FACE_BOUND('',#7835,.T.);
#8433=FACE_BOUND('',#7836,.T.);
#8434=FACE_BOUND('',#7837,.T.);
#8435=FACE_BOUND('',#7838,.T.);
#8436=FACE_BOUND('',#7839,.T.);
#8437=FACE_BOUND('',#7840,.T.);
#8438=FACE_BOUND('',#7841,.T.);
#8439=FACE_BOUND('',#7842,.T.);
#8440=FACE_BOUND('',#7843,.T.);
#8441=FACE_BOUND('',#7844,.T.);
#8442=FACE_BOUND('',#7845,.T.);
#8443=FACE_BOUND('',#7846,.T.);
#8444=FACE_BOUND('',#7847,.T.);
#8445=FACE_BOUND('',#7848,.T.);
#8446=FACE_BOUND('',#7849,.T.);
#8447=FACE_BOUND('',#7850,.T.);
#8448=FACE_BOUND('',#7851,.T.);
#8449=FACE_BOUND('',#7852,.T.);
#8450=FACE_BOUND('',#7853,.T.);
#8451=FACE_BOUND('',#7854,.T.);
#8452=FACE_BOUND('',#7855,.T.);
#8453=FACE_BOUND('',#7856,.T.);
#8454=FACE_BOUND('',#7857,.T.);
#8455=FACE_BOUND('',#7858,.T.);
#8456=FACE_BOUND('',#7859,.T.);
#8457=FACE_BOUND('',#7860,.T.);
#8458=FACE_BOUND('',#7861,.T.);
#8459=FACE_BOUND('',#7862,.T.);
#8460=FACE_BOUND('',#7863,.T.);
#8461=FACE_BOUND('',#7864,.T.);
#8462=FACE_BOUND('',#7865,.T.);
#8463=FACE_BOUND('',#7866,.T.);
#8464=FACE_BOUND('',#7867,.T.);
#8465=FACE_BOUND('',#7868,.T.);
#8466=FACE_BOUND('',#7869,.T.);
#8467=FACE_BOUND('',#7870,.T.);
#8468=FACE_BOUND('',#7871,.T.);
#8469=FACE_BOUND('',#7872,.T.);
#8470=FACE_BOUND('',#7873,.T.);
#8471=FACE_BOUND('',#7874,.T.);
#8472=FACE_BOUND('',#7875,.T.);
#8473=FACE_BOUND('',#7876,.T.);
#8474=FACE_BOUND('',#7877,.T.);
#8475=FACE_BOUND('',#7878,.T.);
#8476=FACE_BOUND('',#7879,.T.);
#8477=FACE_BOUND('',#7880,.T.);
#8478=FACE_BOUND('',#7881,.T.);
#8479=FACE_BOUND('',#7882,.T.);
#8480=FACE_BOUND('',#7883,.T.);
#8481=FACE_BOUND('',#7884,.T.);
#8482=FACE_BOUND('',#7885,.T.);
#8483=FACE_BOUND('',#7886,.T.);
#8484=FACE_BOUND('',#7887,.T.);
#8485=FACE_BOUND('',#7888,.T.);
#8486=FACE_BOUND('',#7889,.T.);
#8487=FACE_BOUND('',#7890,.T.);
#8488=FACE_BOUND('',#7891,.T.);
#8489=FACE_BOUND('',#7892,.T.);
#8490=FACE_BOUND('',#7893,.T.);
#8491=FACE_BOUND('',#7894,.T.);
#8492=FACE_BOUND('',#7895,.T.);
#8493=FACE_BOUND('',#7896,.T.);
#8494=FACE_BOUND('',#7897,.T.);
#8495=FACE_BOUND('',#7898,.T.);
#8496=FACE_BOUND('',#7899,.T.);
#8497=FACE_BOUND('',#7900,.T.);
#8498=FACE_BOUND('',#7901,.T.);
#8499=FACE_BOUND('',#7902,.T.);
#8500=FACE_BOUND('',#7903,.T.);
#8501=FACE_BOUND('',#7904,.T.);
#8502=FACE_BOUND('',#7905,.T.);
#8503=FACE_BOUND('',#7906,.T.);
#8504=FACE_BOUND('',#7907,.T.);
#8505=FACE_BOUND('',#7908,.T.);
#8506=FACE_BOUND('',#7909,.T.);
#8507=FACE_BOUND('',#7910,.T.);
#8508=FACE_BOUND('',#7911,.T.);
#8509=FACE_BOUND('',#7912,.T.);
#8510=FACE_BOUND('',#7913,.T.);
#8511=FACE_BOUND('',#7914,.T.);
#8512=FACE_BOUND('',#7915,.T.);
#8513=FACE_BOUND('',#7916,.T.);
#8514=FACE_BOUND('',#7917,.T.);
#8515=FACE_BOUND('',#7918,.T.);
#8516=FACE_BOUND('',#7919,.T.);
#8517=FACE_BOUND('',#7920,.T.);
#8518=FACE_BOUND('',#7921,.T.);
#8519=FACE_BOUND('',#7922,.T.);
#8520=FACE_BOUND('',#7923,.T.);
#8521=FACE_BOUND('',#7924,.T.);
#8522=FACE_BOUND('',#7925,.T.);
#8523=FACE_BOUND('',#7926,.T.);
#8524=FACE_BOUND('',#7927,.T.);
#8525=FACE_BOUND('',#7928,.T.);
#8526=FACE_BOUND('',#7929,.T.);
#8527=FACE_BOUND('',#7930,.T.);
#8528=FACE_BOUND('',#7931,.T.);
#8529=FACE_BOUND('',#7932,.T.);
#8530=FACE_BOUND('',#7933,.T.);
#8531=FACE_BOUND('',#7934,.T.);
#8532=FACE_BOUND('',#7935,.T.);
#8533=FACE_BOUND('',#7936,.T.);
#8534=FACE_BOUND('',#7937,.T.);
#8535=FACE_BOUND('',#7938,.T.);
#8536=FACE_BOUND('',#7939,.T.);
#8537=FACE_BOUND('',#7940,.T.);
#8538=FACE_BOUND('',#7941,.T.);
#8539=FACE_BOUND('',#7942,.T.);
#8540=FACE_BOUND('',#7943,.T.);
#8541=FACE_BOUND('',#7944,.T.);
#8542=FACE_BOUND('',#7945,.T.);
#8543=FACE_BOUND('',#7946,.T.);
#8544=FACE_BOUND('',#7947,.T.);
#8545=FACE_BOUND('',#7948,.T.);
#8546=FACE_BOUND('',#7949,.T.);
#8547=FACE_BOUND('',#7950,.T.);
#8548=FACE_BOUND('',#7951,.T.);
#8549=FACE_BOUND('',#7952,.T.);
#8550=FACE_BOUND('',#7953,.T.);
#8551=FACE_BOUND('',#7954,.T.);
#8552=FACE_BOUND('',#7955,.T.);
#8553=FACE_BOUND('',#7956,.T.);
#8554=FACE_BOUND('',#7957,.T.);
#8555=FACE_BOUND('',#7958,.T.);
#8556=FACE_BOUND('',#7959,.T.);
#8557=FACE_BOUND('',#7960,.T.);
#8558=FACE_BOUND('',#7961,.T.);
#8559=FACE_BOUND('',#7962,.T.);
#8560=FACE_BOUND('',#7963,.T.);
#8561=FACE_BOUND('',#7964,.T.);
#8562=FACE_BOUND('',#7965,.T.);
#8563=FACE_BOUND('',#7966,.T.);
#8564=FACE_BOUND('',#7967,.T.);
#8565=FACE_BOUND('',#7968,.T.);
#8566=FACE_BOUND('',#7969,.T.);
#8567=FACE_BOUND('',#7970,.T.);
#8568=FACE_BOUND('',#7971,.T.);
#8569=FACE_BOUND('',#7972,.T.);
#8570=FACE_BOUND('',#7973,.T.);
#8571=FACE_BOUND('',#7974,.T.);
#8572=FACE_BOUND('',#7975,.T.);
#8573=FACE_BOUND('',#7976,.T.);
#8574=FACE_BOUND('',#7977,.T.);
#8575=FACE_BOUND('',#7978,.T.);
#8576=FACE_BOUND('',#7979,.T.);
#8577=FACE_BOUND('',#7980,.T.);
#8578=FACE_BOUND('',#7981,.T.);
#8579=FACE_BOUND('',#7982,.T.);
#8580=FACE_BOUND('',#7983,.T.);
#8581=FACE_BOUND('',#7984,.T.);
#8582=FACE_BOUND('',#7985,.T.);
#8583=FACE_BOUND('',#7986,.T.);
#8584=FACE_BOUND('',#7987,.T.);
#8585=FACE_BOUND('',#7988,.T.);
#8586=FACE_BOUND('',#7989,.T.);
#8587=FACE_BOUND('',#7990,.T.);
#8588=FACE_BOUND('',#7991,.T.);
#8589=FACE_BOUND('',#7992,.T.);
#8590=FACE_BOUND('',#7993,.T.);
#8591=FACE_BOUND('',#7994,.T.);
#8592=FACE_BOUND('',#7995,.T.);
#8593=FACE_BOUND('',#7996,.T.);
#8594=FACE_BOUND('',#7997,.T.);
#8595=FACE_BOUND('',#7998,.T.);
#8596=FACE_BOUND('',#7999,.T.);
#8597=FACE_BOUND('',#8000,.T.);
#8598=FACE_BOUND('',#8001,.T.);
#8599=FACE_BOUND('',#8002,.T.);
#8600=FACE_BOUND('',#8003,.T.);
#8601=FACE_BOUND('',#8004,.T.);
#8602=FACE_BOUND('',#8005,.T.);
#8603=FACE_BOUND('',#8006,.T.);
#8604=FACE_BOUND('',#8007,.T.);
#8605=FACE_BOUND('',#8008,.T.);
#8606=FACE_BOUND('',#8009,.T.);
#8607=FACE_BOUND('',#8010,.T.);
#8608=FACE_BOUND('',#8011,.T.);
#8609=FACE_BOUND('',#8012,.T.);
#8610=FACE_BOUND('',#8013,.T.);
#8611=FACE_BOUND('',#8014,.T.);
#8612=FACE_BOUND('',#8015,.T.);
#8613=FACE_BOUND('',#8016,.T.);
#8614=FACE_BOUND('',#8017,.T.);
#8615=FACE_BOUND('',#8018,.T.);
#8616=FACE_BOUND('',#8019,.T.);
#8617=FACE_BOUND('',#8020,.T.);
#8618=FACE_BOUND('',#8021,.T.);
#8619=FACE_BOUND('',#8022,.T.);
#8620=FACE_BOUND('',#8023,.T.);
#8621=FACE_BOUND('',#8024,.T.);
#8622=FACE_BOUND('',#8025,.T.);
#8623=FACE_BOUND('',#8026,.T.);
#8624=FACE_BOUND('',#8027,.T.);
#8625=FACE_BOUND('',#8028,.T.);
#8626=FACE_BOUND('',#8029,.T.);
#8627=FACE_BOUND('',#8030,.T.);
#8628=FACE_BOUND('',#8031,.T.);
#8629=FACE_BOUND('',#8032,.T.);
#8630=FACE_BOUND('',#8033,.T.);
#8631=FACE_BOUND('',#8034,.T.);
#8632=FACE_BOUND('',#8035,.T.);
#8633=FACE_BOUND('',#8036,.T.);
#8634=FACE_BOUND('',#8037,.T.);
#8635=FACE_BOUND('',#8038,.T.);
#8636=FACE_BOUND('',#8039,.T.);
#8637=FACE_BOUND('',#8040,.T.);
#8638=FACE_BOUND('',#8041,.T.);
#8639=FACE_BOUND('',#8042,.T.);
#8640=FACE_BOUND('',#8043,.T.);
#8641=FACE_BOUND('',#8044,.T.);
#8642=FACE_BOUND('',#8045,.T.);
#8643=FACE_BOUND('',#8046,.T.);
#8644=FACE_BOUND('',#8047,.T.);
#8645=FACE_BOUND('',#8048,.T.);
#8646=FACE_BOUND('',#8049,.T.);
#8647=FACE_BOUND('',#8050,.T.);
#8648=FACE_BOUND('',#8051,.T.);
#8649=FACE_BOUND('',#8052,.T.);
#8650=FACE_BOUND('',#8053,.T.);
#8651=FACE_BOUND('',#8054,.T.);
#8652=FACE_BOUND('',#8055,.T.);
#8653=FACE_BOUND('',#8056,.T.);
#8654=FACE_BOUND('',#8057,.T.);
#8655=FACE_BOUND('',#8058,.T.);
#8656=FACE_BOUND('',#8059,.T.);
#8657=FACE_BOUND('',#8060,.T.);
#8658=FACE_BOUND('',#8061,.T.);
#8659=FACE_BOUND('',#8062,.T.);
#8660=FACE_BOUND('',#8063,.T.);
#8661=FACE_BOUND('',#8064,.T.);
#8662=FACE_BOUND('',#8065,.T.);
#8663=FACE_BOUND('',#8066,.T.);
#8664=FACE_BOUND('',#8067,.T.);
#8665=FACE_BOUND('',#8068,.T.);
#8666=FACE_BOUND('',#8069,.T.);
#8667=FACE_BOUND('',#8070,.T.);
#8668=FACE_BOUND('',#8071,.T.);
#8669=FACE_BOUND('',#8072,.T.);
#8670=FACE_BOUND('',#8073,.T.);
#8671=FACE_BOUND('',#8074,.T.);
#8672=FACE_BOUND('',#8075,.T.);
#8673=FACE_BOUND('',#8076,.T.);
#8674=FACE_BOUND('',#8077,.T.);
#8675=FACE_BOUND('',#8078,.T.);
#8676=FACE_BOUND('',#8079,.T.);
#8677=FACE_BOUND('',#8080,.T.);
#8678=FACE_BOUND('',#8081,.T.);
#8679=FACE_BOUND('',#8082,.T.);
#8680=FACE_BOUND('',#8083,.T.);
#8681=FACE_BOUND('',#8084,.T.);
#8682=FACE_BOUND('',#8085,.T.);
#8683=FACE_BOUND('',#8086,.T.);
#8684=FACE_BOUND('',#8087,.T.);
#8685=FACE_BOUND('',#8088,.T.);
#8686=FACE_BOUND('',#8089,.T.);
#8687=FACE_BOUND('',#8090,.T.);
#8688=FACE_BOUND('',#8091,.T.);
#8689=FACE_BOUND('',#8092,.T.);
#8690=FACE_BOUND('',#8093,.T.);
#8691=FACE_BOUND('',#8094,.T.);
#8692=FACE_BOUND('',#8095,.T.);
#8693=FACE_BOUND('',#8096,.T.);
#8694=FACE_BOUND('',#8097,.T.);
#8695=FACE_BOUND('',#8098,.T.);
#8696=FACE_BOUND('',#8099,.T.);
#8697=FACE_BOUND('',#8100,.T.);
#8698=FACE_BOUND('',#8101,.T.);
#8699=FACE_BOUND('',#8102,.T.);
#8700=FACE_BOUND('',#8103,.T.);
#8701=FACE_BOUND('',#8104,.T.);
#8702=FACE_BOUND('',#8105,.T.);
#8703=FACE_BOUND('',#8106,.T.);
#8704=FACE_BOUND('',#8107,.T.);
#8705=FACE_BOUND('',#8108,.T.);
#8706=FACE_BOUND('',#8109,.T.);
#8707=FACE_BOUND('',#8110,.T.);
#8708=FACE_BOUND('',#8111,.T.);
#8709=FACE_BOUND('',#8112,.T.);
#8710=FACE_BOUND('',#8113,.T.);
#8711=FACE_BOUND('',#8114,.T.);
#8712=FACE_BOUND('',#8115,.T.);
#8713=FACE_BOUND('',#8116,.T.);
#8714=FACE_BOUND('',#8117,.T.);
#8715=FACE_BOUND('',#8118,.T.);
#8716=FACE_BOUND('',#8119,.T.);
#8717=FACE_BOUND('',#8120,.T.);
#8718=FACE_BOUND('',#8121,.T.);
#8719=FACE_BOUND('',#8122,.T.);
#8720=FACE_BOUND('',#8123,.T.);
#8721=FACE_BOUND('',#8124,.T.);
#8722=FACE_BOUND('',#8125,.T.);
#8723=FACE_BOUND('',#8126,.T.);
#8724=FACE_BOUND('',#8127,.T.);
#8725=FACE_BOUND('',#8128,.T.);
#8726=FACE_BOUND('',#8129,.T.);
#8727=FACE_BOUND('',#8130,.T.);
#8728=FACE_BOUND('',#8131,.T.);
#8729=FACE_BOUND('',#8132,.T.);
#8730=FACE_BOUND('',#8133,.T.);
#8731=FACE_BOUND('',#8134,.T.);
#8732=FACE_BOUND('',#8135,.T.);
#8733=FACE_BOUND('',#8136,.T.);
#8734=FACE_BOUND('',#8137,.T.);
#8735=FACE_BOUND('',#8138,.T.);
#8736=FACE_BOUND('',#8139,.T.);
#8737=FACE_BOUND('',#8140,.T.);
#8738=FACE_BOUND('',#8141,.T.);
#8739=FACE_BOUND('',#8142,.T.);
#8740=FACE_BOUND('',#8143,.T.);
#8741=FACE_BOUND('',#8144,.T.);
#8742=FACE_BOUND('',#8145,.T.);
#8743=FACE_BOUND('',#8146,.T.);
#8744=FACE_BOUND('',#8147,.T.);
#8745=FACE_BOUND('',#8148,.T.);
#8746=FACE_BOUND('',#8149,.T.);
#8747=FACE_BOUND('',#8150,.T.);
#8748=FACE_BOUND('',#8151,.T.);
#8749=FACE_BOUND('',#8152,.T.);
#8750=FACE_BOUND('',#8153,.T.);
#8751=FACE_BOUND('',#8154,.T.);
#8752=FACE_BOUND('',#8155,.T.);
#8753=FACE_BOUND('',#8156,.T.);
#8754=FACE_BOUND('',#8157,.T.);
#8755=FACE_BOUND('',#8158,.T.);
#8756=FACE_BOUND('',#8159,.T.);
#8757=FACE_BOUND('',#8160,.T.);
#8758=FACE_BOUND('',#8161,.T.);
#8759=FACE_BOUND('',#8162,.T.);
#8760=FACE_BOUND('',#8163,.T.);
#8761=FACE_BOUND('',#8164,.T.);
#8762=FACE_BOUND('',#8165,.T.);
#8763=FACE_BOUND('',#8166,.T.);
#8764=FACE_BOUND('',#8167,.T.);
#8765=FACE_BOUND('',#8168,.T.);
#8766=FACE_BOUND('',#8169,.T.);
#8767=FACE_BOUND('',#8170,.T.);
#8768=FACE_BOUND('',#8171,.T.);
#8769=FACE_BOUND('',#8172,.T.);
#8770=FACE_BOUND('',#8173,.T.);
#8771=FACE_BOUND('',#8174,.T.);
#8772=FACE_BOUND('',#8175,.T.);
#8773=FACE_BOUND('',#8176,.T.);
#8774=FACE_BOUND('',#8177,.T.);
#8775=FACE_BOUND('',#8178,.T.);
#8776=FACE_BOUND('',#8179,.T.);
#8777=FACE_BOUND('',#8180,.T.);
#8778=FACE_BOUND('',#8181,.T.);
#8779=FACE_BOUND('',#8182,.T.);
#8780=FACE_BOUND('',#8183,.T.);
#8781=FACE_BOUND('',#8184,.T.);
#8782=FACE_BOUND('',#8185,.T.);
#8783=FACE_BOUND('',#8186,.T.);
#8784=FACE_BOUND('',#8187,.T.);
#8785=FACE_BOUND('',#8188,.T.);
#8786=FACE_BOUND('',#8189,.T.);
#8787=FACE_BOUND('',#8190,.T.);
#8788=FACE_BOUND('',#8191,.T.);
#8789=FACE_BOUND('',#8192,.T.);
#8790=FACE_BOUND('',#8193,.T.);
#8791=FACE_BOUND('',#8194,.T.);
#8792=FACE_BOUND('',#8195,.T.);
#8793=FACE_BOUND('',#8196,.T.);
#8794=FACE_BOUND('',#8197,.T.);
#8795=FACE_BOUND('',#8198,.T.);
#8796=FACE_BOUND('',#8199,.T.);
#8797=FACE_BOUND('',#8200,.T.);
#8798=FACE_BOUND('',#8201,.T.);
#8799=FACE_BOUND('',#8202,.T.);
#8800=FACE_BOUND('',#8203,.T.);
#8801=FACE_BOUND('',#8204,.T.);
#8802=FACE_BOUND('',#8205,.T.);
#8803=FACE_BOUND('',#8206,.T.);
#8804=FACE_BOUND('',#8207,.T.);
#8805=FACE_BOUND('',#8208,.T.);
#8806=FACE_BOUND('',#8209,.T.);
#8807=FACE_BOUND('',#8210,.T.);
#8808=FACE_BOUND('',#8211,.T.);
#8809=FACE_BOUND('',#8212,.T.);
#8810=FACE_BOUND('',#8213,.T.);
#8811=FACE_BOUND('',#8214,.T.);
#8812=FACE_BOUND('',#8215,.T.);
#8813=FACE_BOUND('',#8216,.T.);
#8814=FACE_BOUND('',#8217,.T.);
#8815=FACE_BOUND('',#8218,.T.);
#8816=FACE_BOUND('',#8219,.T.);
#8817=FACE_BOUND('',#8220,.T.);
#8818=FACE_BOUND('',#8221,.T.);
#8819=FACE_BOUND('',#8222,.T.);
#8820=FACE_BOUND('',#8223,.T.);
#8821=FACE_BOUND('',#8224,.T.);
#8822=FACE_BOUND('',#8225,.T.);
#8823=FACE_BOUND('',#8226,.T.);
#8824=FACE_BOUND('',#8227,.T.);
#8825=FACE_BOUND('',#8228,.T.);
#8826=FACE_BOUND('',#8229,.T.);
#8827=FACE_BOUND('',#8230,.T.);
#8828=FACE_BOUND('',#8231,.T.);
#8829=FACE_BOUND('',#8232,.T.);
#8830=FACE_BOUND('',#8233,.T.);
#8831=FACE_BOUND('',#8234,.T.);
#8832=FACE_BOUND('',#8235,.T.);
#8833=FACE_BOUND('',#8236,.T.);
#8834=FACE_BOUND('',#8237,.T.);
#8835=FACE_BOUND('',#8238,.T.);
#8836=FACE_BOUND('',#8239,.T.);
#8837=FACE_BOUND('',#8240,.T.);
#8838=FACE_BOUND('',#8241,.T.);
#8839=FACE_BOUND('',#8242,.T.);
#8840=FACE_BOUND('',#8243,.T.);
#8841=FACE_BOUND('',#8244,.T.);
#8842=FACE_BOUND('',#8245,.T.);
#8843=FACE_BOUND('',#8246,.T.);
#8844=FACE_BOUND('',#8247,.T.);
#8845=FACE_BOUND('',#8248,.T.);
#8846=FACE_BOUND('',#8249,.T.);
#8847=FACE_BOUND('',#8250,.T.);
#8848=FACE_BOUND('',#8251,.T.);
#8849=FACE_BOUND('',#8252,.T.);
#8850=FACE_BOUND('',#8253,.T.);
#8851=FACE_BOUND('',#8254,.T.);
#8852=FACE_BOUND('',#8255,.T.);
#8853=FACE_BOUND('',#8256,.T.);
#8854=FACE_BOUND('',#8257,.T.);
#8855=FACE_BOUND('',#8258,.T.);
#8856=FACE_BOUND('',#8259,.T.);
#8857=FACE_BOUND('',#8260,.T.);
#8858=FACE_BOUND('',#8261,.T.);
#8859=FACE_BOUND('',#8262,.T.);
#8860=FACE_BOUND('',#8263,.T.);
#8861=FACE_BOUND('',#8264,.T.);
#8862=FACE_BOUND('',#8265,.T.);
#8863=FACE_BOUND('',#8266,.T.);
#8864=FACE_BOUND('',#8267,.T.);
#8865=FACE_BOUND('',#8268,.T.);
#8866=FACE_BOUND('',#8269,.T.);
#8867=FACE_BOUND('',#8270,.T.);
#8868=FACE_BOUND('',#8271,.T.);
#8869=FACE_BOUND('',#8272,.T.);
#8870=FACE_BOUND('',#8273,.T.);
#8871=FACE_BOUND('',#8274,.T.);
#8872=FACE_BOUND('',#8275,.T.);
#8873=FACE_BOUND('',#8276,.T.);
#8874=FACE_BOUND('',#8277,.T.);
#8875=FACE_BOUND('',#8278,.T.);
#8876=FACE_BOUND('',#8279,.T.);
#8877=FACE_BOUND('',#8280,.T.);
#8878=FACE_BOUND('',#8281,.T.);
#8879=FACE_BOUND('',#8282,.T.);
#8880=FACE_BOUND('',#8283,.T.);
#8881=FACE_BOUND('',#8284,.T.);
#8882=FACE_BOUND('',#8285,.T.);
#8883=FACE_BOUND('',#8286,.T.);
#8884=FACE_BOUND('',#8287,.T.);
#8885=FACE_BOUND('',#8288,.T.);
#8886=FACE_BOUND('',#8289,.T.);
#8887=FACE_BOUND('',#8290,.T.);
#8888=FACE_BOUND('',#8291,.T.);
#8889=FACE_BOUND('',#8292,.T.);
#8890=FACE_BOUND('',#8293,.T.);
#8891=FACE_BOUND('',#8294,.T.);
#8892=FACE_BOUND('',#8295,.T.);
#8893=FACE_BOUND('',#8296,.T.);
#8894=FACE_BOUND('',#8297,.T.);
#8895=FACE_BOUND('',#8298,.T.);
#8896=FACE_BOUND('',#8299,.T.);
#8897=FACE_BOUND('',#8300,.T.);
#8898=FACE_BOUND('',#8301,.T.);
#8899=FACE_BOUND('',#8302,.T.);
#8900=FACE_BOUND('',#8303,.T.);
#8901=FACE_BOUND('',#8304,.T.);
#8902=FACE_BOUND('',#8305,.T.);
#8903=FACE_BOUND('',#8306,.T.);
#8904=FACE_BOUND('',#8307,.T.);
#8905=FACE_BOUND('',#8308,.T.);
#8906=FACE_BOUND('',#8309,.T.);
#8907=FACE_BOUND('',#8310,.T.);
#8908=FACE_BOUND('',#8311,.T.);
#8909=FACE_BOUND('',#8312,.T.);
#8910=FACE_BOUND('',#8313,.T.);
#8911=FACE_BOUND('',#8314,.T.);
#8912=FACE_BOUND('',#8315,.T.);
#8913=FACE_BOUND('',#8316,.T.);
#8914=FACE_BOUND('',#8317,.T.);
#8915=FACE_BOUND('',#8318,.T.);
#8916=FACE_BOUND('',#8319,.T.);
#8917=FACE_BOUND('',#8320,.T.);
#8918=FACE_BOUND('',#8321,.T.);
#8919=FACE_BOUND('',#8322,.T.);
#8920=FACE_BOUND('',#8323,.T.);
#8921=FACE_BOUND('',#8324,.T.);
#8922=FACE_BOUND('',#8325,.T.);
#8923=FACE_BOUND('',#8326,.T.);
#8924=FACE_BOUND('',#8327,.T.);
#8925=FACE_BOUND('',#8328,.T.);
#8926=FACE_BOUND('',#8329,.T.);
#8927=FACE_BOUND('',#8330,.T.);
#8928=FACE_BOUND('',#8331,.T.);
#8929=FACE_BOUND('',#8332,.T.);
#8930=FACE_BOUND('',#8333,.T.);
#8931=FACE_BOUND('',#8334,.T.);
#8932=FACE_BOUND('',#8335,.T.);
#8933=FACE_BOUND('',#8336,.T.);
#8934=FACE_BOUND('',#8337,.T.);
#8935=FACE_BOUND('',#8338,.T.);
#8936=FACE_BOUND('',#8339,.T.);
#8937=FACE_BOUND('',#8340,.T.);
#8938=FACE_BOUND('',#8341,.T.);
#8939=FACE_BOUND('',#8342,.T.);
#8940=FACE_BOUND('',#8343,.T.);
#8941=FACE_BOUND('',#8344,.T.);
#8942=FACE_BOUND('',#8345,.T.);
#8943=FACE_BOUND('',#8346,.T.);
#8944=FACE_BOUND('',#8347,.T.);
#8945=FACE_BOUND('',#8348,.T.);
#8946=FACE_BOUND('',#8349,.T.);
#8947=FACE_BOUND('',#8350,.T.);
#8948=FACE_BOUND('',#8351,.T.);
#8949=FACE_BOUND('',#8352,.T.);
#8950=FACE_BOUND('',#8353,.T.);
#8951=FACE_BOUND('',#8354,.T.);
#8952=FACE_BOUND('',#8355,.T.);
#8953=FACE_BOUND('',#8356,.T.);
#8954=FACE_BOUND('',#8357,.T.);
#8955=FACE_BOUND('',#8358,.T.);
#8956=FACE_BOUND('',#8359,.T.);
#8957=FACE_BOUND('',#8360,.T.);
#8958=FACE_BOUND('',#8361,.T.);
#8959=FACE_BOUND('',#8362,.T.);
#8960=FACE_BOUND('',#8363,.T.);
#8961=FACE_BOUND('',#8364,.T.);
#8962=FACE_BOUND('',#8365,.T.);
#8963=FACE_BOUND('',#8366,.T.);
#8964=FACE_BOUND('',#8367,.T.);
#8965=FACE_BOUND('',#8368,.T.);
#8966=FACE_BOUND('',#8369,.T.);
#8967=FACE_BOUND('',#8370,.T.);
#8968=FACE_BOUND('',#8371,.T.);
#8969=FACE_BOUND('',#8372,.T.);
#8970=FACE_BOUND('',#8373,.T.);
#8971=FACE_BOUND('',#8374,.T.);
#8972=FACE_BOUND('',#8375,.T.);
#8973=FACE_BOUND('',#8376,.T.);
#8974=FACE_BOUND('',#8377,.T.);
#8975=FACE_BOUND('',#8378,.T.);
#8976=FACE_BOUND('',#8379,.T.);
#8977=FACE_BOUND('',#8380,.T.);
#8978=FACE_BOUND('',#8381,.T.);
#8979=FACE_BOUND('',#8382,.T.);
#8980=FACE_BOUND('',#8383,.T.);
#8981=FACE_BOUND('',#8384,.T.);
#8982=FACE_BOUND('',#8385,.T.);
#8983=FACE_BOUND('',#8386,.T.);
#8984=FACE_BOUND('',#8387,.T.);
#8985=FACE_BOUND('',#8388,.T.);
#8986=FACE_BOUND('',#8389,.T.);
#8987=FACE_BOUND('',#8390,.T.);
#8988=FACE_BOUND('',#8391,.T.);
#8989=FACE_BOUND('',#8392,.T.);
#8990=FACE_BOUND('',#8393,.T.);
#8991=FACE_BOUND('',#8394,.T.);
#8992=FACE_BOUND('',#8395,.T.);
#8993=FACE_BOUND('',#8396,.T.);
#8994=FACE_BOUND('',#8397,.T.);
#8995=FACE_BOUND('',#8398,.T.);
#8996=FACE_BOUND('',#8399,.T.);
#8997=FACE_BOUND('',#8400,.T.);
#8998=FACE_BOUND('',#8401,.T.);
#8999=FACE_BOUND('',#8402,.T.);
#9000=FACE_BOUND('',#8403,.T.);
#9001=FACE_BOUND('',#8404,.T.);
#9002=FACE_BOUND('',#8405,.T.);
#9003=FACE_BOUND('',#8406,.T.);
#9004=FACE_BOUND('',#8407,.T.);
#9005=FACE_BOUND('',#8408,.T.);
#9006=FACE_BOUND('',#8409,.T.);
#9007=FACE_BOUND('',#8410,.T.);
#9008=FACE_BOUND('',#8411,.T.);
#9009=FACE_BOUND('',#8412,.T.);
#9010=FACE_BOUND('',#8413,.T.);
#9011=FACE_BOUND('',#8414,.T.);
#9012=FACE_BOUND('',#8415,.T.);
#9013=FACE_BOUND('',#8416,.T.);
#9014=PLANE('',#9832);
#9015=PLANE('',#9833);
#9016=PLANE('',#9834);
#9017=PLANE('',#9835);
#9018=PLANE('',#9836);
#9019=PLANE('',#9837);
#9020=PLANE('',#9839);
#9021=PLANE('',#9901);
#9022=PLANE('',#9905);
#9023=PLANE('',#9913);
#9024=PLANE('',#9915);
#9025=PLANE('',#9920);
#9026=PLANE('',#9922);
#9027=PLANE('',#9927);
#9028=PLANE('',#9929);
#9029=PLANE('',#9934);
#9030=PLANE('',#9936);
#9031=PLANE('',#9939);
#9032=PLANE('',#9940);
#9033=PLANE('',#9941);
#9034=PLANE('',#9942);
#9035=PLANE('',#9943);
#9036=PLANE('',#9944);
#9037=PLANE('',#9945);
#9038=PLANE('',#9946);
#9039=PLANE('',#9951);
#9040=PLANE('',#9952);
#9041=PLANE('',#9953);
#9042=PLANE('',#9958);
#9043=PLANE('',#9959);
#9044=PLANE('',#9960);
#9045=PLANE('',#9961);
#9046=PLANE('',#9962);
#9047=PLANE('',#9963);
#9048=PLANE('',#9964);
#9049=PLANE('',#9965);
#9050=PLANE('',#9966);
#9051=PLANE('',#9967);
#9052=PLANE('',#9968);
#9053=PLANE('',#9969);
#9054=PLANE('',#9970);
#9055=PLANE('',#9971);
#9056=PLANE('',#9972);
#9057=PLANE('',#9973);
#9058=PLANE('',#9974);
#9059=PLANE('',#9979);
#9060=PLANE('',#9980);
#9061=PLANE('',#9981);
#9062=PLANE('',#9982);
#9063=PLANE('',#9983);
#9064=PLANE('',#9984);
#9065=PLANE('',#9985);
#9066=PLANE('',#9990);
#9067=PLANE('',#9991);
#9068=PLANE('',#9992);
#9069=PLANE('',#9993);
#9070=PLANE('',#9994);
#9071=PLANE('',#9995);
#9072=PLANE('',#9998);
#9073=PLANE('',#10001);
#9074=PLANE('',#10002);
#9075=PLANE('',#10005);
#9076=PLANE('',#10008);
#9077=PLANE('',#10009);
#9078=PLANE('',#10010);
#9079=PLANE('',#10011);
#9080=PLANE('',#10012);
#9081=PLANE('',#10013);
#9082=PLANE('',#10014);
#9083=PLANE('',#10015);
#9084=PLANE('',#10016);
#9085=PLANE('',#10017);
#9086=PLANE('',#10018);
#9087=PLANE('',#10019);
#9088=PLANE('',#10020);
#9089=PLANE('',#10021);
#9090=PLANE('',#10028);
#9091=PLANE('',#10033);
#9092=PLANE('',#10034);
#9093=PLANE('',#10035);
#9094=PLANE('',#10036);
#9095=PLANE('',#10037);
#9096=PLANE('',#10038);
#9097=PLANE('',#10043);
#9098=PLANE('',#10044);
#9099=PLANE('',#10045);
#9100=PLANE('',#10046);
#9101=PLANE('',#10047);
#9102=PLANE('',#10048);
#9103=PLANE('',#10049);
#9104=PLANE('',#10050);
#9105=PLANE('',#10051);
#9106=PLANE('',#10052);
#9107=PLANE('',#10053);
#9108=PLANE('',#10054);
#9109=PLANE('',#10055);
#9110=PLANE('',#10056);
#9111=PLANE('',#10057);
#9112=PLANE('',#10058);
#9113=PLANE('',#10059);
#9114=PLANE('',#10060);
#9115=PLANE('',#10061);
#9116=PLANE('',#10065);
#9117=PLANE('',#10066);
#9118=PLANE('',#10067);
#9119=PLANE('',#10082);
#9120=PLANE('',#10091);
#9121=PLANE('',#10092);
#9122=PLANE('',#10093);
#9123=PLANE('',#10094);
#9124=PLANE('',#10095);
#9125=PLANE('',#10096);
#9126=PLANE('',#10097);
#9127=PLANE('',#10102);
#9128=PLANE('',#10103);
#9129=PLANE('',#10104);
#9130=PLANE('',#10105);
#9131=PLANE('',#10106);
#9132=PLANE('',#10107);
#9133=PLANE('',#10108);
#9134=PLANE('',#10117);
#9135=PLANE('',#10118);
#9136=PLANE('',#10119);
#9137=PLANE('',#10120);
#9138=PLANE('',#10121);
#9139=PLANE('',#10122);
#9140=PLANE('',#10123);
#9141=PLANE('',#10124);
#9142=PLANE('',#10125);
#9143=PLANE('',#10126);
#9144=PLANE('',#10127);
#9145=PLANE('',#10128);
#9146=PLANE('',#10129);
#9147=PLANE('',#10130);
#9148=PLANE('',#10131);
#9149=PLANE('',#10132);
#9150=PLANE('',#10133);
#9151=PLANE('',#10134);
#9152=PLANE('',#10135);
#9153=PLANE('',#10136);
#9154=PLANE('',#10137);
#9155=PLANE('',#10138);
#9156=PLANE('',#10143);
#9157=PLANE('',#10144);
#9158=PLANE('',#10145);
#9159=PLANE('',#10146);
#9160=PLANE('',#10147);
#9161=PLANE('',#10148);
#9162=PLANE('',#10149);
#9163=PLANE('',#10150);
#9164=PLANE('',#10151);
#9165=PLANE('',#10156);
#9166=PLANE('',#10161);
#9167=PLANE('',#10162);
#9168=PLANE('',#10163);
#9169=PLANE('',#10164);
#9170=PLANE('',#10165);
#9171=PLANE('',#10166);
#9172=PLANE('',#10167);
#9173=PLANE('',#10168);
#9174=PLANE('',#10169);
#9175=PLANE('',#10170);
#9176=PLANE('',#10171);
#9177=PLANE('',#10172);
#9178=PLANE('',#10173);
#9179=PLANE('',#10177);
#9180=PLANE('',#10178);
#9181=PLANE('',#10179);
#9182=PLANE('',#10180);
#9183=PLANE('',#10181);
#9184=PLANE('',#10182);
#9185=PLANE('',#10183);
#9186=PLANE('',#10184);
#9187=PLANE('',#10188);
#9188=PLANE('',#10189);
#9189=PLANE('',#10194);
#9190=PLANE('',#10207);
#9191=PLANE('',#10208);
#9192=PLANE('',#10209);
#9193=PLANE('',#10210);
#9194=PLANE('',#10211);
#9195=PLANE('',#10212);
#9196=PLANE('',#10213);
#9197=PLANE('',#10214);
#9198=PLANE('',#10215);
#9199=PLANE('',#10216);
#9200=PLANE('',#10219);
#9201=PLANE('',#10222);
#9202=PLANE('',#10223);
#9203=PLANE('',#10228);
#9204=PLANE('',#10229);
#9205=PLANE('',#10230);
#9206=PLANE('',#10231);
#9207=PLANE('',#10232);
#9208=PLANE('',#10233);
#9209=PLANE('',#10234);
#9210=PLANE('',#10235);
#9211=PLANE('',#10236);
#9212=PLANE('',#10237);
#9213=PLANE('',#10238);
#9214=PLANE('',#10241);
#9215=PLANE('',#10244);
#9216=PLANE('',#10245);
#9217=PLANE('',#10250);
#9218=PLANE('',#10251);
#9219=PLANE('',#10252);
#9220=PLANE('',#10255);
#9221=PLANE('',#10256);
#9222=PLANE('',#10257);
#9223=PLANE('',#10258);
#9224=PLANE('',#10259);
#9225=PLANE('',#10260);
#9226=PLANE('',#10261);
#9227=PLANE('',#10262);
#9228=PLANE('',#10263);
#9229=PLANE('',#10264);
#9230=PLANE('',#10265);
#9231=PLANE('',#10270);
#9232=PLANE('',#10273);
#9233=PLANE('',#10274);
#9234=PLANE('',#10281);
#9235=PLANE('',#10282);
#9236=PLANE('',#10284);
#9237=PLANE('',#10285);
#9238=PLANE('',#10286);
#9239=PLANE('',#10287);
#9240=PLANE('',#10288);
#9241=PLANE('',#10289);
#9242=PLANE('',#10290);
#9243=PLANE('',#10291);
#9244=PLANE('',#10292);
#9245=PLANE('',#10293);
#9246=PLANE('',#10294);
#9247=PLANE('',#10295);
#9248=PLANE('',#10296);
#9249=PLANE('',#10297);
#9250=PLANE('',#10298);
#9251=PLANE('',#10299);
#9252=PLANE('',#10300);
#9253=PLANE('',#10301);
#9254=PLANE('',#10302);
#9255=PLANE('',#10303);
#9256=PLANE('',#10304);
#9257=PLANE('',#10305);
#9258=PLANE('',#10309);
#9259=PLANE('',#10313);
#9260=PLANE('',#10317);
#9261=PLANE('',#10324);
#9262=PLANE('',#10325);
#9263=PLANE('',#10326);
#9264=PLANE('',#10327);
#9265=PLANE('',#10328);
#9266=PLANE('',#10329);
#9267=PLANE('',#10330);
#9268=PLANE('',#10340);
#9269=PLANE('',#10345);
#9270=ADVANCED_FACE('',(#8417),#9014,.T.);
#9271=ADVANCED_FACE('',(#8418),#9015,.F.);
#9272=ADVANCED_FACE('',(#8419),#9016,.F.);
#9273=ADVANCED_FACE('',(#8420),#9017,.T.);
#9274=ADVANCED_FACE('',(#8421),#9018,.T.);
#9275=ADVANCED_FACE('',(#8422),#9019,.F.);
#9276=ADVANCED_FACE('',(#8423,#8424,#8425,#8426,#8427,#8428,#8429,#8430,
#8431,#8432,#8433,#8434,#8435,#8436,#8437,#8438,#8439,#8440,#8441,#8442,
#8443,#8444,#8445),#9020,.T.);
#9277=ADVANCED_FACE('',(#8446),#9021,.T.);
#9278=ADVANCED_FACE('',(#8447,#8448),#191,.F.);
#9279=ADVANCED_FACE('',(#8449,#8450,#8451,#8452,#8453),#9022,.T.);
#9280=ADVANCED_FACE('',(#8454,#8455),#9023,.F.);
#9281=ADVANCED_FACE('',(#8456),#9024,.T.);
#9282=ADVANCED_FACE('',(#8457,#8458),#192,.F.);
#9283=ADVANCED_FACE('',(#8459,#8460),#193,.F.);
#9284=ADVANCED_FACE('',(#8461,#8462),#9025,.F.);
#9285=ADVANCED_FACE('',(#8463),#9026,.T.);
#9286=ADVANCED_FACE('',(#8464,#8465),#194,.F.);
#9287=ADVANCED_FACE('',(#8466,#8467),#195,.F.);
#9288=ADVANCED_FACE('',(#8468,#8469),#9027,.F.);
#9289=ADVANCED_FACE('',(#8470),#9028,.T.);
#9290=ADVANCED_FACE('',(#8471,#8472),#196,.F.);
#9291=ADVANCED_FACE('',(#8473,#8474),#197,.F.);
#9292=ADVANCED_FACE('',(#8475,#8476),#9029,.F.);
#9293=ADVANCED_FACE('',(#8477),#9030,.T.);
#9294=ADVANCED_FACE('',(#8478,#8479),#198,.F.);
#9295=ADVANCED_FACE('',(#8480),#9031,.F.);
#9296=ADVANCED_FACE('',(#8481),#9032,.F.);
#9297=ADVANCED_FACE('',(#8482),#9033,.T.);
#9298=ADVANCED_FACE('',(#8483),#9034,.F.);
#9299=ADVANCED_FACE('',(#8484),#9035,.F.);
#9300=ADVANCED_FACE('',(#8485),#9036,.T.);
#9301=ADVANCED_FACE('',(#8486),#9037,.T.);
#9302=ADVANCED_FACE('',(#8487),#9038,.F.);
#9303=ADVANCED_FACE('',(#8488),#9039,.F.);
#9304=ADVANCED_FACE('',(#8489),#9040,.T.);
#9305=ADVANCED_FACE('',(#8490),#9041,.T.);
#9306=ADVANCED_FACE('',(#8491),#199,.T.);
#9307=ADVANCED_FACE('',(#8492),#200,.T.);
#9308=ADVANCED_FACE('',(#8493),#201,.T.);
#9309=ADVANCED_FACE('',(#8494),#202,.T.);
#9310=ADVANCED_FACE('',(#8495),#14,.T.);
#9311=ADVANCED_FACE('',(#8496),#15,.T.);
#9312=ADVANCED_FACE('',(#8497),#16,.T.);
#9313=ADVANCED_FACE('',(#8498),#17,.T.);
#9314=ADVANCED_FACE('',(#8499),#18,.T.);
#9315=ADVANCED_FACE('',(#8500),#19,.T.);
#9316=ADVANCED_FACE('',(#8501),#20,.T.);
#9317=ADVANCED_FACE('',(#8502),#9042,.T.);
#9318=ADVANCED_FACE('',(#8503),#9043,.T.);
#9319=ADVANCED_FACE('',(#8504),#9044,.T.);
#9320=ADVANCED_FACE('',(#8505),#9045,.T.);
#9321=ADVANCED_FACE('',(#8506),#9046,.T.);
#9322=ADVANCED_FACE('',(#8507),#9047,.T.);
#9323=ADVANCED_FACE('',(#8508),#9048,.T.);
#9324=ADVANCED_FACE('',(#8509),#9049,.T.);
#9325=ADVANCED_FACE('',(#8510),#9050,.T.);
#9326=ADVANCED_FACE('',(#8511),#9051,.T.);
#9327=ADVANCED_FACE('',(#8512),#21,.T.);
#9328=ADVANCED_FACE('',(#8513),#22,.T.);
#9329=ADVANCED_FACE('',(#8514),#23,.T.);
#9330=ADVANCED_FACE('',(#8515),#24,.T.);
#9331=ADVANCED_FACE('',(#8516),#25,.T.);
#9332=ADVANCED_FACE('',(#8517),#26,.T.);
#9333=ADVANCED_FACE('',(#8518),#27,.T.);
#9334=ADVANCED_FACE('',(#8519,#8520),#9052,.T.);
#9335=ADVANCED_FACE('',(#8521),#9053,.T.);
#9336=ADVANCED_FACE('',(#8522),#28,.T.);
#9337=ADVANCED_FACE('',(#8523),#29,.T.);
#9338=ADVANCED_FACE('',(#8524),#30,.T.);
#9339=ADVANCED_FACE('',(#8525),#31,.T.);
#9340=ADVANCED_FACE('',(#8526),#32,.T.);
#9341=ADVANCED_FACE('',(#8527),#9054,.T.);
#9342=ADVANCED_FACE('',(#8528),#9055,.T.);
#9343=ADVANCED_FACE('',(#8529),#9056,.T.);
#9344=ADVANCED_FACE('',(#8530),#9057,.T.);
#9345=ADVANCED_FACE('',(#8531),#9058,.T.);
#9346=ADVANCED_FACE('',(#8532),#33,.T.);
#9347=ADVANCED_FACE('',(#8533),#34,.T.);
#9348=ADVANCED_FACE('',(#8534),#203,.T.);
#9349=ADVANCED_FACE('',(#8535),#204,.T.);
#9350=ADVANCED_FACE('',(#8536),#9059,.T.);
#9351=ADVANCED_FACE('',(#8537),#35,.T.);
#9352=ADVANCED_FACE('',(#8538),#36,.T.);
#9353=ADVANCED_FACE('',(#8539),#37,.T.);
#9354=ADVANCED_FACE('',(#8540),#9060,.T.);
#9355=ADVANCED_FACE('',(#8541),#9061,.T.);
#9356=ADVANCED_FACE('',(#8542),#38,.T.);
#9357=ADVANCED_FACE('',(#8543),#39,.T.);
#9358=ADVANCED_FACE('',(#8544),#40,.T.);
#9359=ADVANCED_FACE('',(#8545),#41,.T.);
#9360=ADVANCED_FACE('',(#8546),#42,.T.);
#9361=ADVANCED_FACE('',(#8547),#9062,.T.);
#9362=ADVANCED_FACE('',(#8548),#43,.T.);
#9363=ADVANCED_FACE('',(#8549,#8550),#9063,.T.);
#9364=ADVANCED_FACE('',(#8551),#9064,.T.);
#9365=ADVANCED_FACE('',(#8552),#44,.T.);
#9366=ADVANCED_FACE('',(#8553),#45,.T.);
#9367=ADVANCED_FACE('',(#8554),#46,.T.);
#9368=ADVANCED_FACE('',(#8555),#47,.T.);
#9369=ADVANCED_FACE('',(#8556),#48,.T.);
#9370=ADVANCED_FACE('',(#8557),#49,.T.);
#9371=ADVANCED_FACE('',(#8558),#50,.T.);
#9372=ADVANCED_FACE('',(#8559),#9065,.T.);
#9373=ADVANCED_FACE('',(#8560),#205,.T.);
#9374=ADVANCED_FACE('',(#8561),#51,.T.);
#9375=ADVANCED_FACE('',(#8562),#52,.T.);
#9376=ADVANCED_FACE('',(#8563),#53,.T.);
#9377=ADVANCED_FACE('',(#8564),#54,.T.);
#9378=ADVANCED_FACE('',(#8565),#206,.T.);
#9379=ADVANCED_FACE('',(#8566),#55,.T.);
#9380=ADVANCED_FACE('',(#8567),#9066,.T.);
#9381=ADVANCED_FACE('',(#8568),#9067,.T.);
#9382=ADVANCED_FACE('',(#8569),#9068,.T.);
#9383=ADVANCED_FACE('',(#8570),#9069,.T.);
#9384=ADVANCED_FACE('',(#8571),#9070,.T.);
#9385=ADVANCED_FACE('',(#8572),#9071,.T.);
#9386=ADVANCED_FACE('',(#8573),#207,.T.);
#9387=ADVANCED_FACE('',(#8574),#9072,.T.);
#9388=ADVANCED_FACE('',(#8575),#208,.T.);
#9389=ADVANCED_FACE('',(#8576),#56,.T.);
#9390=ADVANCED_FACE('',(#8577,#8578),#9073,.T.);
#9391=ADVANCED_FACE('',(#8579),#9074,.T.);
#9392=ADVANCED_FACE('',(#8580),#209,.T.);
#9393=ADVANCED_FACE('',(#8581),#9075,.T.);
#9394=ADVANCED_FACE('',(#8582),#210,.T.);
#9395=ADVANCED_FACE('',(#8583),#9076,.T.);
#9396=ADVANCED_FACE('',(#8584),#9077,.T.);
#9397=ADVANCED_FACE('',(#8585),#9078,.T.);
#9398=ADVANCED_FACE('',(#8586),#9079,.T.);
#9399=ADVANCED_FACE('',(#8587),#9080,.T.);
#9400=ADVANCED_FACE('',(#8588),#9081,.T.);
#9401=ADVANCED_FACE('',(#8589),#9082,.T.);
#9402=ADVANCED_FACE('',(#8590),#9083,.T.);
#9403=ADVANCED_FACE('',(#8591),#9084,.T.);
#9404=ADVANCED_FACE('',(#8592),#9085,.T.);
#9405=ADVANCED_FACE('',(#8593),#9086,.T.);
#9406=ADVANCED_FACE('',(#8594),#9087,.T.);
#9407=ADVANCED_FACE('',(#8595),#9088,.T.);
#9408=ADVANCED_FACE('',(#8596),#57,.T.);
#9409=ADVANCED_FACE('',(#8597),#58,.T.);
#9410=ADVANCED_FACE('',(#8598),#9089,.T.);
#9411=ADVANCED_FACE('',(#8599),#211,.F.);
#9412=ADVANCED_FACE('',(#8600),#59,.T.);
#9413=ADVANCED_FACE('',(#8601),#60,.T.);
#9414=ADVANCED_FACE('',(#8602),#61,.T.);
#9415=ADVANCED_FACE('',(#8603),#212,.F.);
#9416=ADVANCED_FACE('',(#8604),#213,.F.);
#9417=ADVANCED_FACE('',(#8605),#9090,.T.);
#9418=ADVANCED_FACE('',(#8606),#214,.T.);
#9419=ADVANCED_FACE('',(#8607),#215,.T.);
#9420=ADVANCED_FACE('',(#8608),#62,.T.);
#9421=ADVANCED_FACE('',(#8609),#63,.T.);
#9422=ADVANCED_FACE('',(#8610),#64,.T.);
#9423=ADVANCED_FACE('',(#8611),#9091,.T.);
#9424=ADVANCED_FACE('',(#8612),#65,.T.);
#9425=ADVANCED_FACE('',(#8613),#66,.T.);
#9426=ADVANCED_FACE('',(#8614),#67,.T.);
#9427=ADVANCED_FACE('',(#8615),#68,.T.);
#9428=ADVANCED_FACE('',(#8616),#69,.T.);
#9429=ADVANCED_FACE('',(#8617),#9092,.T.);
#9430=ADVANCED_FACE('',(#8618),#9093,.T.);
#9431=ADVANCED_FACE('',(#8619),#9094,.T.);
#9432=ADVANCED_FACE('',(#8620),#9095,.T.);
#9433=ADVANCED_FACE('',(#8621),#9096,.T.);
#9434=ADVANCED_FACE('',(#8622),#70,.T.);
#9435=ADVANCED_FACE('',(#8623),#71,.T.);
#9436=ADVANCED_FACE('',(#8624),#216,.T.);
#9437=ADVANCED_FACE('',(#8625),#217,.T.);
#9438=ADVANCED_FACE('',(#8626),#9097,.T.);
#9439=ADVANCED_FACE('',(#8627),#72,.T.);
#9440=ADVANCED_FACE('',(#8628),#73,.T.);
#9441=ADVANCED_FACE('',(#8629),#74,.T.);
#9442=ADVANCED_FACE('',(#8630),#9098,.T.);
#9443=ADVANCED_FACE('',(#8631),#9099,.T.);
#9444=ADVANCED_FACE('',(#8632),#75,.T.);
#9445=ADVANCED_FACE('',(#8633),#76,.T.);
#9446=ADVANCED_FACE('',(#8634),#77,.T.);
#9447=ADVANCED_FACE('',(#8635),#78,.T.);
#9448=ADVANCED_FACE('',(#8636),#79,.T.);
#9449=ADVANCED_FACE('',(#8637),#9100,.T.);
#9450=ADVANCED_FACE('',(#8638),#80,.T.);
#9451=ADVANCED_FACE('',(#8639,#8640),#9101,.T.);
#9452=ADVANCED_FACE('',(#8641),#9102,.T.);
#9453=ADVANCED_FACE('',(#8642),#9103,.T.);
#9454=ADVANCED_FACE('',(#8643),#9104,.T.);
#9455=ADVANCED_FACE('',(#8644),#9105,.T.);
#9456=ADVANCED_FACE('',(#8645),#9106,.T.);
#9457=ADVANCED_FACE('',(#8646),#9107,.T.);
#9458=ADVANCED_FACE('',(#8647),#9108,.T.);
#9459=ADVANCED_FACE('',(#8648),#9109,.T.);
#9460=ADVANCED_FACE('',(#8649),#9110,.T.);
#9461=ADVANCED_FACE('',(#8650),#9111,.T.);
#9462=ADVANCED_FACE('',(#8651),#9112,.T.);
#9463=ADVANCED_FACE('',(#8652),#9113,.T.);
#9464=ADVANCED_FACE('',(#8653),#9114,.T.);
#9465=ADVANCED_FACE('',(#8654),#9115,.T.);
#9466=ADVANCED_FACE('',(#8655),#81,.T.);
#9467=ADVANCED_FACE('',(#8656),#82,.T.);
#9468=ADVANCED_FACE('',(#8657),#83,.T.);
#9469=ADVANCED_FACE('',(#8658),#84,.T.);
#9470=ADVANCED_FACE('',(#8659),#85,.T.);
#9471=ADVANCED_FACE('',(#8660),#218,.F.);
#9472=ADVANCED_FACE('',(#8661),#86,.T.);
#9473=ADVANCED_FACE('',(#8662),#87,.T.);
#9474=ADVANCED_FACE('',(#8663),#9116,.T.);
#9475=ADVANCED_FACE('',(#8664),#88,.T.);
#9476=ADVANCED_FACE('',(#8665),#89,.T.);
#9477=ADVANCED_FACE('',(#8666),#90,.T.);
#9478=ADVANCED_FACE('',(#8667),#91,.T.);
#9479=ADVANCED_FACE('',(#8668),#9117,.T.);
#9480=ADVANCED_FACE('',(#8669),#9118,.T.);
#9481=ADVANCED_FACE('',(#8670),#219,.T.);
#9482=ADVANCED_FACE('',(#8671),#92,.T.);
#9483=ADVANCED_FACE('',(#8672),#93,.T.);
#9484=ADVANCED_FACE('',(#8673),#220,.T.);
#9485=ADVANCED_FACE('',(#8674),#221,.T.);
#9486=ADVANCED_FACE('',(#8675),#94,.T.);
#9487=ADVANCED_FACE('',(#8676),#222,.T.);
#9488=ADVANCED_FACE('',(#8677),#223,.T.);
#9489=ADVANCED_FACE('',(#8678),#224,.T.);
#9490=ADVANCED_FACE('',(#8679),#95,.T.);
#9491=ADVANCED_FACE('',(#8680),#225,.T.);
#9492=ADVANCED_FACE('',(#8681),#96,.T.);
#9493=ADVANCED_FACE('',(#8682),#97,.T.);
#9494=ADVANCED_FACE('',(#8683),#98,.T.);
#9495=ADVANCED_FACE('',(#8684),#99,.T.);
#9496=ADVANCED_FACE('',(#8685),#100,.T.);
#9497=ADVANCED_FACE('',(#8686),#101,.T.);
#9498=ADVANCED_FACE('',(#8687),#9119,.T.);
#9499=ADVANCED_FACE('',(#8688),#102,.T.);
#9500=ADVANCED_FACE('',(#8689),#226,.F.);
#9501=ADVANCED_FACE('',(#8690),#103,.T.);
#9502=ADVANCED_FACE('',(#8691),#227,.T.);
#9503=ADVANCED_FACE('',(#8692),#104,.T.);
#9504=ADVANCED_FACE('',(#8693),#105,.T.);
#9505=ADVANCED_FACE('',(#8694),#228,.T.);
#9506=ADVANCED_FACE('',(#8695),#229,.T.);
#9507=ADVANCED_FACE('',(#8696),#106,.T.);
#9508=ADVANCED_FACE('',(#8697),#9120,.T.);
#9509=ADVANCED_FACE('',(#8698),#107,.T.);
#9510=ADVANCED_FACE('',(#8699,#8700,#8701),#9121,.T.);
#9511=ADVANCED_FACE('',(#8702),#9122,.T.);
#9512=ADVANCED_FACE('',(#8703),#9123,.T.);
#9513=ADVANCED_FACE('',(#8704),#9124,.T.);
#9514=ADVANCED_FACE('',(#8705),#9125,.T.);
#9515=ADVANCED_FACE('',(#8706),#9126,.T.);
#9516=ADVANCED_FACE('',(#8707),#108,.T.);
#9517=ADVANCED_FACE('',(#8708),#109,.T.);
#9518=ADVANCED_FACE('',(#8709),#230,.T.);
#9519=ADVANCED_FACE('',(#8710),#231,.T.);
#9520=ADVANCED_FACE('',(#8711),#9127,.T.);
#9521=ADVANCED_FACE('',(#8712),#9128,.T.);
#9522=ADVANCED_FACE('',(#8713),#9129,.T.);
#9523=ADVANCED_FACE('',(#8714),#9130,.T.);
#9524=ADVANCED_FACE('',(#8715),#9131,.T.);
#9525=ADVANCED_FACE('',(#8716),#9132,.T.);
#9526=ADVANCED_FACE('',(#8717),#110,.T.);
#9527=ADVANCED_FACE('',(#8718),#111,.T.);
#9528=ADVANCED_FACE('',(#8719),#112,.T.);
#9529=ADVANCED_FACE('',(#8720),#113,.T.);
#9530=ADVANCED_FACE('',(#8721),#9133,.T.);
#9531=ADVANCED_FACE('',(#8722),#114,.T.);
#9532=ADVANCED_FACE('',(#8723),#115,.T.);
#9533=ADVANCED_FACE('',(#8724),#232,.T.);
#9534=ADVANCED_FACE('',(#8725),#233,.T.);
#9535=ADVANCED_FACE('',(#8726),#116,.T.);
#9536=ADVANCED_FACE('',(#8727),#117,.T.);
#9537=ADVANCED_FACE('',(#8728),#234,.T.);
#9538=ADVANCED_FACE('',(#8729),#235,.T.);
#9539=ADVANCED_FACE('',(#8730),#9134,.T.);
#9540=ADVANCED_FACE('',(#8731),#9135,.T.);
#9541=ADVANCED_FACE('',(#8732),#9136,.T.);
#9542=ADVANCED_FACE('',(#8733),#9137,.T.);
#9543=ADVANCED_FACE('',(#8734),#9138,.T.);
#9544=ADVANCED_FACE('',(#8735),#9139,.T.);
#9545=ADVANCED_FACE('',(#8736),#9140,.T.);
#9546=ADVANCED_FACE('',(#8737),#9141,.T.);
#9547=ADVANCED_FACE('',(#8738),#9142,.T.);
#9548=ADVANCED_FACE('',(#8739),#9143,.T.);
#9549=ADVANCED_FACE('',(#8740),#9144,.T.);
#9550=ADVANCED_FACE('',(#8741),#9145,.T.);
#9551=ADVANCED_FACE('',(#8742),#9146,.T.);
#9552=ADVANCED_FACE('',(#8743),#9147,.T.);
#9553=ADVANCED_FACE('',(#8744),#9148,.T.);
#9554=ADVANCED_FACE('',(#8745),#9149,.T.);
#9555=ADVANCED_FACE('',(#8746),#9150,.T.);
#9556=ADVANCED_FACE('',(#8747),#118,.T.);
#9557=ADVANCED_FACE('',(#8748),#119,.T.);
#9558=ADVANCED_FACE('',(#8749),#120,.T.);
#9559=ADVANCED_FACE('',(#8750),#121,.T.);
#9560=ADVANCED_FACE('',(#8751),#122,.T.);
#9561=ADVANCED_FACE('',(#8752),#9151,.T.);
#9562=ADVANCED_FACE('',(#8753),#9152,.T.);
#9563=ADVANCED_FACE('',(#8754),#9153,.T.);
#9564=ADVANCED_FACE('',(#8755),#9154,.T.);
#9565=ADVANCED_FACE('',(#8756),#9155,.T.);
#9566=ADVANCED_FACE('',(#8757),#123,.T.);
#9567=ADVANCED_FACE('',(#8758),#124,.T.);
#9568=ADVANCED_FACE('',(#8759),#236,.T.);
#9569=ADVANCED_FACE('',(#8760),#237,.T.);
#9570=ADVANCED_FACE('',(#8761),#9156,.T.);
#9571=ADVANCED_FACE('',(#8762),#125,.T.);
#9572=ADVANCED_FACE('',(#8763),#126,.T.);
#9573=ADVANCED_FACE('',(#8764),#127,.T.);
#9574=ADVANCED_FACE('',(#8765),#9157,.T.);
#9575=ADVANCED_FACE('',(#8766),#9158,.T.);
#9576=ADVANCED_FACE('',(#8767),#128,.T.);
#9577=ADVANCED_FACE('',(#8768),#129,.T.);
#9578=ADVANCED_FACE('',(#8769),#130,.T.);
#9579=ADVANCED_FACE('',(#8770),#131,.T.);
#9580=ADVANCED_FACE('',(#8771),#132,.T.);
#9581=ADVANCED_FACE('',(#8772),#9159,.T.);
#9582=ADVANCED_FACE('',(#8773),#133,.T.);
#9583=ADVANCED_FACE('',(#8774,#8775),#9160,.T.);
#9584=ADVANCED_FACE('',(#8776),#9161,.T.);
#9585=ADVANCED_FACE('',(#8777),#9162,.T.);
#9586=ADVANCED_FACE('',(#8778),#9163,.T.);
#9587=ADVANCED_FACE('',(#8779),#9164,.T.);
#9588=ADVANCED_FACE('',(#8780),#134,.T.);
#9589=ADVANCED_FACE('',(#8781),#135,.T.);
#9590=ADVANCED_FACE('',(#8782),#238,.T.);
#9591=ADVANCED_FACE('',(#8783),#239,.T.);
#9592=ADVANCED_FACE('',(#8784),#9165,.T.);
#9593=ADVANCED_FACE('',(#8785),#136,.T.);
#9594=ADVANCED_FACE('',(#8786),#240,.T.);
#9595=ADVANCED_FACE('',(#8787),#241,.T.);
#9596=ADVANCED_FACE('',(#8788),#9166,.T.);
#9597=ADVANCED_FACE('',(#8789),#9167,.T.);
#9598=ADVANCED_FACE('',(#8790),#9168,.T.);
#9599=ADVANCED_FACE('',(#8791),#9169,.T.);
#9600=ADVANCED_FACE('',(#8792),#9170,.T.);
#9601=ADVANCED_FACE('',(#8793),#9171,.T.);
#9602=ADVANCED_FACE('',(#8794),#137,.T.);
#9603=ADVANCED_FACE('',(#8795),#138,.T.);
#9604=ADVANCED_FACE('',(#8796),#139,.T.);
#9605=ADVANCED_FACE('',(#8797),#140,.T.);
#9606=ADVANCED_FACE('',(#8798),#9172,.T.);
#9607=ADVANCED_FACE('',(#8799),#9173,.T.);
#9608=ADVANCED_FACE('',(#8800),#9174,.T.);
#9609=ADVANCED_FACE('',(#8801),#141,.T.);
#9610=ADVANCED_FACE('',(#8802),#142,.T.);
#9611=ADVANCED_FACE('',(#8803),#143,.T.);
#9612=ADVANCED_FACE('',(#8804),#144,.T.);
#9613=ADVANCED_FACE('',(#8805),#9175,.T.);
#9614=ADVANCED_FACE('',(#8806),#9176,.T.);
#9615=ADVANCED_FACE('',(#8807),#9177,.T.);
#9616=ADVANCED_FACE('',(#8808),#9178,.T.);
#9617=ADVANCED_FACE('',(#8809),#242,.T.);
#9618=ADVANCED_FACE('',(#8810),#9179,.T.);
#9619=ADVANCED_FACE('',(#8811),#9180,.T.);
#9620=ADVANCED_FACE('',(#8812),#9181,.T.);
#9621=ADVANCED_FACE('',(#8813),#9182,.T.);
#9622=ADVANCED_FACE('',(#8814),#9183,.T.);
#9623=ADVANCED_FACE('',(#8815),#9184,.T.);
#9624=ADVANCED_FACE('',(#8816),#9185,.T.);
#9625=ADVANCED_FACE('',(#8817),#9186,.T.);
#9626=ADVANCED_FACE('',(#8818),#243,.T.);
#9627=ADVANCED_FACE('',(#8819,#8820),#9187,.T.);
#9628=ADVANCED_FACE('',(#8821),#9188,.T.);
#9629=ADVANCED_FACE('',(#8822),#145,.T.);
#9630=ADVANCED_FACE('',(#8823),#146,.T.);
#9631=ADVANCED_FACE('',(#8824),#147,.T.);
#9632=ADVANCED_FACE('',(#8825),#148,.T.);
#9633=ADVANCED_FACE('',(#8826),#244,.F.);
#9634=ADVANCED_FACE('',(#8827),#245,.F.);
#9635=ADVANCED_FACE('',(#8828),#149,.T.);
#9636=ADVANCED_FACE('',(#8829),#150,.T.);
#9637=ADVANCED_FACE('',(#8830),#151,.T.);
#9638=ADVANCED_FACE('',(#8831),#9189,.T.);
#9639=ADVANCED_FACE('',(#8832),#246,.T.);
#9640=ADVANCED_FACE('',(#8833),#152,.T.);
#9641=ADVANCED_FACE('',(#8834),#247,.T.);
#9642=ADVANCED_FACE('',(#8835),#248,.T.);
#9643=ADVANCED_FACE('',(#8836),#249,.T.);
#9644=ADVANCED_FACE('',(#8837),#153,.T.);
#9645=ADVANCED_FACE('',(#8838),#154,.T.);
#9646=ADVANCED_FACE('',(#8839),#155,.T.);
#9647=ADVANCED_FACE('',(#8840),#156,.T.);
#9648=ADVANCED_FACE('',(#8841),#157,.T.);
#9649=ADVANCED_FACE('',(#8842),#250,.F.);
#9650=ADVANCED_FACE('',(#8843),#251,.F.);
#9651=ADVANCED_FACE('',(#8844),#9190,.T.);
#9652=ADVANCED_FACE('',(#8845),#158,.T.);
#9653=ADVANCED_FACE('',(#8846),#159,.T.);
#9654=ADVANCED_FACE('',(#8847),#9191,.T.);
#9655=ADVANCED_FACE('',(#8848),#9192,.T.);
#9656=ADVANCED_FACE('',(#8849),#9193,.T.);
#9657=ADVANCED_FACE('',(#8850),#9194,.T.);
#9658=ADVANCED_FACE('',(#8851),#9195,.T.);
#9659=ADVANCED_FACE('',(#8852),#9196,.T.);
#9660=ADVANCED_FACE('',(#8853),#9197,.T.);
#9661=ADVANCED_FACE('',(#8854),#9198,.T.);
#9662=ADVANCED_FACE('',(#8855),#9199,.T.);
#9663=ADVANCED_FACE('',(#8856),#160,.T.);
#9664=ADVANCED_FACE('',(#8857),#252,.F.);
#9665=ADVANCED_FACE('',(#8858),#9200,.T.);
#9666=ADVANCED_FACE('',(#8859),#253,.T.);
#9667=ADVANCED_FACE('',(#8860),#161,.T.);
#9668=ADVANCED_FACE('',(#8861),#162,.T.);
#9669=ADVANCED_FACE('',(#8862),#9201,.T.);
#9670=ADVANCED_FACE('',(#8863),#9202,.T.);
#9671=ADVANCED_FACE('',(#8864),#254,.T.);
#9672=ADVANCED_FACE('',(#8865),#255,.T.);
#9673=ADVANCED_FACE('',(#8866),#9203,.T.);
#9674=ADVANCED_FACE('',(#8867),#163,.T.);
#9675=ADVANCED_FACE('',(#8868),#9204,.T.);
#9676=ADVANCED_FACE('',(#8869),#9205,.T.);
#9677=ADVANCED_FACE('',(#8870),#9206,.T.);
#9678=ADVANCED_FACE('',(#8871),#9207,.T.);
#9679=ADVANCED_FACE('',(#8872),#9208,.T.);
#9680=ADVANCED_FACE('',(#8873),#9209,.T.);
#9681=ADVANCED_FACE('',(#8874),#9210,.T.);
#9682=ADVANCED_FACE('',(#8875),#9211,.T.);
#9683=ADVANCED_FACE('',(#8876),#9212,.T.);
#9684=ADVANCED_FACE('',(#8877),#9213,.T.);
#9685=ADVANCED_FACE('',(#8878),#164,.T.);
#9686=ADVANCED_FACE('',(#8879),#256,.F.);
#9687=ADVANCED_FACE('',(#8880),#9214,.T.);
#9688=ADVANCED_FACE('',(#8881),#257,.T.);
#9689=ADVANCED_FACE('',(#8882),#165,.T.);
#9690=ADVANCED_FACE('',(#8883),#166,.T.);
#9691=ADVANCED_FACE('',(#8884),#9215,.T.);
#9692=ADVANCED_FACE('',(#8885),#9216,.T.);
#9693=ADVANCED_FACE('',(#8886),#258,.T.);
#9694=ADVANCED_FACE('',(#8887),#259,.T.);
#9695=ADVANCED_FACE('',(#8888),#9217,.T.);
#9696=ADVANCED_FACE('',(#8889),#167,.T.);
#9697=ADVANCED_FACE('',(#8890),#9218,.T.);
#9698=ADVANCED_FACE('',(#8891),#9219,.T.);
#9699=ADVANCED_FACE('',(#8892),#260,.F.);
#9700=ADVANCED_FACE('',(#8893),#168,.T.);
#9701=ADVANCED_FACE('',(#8894),#169,.T.);
#9702=ADVANCED_FACE('',(#8895),#9220,.T.);
#9703=ADVANCED_FACE('',(#8896),#9221,.T.);
#9704=ADVANCED_FACE('',(#8897),#9222,.T.);
#9705=ADVANCED_FACE('',(#8898),#9223,.T.);
#9706=ADVANCED_FACE('',(#8899),#9224,.T.);
#9707=ADVANCED_FACE('',(#8900),#9225,.T.);
#9708=ADVANCED_FACE('',(#8901),#9226,.T.);
#9709=ADVANCED_FACE('',(#8902),#9227,.T.);
#9710=ADVANCED_FACE('',(#8903),#9228,.T.);
#9711=ADVANCED_FACE('',(#8904),#9229,.T.);
#9712=ADVANCED_FACE('',(#8905),#9230,.T.);
#9713=ADVANCED_FACE('',(#8906),#170,.T.);
#9714=ADVANCED_FACE('',(#8907),#261,.T.);
#9715=ADVANCED_FACE('',(#8908),#262,.T.);
#9716=ADVANCED_FACE('',(#8909),#9231,.T.);
#9717=ADVANCED_FACE('',(#8910),#263,.F.);
#9718=ADVANCED_FACE('',(#8911),#9232,.T.);
#9719=ADVANCED_FACE('',(#8912),#171,.T.);
#9720=ADVANCED_FACE('',(#8913),#172,.T.);
#9721=ADVANCED_FACE('',(#8914),#173,.T.);
#9722=ADVANCED_FACE('',(#8915),#174,.T.);
#9723=ADVANCED_FACE('',(#8916),#175,.T.);
#9724=ADVANCED_FACE('',(#8917),#176,.T.);
#9725=ADVANCED_FACE('',(#8918),#177,.T.);
#9726=ADVANCED_FACE('',(#8919),#178,.T.);
#9727=ADVANCED_FACE('',(#8920),#179,.T.);
#9728=ADVANCED_FACE('',(#8921),#9233,.T.);
#9729=ADVANCED_FACE('',(#8922),#264,.T.);
#9730=ADVANCED_FACE('',(#8923),#180,.T.);
#9731=ADVANCED_FACE('',(#8924),#181,.T.);
#9732=ADVANCED_FACE('',(#8925),#182,.T.);
#9733=ADVANCED_FACE('',(#8926),#183,.T.);
#9734=ADVANCED_FACE('',(#8927),#184,.T.);
#9735=ADVANCED_FACE('',(#8928),#185,.T.);
#9736=ADVANCED_FACE('',(#8929),#186,.T.);
#9737=ADVANCED_FACE('',(#8930),#187,.T.);
#9738=ADVANCED_FACE('',(#8931),#188,.T.);
#9739=ADVANCED_FACE('',(#8932),#265,.F.);
#9740=ADVANCED_FACE('',(#8933),#266,.F.);
#9741=ADVANCED_FACE('',(#8934),#9234,.T.);
#9742=ADVANCED_FACE('',(#8935),#189,.T.);
#9743=ADVANCED_FACE('',(#8936),#190,.T.);
#9744=ADVANCED_FACE('',(#8937),#9235,.T.);
#9745=ADVANCED_FACE('',(#8938),#9236,.T.);
#9746=ADVANCED_FACE('',(#8939),#9237,.F.);
#9747=ADVANCED_FACE('',(#8940),#9238,.F.);
#9748=ADVANCED_FACE('',(#8941),#9239,.T.);
#9749=ADVANCED_FACE('',(#8942),#9240,.F.);
#9750=ADVANCED_FACE('',(#8943),#9241,.F.);
#9751=ADVANCED_FACE('',(#8944),#9242,.T.);
#9752=ADVANCED_FACE('',(#8945),#9243,.F.);
#9753=ADVANCED_FACE('',(#8946),#9244,.F.);
#9754=ADVANCED_FACE('',(#8947),#9245,.T.);
#9755=ADVANCED_FACE('',(#8948),#9246,.F.);
#9756=ADVANCED_FACE('',(#8949),#9247,.F.);
#9757=ADVANCED_FACE('',(#8950),#9248,.T.);
#9758=ADVANCED_FACE('',(#8951),#9249,.F.);
#9759=ADVANCED_FACE('',(#8952),#9250,.F.);
#9760=ADVANCED_FACE('',(#8953),#9251,.T.);
#9761=ADVANCED_FACE('',(#8954),#9252,.F.);
#9762=ADVANCED_FACE('',(#8955),#9253,.F.);
#9763=ADVANCED_FACE('',(#8956),#9254,.T.);
#9764=ADVANCED_FACE('',(#8957),#9255,.F.);
#9765=ADVANCED_FACE('',(#8958),#9256,.F.);
#9766=ADVANCED_FACE('',(#8959),#9257,.T.);
#9767=ADVANCED_FACE('',(#8960),#267,.T.);
#9768=ADVANCED_FACE('',(#8961),#9258,.F.);
#9769=ADVANCED_FACE('',(#8962),#268,.T.);
#9770=ADVANCED_FACE('',(#8963),#9259,.F.);
#9771=ADVANCED_FACE('',(#8964),#269,.T.);
#9772=ADVANCED_FACE('',(#8965),#9260,.T.);
#9773=ADVANCED_FACE('',(#8966,#8967),#270,.F.);
#9774=ADVANCED_FACE('',(#8968,#8969),#271,.F.);
#9775=ADVANCED_FACE('',(#8970),#9261,.T.);
#9776=ADVANCED_FACE('',(#8971),#9262,.T.);
#9777=ADVANCED_FACE('',(#8972),#9263,.T.);
#9778=ADVANCED_FACE('',(#8973),#9264,.T.);
#9779=ADVANCED_FACE('',(#8974),#9265,.T.);
#9780=ADVANCED_FACE('',(#8975),#9266,.T.);
#9781=ADVANCED_FACE('',(#8976),#9267,.T.);
#9782=ADVANCED_FACE('',(#8977),#272,.T.);
#9783=ADVANCED_FACE('',(#8978,#8979),#273,.F.);
#9784=ADVANCED_FACE('',(#8980,#8981),#274,.F.);
#9785=ADVANCED_FACE('',(#8982,#8983,#8984,#8985,#8986,#8987,#8988,#8989,
#8990,#8991,#8992,#8993),#9268,.T.);
#9786=ADVANCED_FACE('',(#8994,#8995,#8996,#8997,#8998,#8999,#9000,#9001,
#9002,#9003,#9004,#9005),#9269,.F.);
#9787=ADVANCED_FACE('',(#9006),#10,.T.);
#9788=ADVANCED_FACE('',(#9007),#275,.T.);
#9789=ADVANCED_FACE('',(#9008),#276,.T.);
#9790=ADVANCED_FACE('',(#9009),#11,.T.);
#9791=ADVANCED_FACE('',(#9010),#12,.T.);
#9792=ADVANCED_FACE('',(#9011),#277,.T.);
#9793=ADVANCED_FACE('',(#9012),#278,.T.);
#9794=ADVANCED_FACE('',(#9013),#13,.T.);
#9795=CLOSED_SHELL('',(#9270,#9271,#9272,#9273,#9274,#9275));
#9796=CLOSED_SHELL('',(#9276,#9277,#9278,#9279,#9280,#9281,#9282,#9283,
#9284,#9285,#9286,#9287,#9288,#9289,#9290,#9291,#9292,#9293,#9294,#9295,
#9296,#9297,#9298,#9299,#9300,#9301,#9302,#9303,#9304,#9305,#9306,#9307,
#9308,#9309,#9310,#9311,#9312,#9313,#9314,#9315,#9316,#9317,#9318,#9319,
#9320,#9321,#9322,#9323,#9324,#9325,#9326,#9327,#9328,#9329,#9330,#9331,
#9332,#9333,#9334,#9335,#9336,#9337,#9338,#9339,#9340,#9341,#9342,#9343,
#9344,#9345,#9346,#9347,#9348,#9349,#9350,#9351,#9352,#9353,#9354,#9355,
#9356,#9357,#9358,#9359,#9360,#9361,#9362,#9363,#9364,#9365,#9366,#9367,
#9368,#9369,#9370,#9371,#9372,#9373,#9374,#9375,#9376,#9377,#9378,#9379,
#9380,#9381,#9382,#9383,#9384,#9385,#9386,#9387,#9388,#9389,#9390,#9391,
#9392,#9393,#9394,#9395,#9396,#9397,#9398,#9399,#9400,#9401,#9402,#9403,
#9404,#9405,#9406,#9407,#9408,#9409,#9410,#9411,#9412,#9413,#9414,#9415,
#9416,#9417,#9418,#9419,#9420,#9421,#9422,#9423,#9424,#9425,#9426,#9427,
#9428,#9429,#9430,#9431,#9432,#9433,#9434,#9435,#9436,#9437,#9438,#9439,
#9440,#9441,#9442,#9443,#9444,#9445,#9446,#9447,#9448,#9449,#9450,#9451,
#9452,#9453,#9454,#9455,#9456,#9457,#9458,#9459,#9460,#9461,#9462,#9463,
#9464,#9465,#9466,#9467,#9468,#9469,#9470,#9471,#9472,#9473,#9474,#9475,
#9476,#9477,#9478,#9479,#9480,#9481,#9482,#9483,#9484,#9485,#9486,#9487,
#9488,#9489,#9490,#9491,#9492,#9493,#9494,#9495,#9496,#9497,#9498,#9499,
#9500,#9501,#9502,#9503,#9504,#9505,#9506,#9507,#9508,#9509,#9510,#9511,
#9512,#9513,#9514,#9515,#9516,#9517,#9518,#9519,#9520,#9521,#9522,#9523,
#9524,#9525,#9526,#9527,#9528,#9529,#9530,#9531,#9532,#9533,#9534,#9535,
#9536,#9537,#9538,#9539,#9540,#9541,#9542,#9543,#9544,#9545,#9546,#9547,
#9548,#9549,#9550,#9551,#9552,#9553,#9554,#9555,#9556,#9557,#9558,#9559,
#9560,#9561,#9562,#9563,#9564,#9565,#9566,#9567,#9568,#9569,#9570,#9571,
#9572,#9573,#9574,#9575,#9576,#9577,#9578,#9579,#9580,#9581,#9582,#9583,
#9584,#9585,#9586,#9587,#9588,#9589,#9590,#9591,#9592,#9593,#9594,#9595,
#9596,#9597,#9598,#9599,#9600,#9601,#9602,#9603,#9604,#9605,#9606,#9607,
#9608,#9609,#9610,#9611,#9612,#9613,#9614,#9615,#9616,#9617,#9618,#9619,
#9620,#9621,#9622,#9623,#9624,#9625,#9626,#9627,#9628,#9629,#9630,#9631,
#9632,#9633,#9634,#9635,#9636,#9637,#9638,#9639,#9640,#9641,#9642,#9643,
#9644,#9645,#9646,#9647,#9648,#9649,#9650,#9651,#9652,#9653,#9654,#9655,
#9656,#9657,#9658,#9659,#9660,#9661,#9662,#9663,#9664,#9665,#9666,#9667,
#9668,#9669,#9670,#9671,#9672,#9673,#9674,#9675,#9676,#9677,#9678,#9679,
#9680,#9681,#9682,#9683,#9684,#9685,#9686,#9687,#9688,#9689,#9690,#9691,
#9692,#9693,#9694,#9695,#9696,#9697,#9698,#9699,#9700,#9701,#9702,#9703,
#9704,#9705,#9706,#9707,#9708,#9709,#9710,#9711,#9712,#9713,#9714,#9715,
#9716,#9717,#9718,#9719,#9720,#9721,#9722,#9723,#9724,#9725,#9726,#9727,
#9728,#9729,#9730,#9731,#9732,#9733,#9734,#9735,#9736,#9737,#9738,#9739,
#9740,#9741,#9742,#9743,#9744));
#9797=CLOSED_SHELL('',(#9745,#9746,#9747,#9748,#9749,#9750,#9751,#9752,
#9753,#9754,#9755,#9756,#9757,#9758,#9759,#9760,#9761,#9762,#9763,#9764,
#9765,#9766,#9767,#9768,#9769,#9770,#9771,#9772,#9773,#9774,#9775,#9776,
#9777,#9778,#9779,#9780,#9781,#9782,#9783,#9784,#9785,#9786,#9787,#9788,
#9789,#9790,#9791,#9792,#9793,#9794));
#9798=STYLED_ITEM('',(#9801),#9822);
#9799=STYLED_ITEM('',(#9802),#9823);
#9800=STYLED_ITEM('',(#9803),#9824);
#9801=PRESENTATION_STYLE_ASSIGNMENT((#9804));
#9802=PRESENTATION_STYLE_ASSIGNMENT((#9805));
#9803=PRESENTATION_STYLE_ASSIGNMENT((#9806));
#9804=SURFACE_STYLE_USAGE(.BOTH.,#9807);
#9805=SURFACE_STYLE_USAGE(.BOTH.,#9808);
#9806=SURFACE_STYLE_USAGE(.BOTH.,#9809);
#9807=SURFACE_SIDE_STYLE('',(#9810));
#9808=SURFACE_SIDE_STYLE('',(#9811));
#9809=SURFACE_SIDE_STYLE('',(#9812));
#9810=SURFACE_STYLE_FILL_AREA(#9813);
#9811=SURFACE_STYLE_FILL_AREA(#9814);
#9812=SURFACE_STYLE_FILL_AREA(#9815);
#9813=FILL_AREA_STYLE('',(#9816));
#9814=FILL_AREA_STYLE('',(#9817));
#9815=FILL_AREA_STYLE('',(#9818));
#9816=FILL_AREA_STYLE_COLOUR('',#9819);
#9817=FILL_AREA_STYLE_COLOUR('',#9820);
#9818=FILL_AREA_STYLE_COLOUR('',#9821);
#9819=COLOUR_RGB('',0.768627450980392,0.886274509803922,0.952941176470588);
#9820=COLOUR_RGB('',0.615686274509804,0.811764705882353,0.929411764705882);
#9821=COLOUR_RGB('',0.647058823529412,0.647058823529412,0.647058823529412);
#9822=MANIFOLD_SOLID_BREP('PCB',#9795);
#9823=MANIFOLD_SOLID_BREP('Case',#9796);
#9824=MANIFOLD_SOLID_BREP('Top',#9797);
#9825=SHAPE_DEFINITION_REPRESENTATION(#17183,#9828);
#9826=SHAPE_DEFINITION_REPRESENTATION(#17184,#9829);
#9827=SHAPE_DEFINITION_REPRESENTATION(#17185,#9830);
#9828=SHAPE_REPRESENTATION('PCB',(#9831),#17168);
#9829=SHAPE_REPRESENTATION('Case',(#9838),#17169);
#9830=SHAPE_REPRESENTATION('Top',(#10283),#17170);
#9831=AXIS2_PLACEMENT_3D('',#12313,#10362,#10363);
#9832=AXIS2_PLACEMENT_3D('',#12314,#10364,#10365);
#9833=AXIS2_PLACEMENT_3D('',#12323,#10370,#10371);
#9834=AXIS2_PLACEMENT_3D('',#12329,#10375,#10376);
#9835=AXIS2_PLACEMENT_3D('',#12335,#10380,#10381);
#9836=AXIS2_PLACEMENT_3D('',#12338,#10384,#10385);
#9837=AXIS2_PLACEMENT_3D('',#12339,#10386,#10387);
#9838=AXIS2_PLACEMENT_3D('',#12340,#10388,#10389);
#9839=AXIS2_PLACEMENT_3D('',#12341,#10390,#10391);
#9840=AXIS2_PLACEMENT_3D('',#12357,#10393,#10394);
#9841=AXIS2_PLACEMENT_3D('',#12359,#10395,#10396);
#9842=AXIS2_PLACEMENT_3D('',#12397,#10397,#10398);
#9843=AXIS2_PLACEMENT_3D('',#12432,#10400,#10401);
#9844=AXIS2_PLACEMENT_3D('',#12435,#10402,#10403);
#9845=AXIS2_PLACEMENT_3D('',#12439,#10405,#10406);
#9846=AXIS2_PLACEMENT_3D('',#12441,#10407,#10408);
#9847=AXIS2_PLACEMENT_3D('',#12487,#10423,#10424);
#9848=AXIS2_PLACEMENT_3D('',#12489,#10425,#10426);
#9849=AXIS2_PLACEMENT_3D('',#12503,#10429,#10430);
#9850=AXIS2_PLACEMENT_3D('',#12507,#10432,#10433);
#9851=AXIS2_PLACEMENT_3D('',#12535,#10443,#10444);
#9852=AXIS2_PLACEMENT_3D('',#12537,#10445,#10446);
#9853=AXIS2_PLACEMENT_3D('',#12551,#10449,#10450);
#9854=AXIS2_PLACEMENT_3D('',#12555,#10452,#10453);
#9855=AXIS2_PLACEMENT_3D('',#12587,#10461,#10462);
#9856=AXIS2_PLACEMENT_3D('',#12589,#10463,#10464);
#9857=AXIS2_PLACEMENT_3D('',#12611,#10465,#10466);
#9858=AXIS2_PLACEMENT_3D('',#12613,#10467,#10468);
#9859=AXIS2_PLACEMENT_3D('',#12615,#10469,#10470);
#9860=AXIS2_PLACEMENT_3D('',#12621,#10471,#10472);
#9861=AXIS2_PLACEMENT_3D('',#12637,#10474,#10475);
#9862=AXIS2_PLACEMENT_3D('',#12639,#10476,#10477);
#9863=AXIS2_PLACEMENT_3D('',#12721,#10496,#10497);
#9864=AXIS2_PLACEMENT_3D('',#12723,#10498,#10499);
#9865=AXIS2_PLACEMENT_3D('',#12731,#10501,#10502);
#9866=AXIS2_PLACEMENT_3D('',#12733,#10503,#10504);
#9867=AXIS2_PLACEMENT_3D('',#12789,#10512,#10513);
#9868=AXIS2_PLACEMENT_3D('',#12791,#10514,#10515);
#9869=AXIS2_PLACEMENT_3D('',#12837,#10532,#10533);
#9870=AXIS2_PLACEMENT_3D('',#12839,#10534,#10535);
#9871=AXIS2_PLACEMENT_3D('',#12849,#10536,#10537);
#9872=AXIS2_PLACEMENT_3D('',#12851,#10538,#10539);
#9873=AXIS2_PLACEMENT_3D('',#12887,#10547,#10548);
#9874=AXIS2_PLACEMENT_3D('',#12889,#10549,#10550);
#9875=AXIS2_PLACEMENT_3D('',#12907,#10555,#10556);
#9876=AXIS2_PLACEMENT_3D('',#12909,#10557,#10558);
#9877=AXIS2_PLACEMENT_3D('',#12919,#10559,#10560);
#9878=AXIS2_PLACEMENT_3D('',#12925,#10561,#10562);
#9879=AXIS2_PLACEMENT_3D('',#12957,#10564,#10565);
#9880=AXIS2_PLACEMENT_3D('',#12963,#10566,#10567);
#9881=AXIS2_PLACEMENT_3D('',#12965,#10568,#10569);
#9882=AXIS2_PLACEMENT_3D('',#12967,#10570,#10571);
#9883=AXIS2_PLACEMENT_3D('',#12973,#10572,#10573);
#9884=AXIS2_PLACEMENT_3D('',#12975,#10574,#10575);
#9885=AXIS2_PLACEMENT_3D('',#12985,#10576,#10577);
#9886=AXIS2_PLACEMENT_3D('',#13055,#10596,#10597);
#9887=AXIS2_PLACEMENT_3D('',#13057,#10598,#10599);
#9888=AXIS2_PLACEMENT_3D('',#13087,#10602,#10603);
#9889=AXIS2_PLACEMENT_3D('',#13089,#10604,#10605);
#9890=AXIS2_PLACEMENT_3D('',#13093,#10607,#10608);
#9891=AXIS2_PLACEMENT_3D('',#13095,#10609,#10610);
#9892=AXIS2_PLACEMENT_3D('',#13109,#10611,#10612);
#9893=AXIS2_PLACEMENT_3D('',#13116,#10614,#10615);
#9894=AXIS2_PLACEMENT_3D('',#13143,#10628,#10629);
#9895=AXIS2_PLACEMENT_3D('',#13146,#10631,#10632);
#9896=AXIS2_PLACEMENT_3D('',#13149,#10633,#10634);
#9897=AXIS2_PLACEMENT_3D('',#13153,#10636,#10637);
#9898=AXIS2_PLACEMENT_3D('',#13171,#10644,#10645);
#9899=AXIS2_PLACEMENT_3D('',#13231,#10651,#10652);
#9900=AXIS2_PLACEMENT_3D('',#13233,#10653,#10654);
#9901=AXIS2_PLACEMENT_3D('',#13296,#10670,#10671);
#9902=AXIS2_PLACEMENT_3D('',#13313,#10680,#10681);
#9903=AXIS2_PLACEMENT_3D('',#13314,#10682,#10683);
#9904=AXIS2_PLACEMENT_3D('',#13316,#10684,#10685);
#9905=AXIS2_PLACEMENT_3D('',#13318,#10686,#10687);
#9906=AXIS2_PLACEMENT_3D('',#13322,#10689,#10690);
#9907=AXIS2_PLACEMENT_3D('',#13326,#10692,#10693);
#9908=AXIS2_PLACEMENT_3D('',#13330,#10695,#10696);
#9909=AXIS2_PLACEMENT_3D('',#13344,#10704,#10705);
#9910=AXIS2_PLACEMENT_3D('',#13345,#10706,#10707);
#9911=AXIS2_PLACEMENT_3D('',#13347,#10708,#10709);
#9912=AXIS2_PLACEMENT_3D('',#13349,#10710,#10711);
#9913=AXIS2_PLACEMENT_3D('',#13351,#10712,#10713);
#9914=AXIS2_PLACEMENT_3D('',#13352,#10714,#10715);
#9915=AXIS2_PLACEMENT_3D('',#13354,#10716,#10717);
#9916=AXIS2_PLACEMENT_3D('',#13355,#10718,#10719);
#9917=AXIS2_PLACEMENT_3D('',#13357,#10720,#10721);
#9918=AXIS2_PLACEMENT_3D('',#13358,#10722,#10723);
#9919=AXIS2_PLACEMENT_3D('',#13359,#10724,#10725);
#9920=AXIS2_PLACEMENT_3D('',#13361,#10726,#10727);
#9921=AXIS2_PLACEMENT_3D('',#13362,#10728,#10729);
#9922=AXIS2_PLACEMENT_3D('',#13364,#10730,#10731);
#9923=AXIS2_PLACEMENT_3D('',#13365,#10732,#10733);
#9924=AXIS2_PLACEMENT_3D('',#13367,#10734,#10735);
#9925=AXIS2_PLACEMENT_3D('',#13368,#10736,#10737);
#9926=AXIS2_PLACEMENT_3D('',#13369,#10738,#10739);
#9927=AXIS2_PLACEMENT_3D('',#13371,#10740,#10741);
#9928=AXIS2_PLACEMENT_3D('',#13372,#10742,#10743);
#9929=AXIS2_PLACEMENT_3D('',#13374,#10744,#10745);
#9930=AXIS2_PLACEMENT_3D('',#13375,#10746,#10747);
#9931=AXIS2_PLACEMENT_3D('',#13377,#10748,#10749);
#9932=AXIS2_PLACEMENT_3D('',#13378,#10750,#10751);
#9933=AXIS2_PLACEMENT_3D('',#13379,#10752,#10753);
#9934=AXIS2_PLACEMENT_3D('',#13381,#10754,#10755);
#9935=AXIS2_PLACEMENT_3D('',#13382,#10756,#10757);
#9936=AXIS2_PLACEMENT_3D('',#13384,#10758,#10759);
#9937=AXIS2_PLACEMENT_3D('',#13385,#10760,#10761);
#9938=AXIS2_PLACEMENT_3D('',#13387,#10762,#10763);
#9939=AXIS2_PLACEMENT_3D('',#13388,#10764,#10765);
#9940=AXIS2_PLACEMENT_3D('',#13394,#10769,#10770);
#9941=AXIS2_PLACEMENT_3D('',#13400,#10774,#10775);
#9942=AXIS2_PLACEMENT_3D('',#13403,#10778,#10779);
#9943=AXIS2_PLACEMENT_3D('',#13410,#10784,#10785);
#9944=AXIS2_PLACEMENT_3D('',#13412,#10787,#10788);
#9945=AXIS2_PLACEMENT_3D('',#13413,#10789,#10790);
#9946=AXIS2_PLACEMENT_3D('',#13419,#10794,#10795);
#9947=AXIS2_PLACEMENT_3D('',#13420,#10796,#10797);
#9948=AXIS2_PLACEMENT_3D('',#13421,#10798,#10799);
#9949=AXIS2_PLACEMENT_3D('',#13422,#10800,#10801);
#9950=AXIS2_PLACEMENT_3D('',#13423,#10802,#10803);
#9951=AXIS2_PLACEMENT_3D('',#13424,#10804,#10805);
#9952=AXIS2_PLACEMENT_3D('',#13426,#10807,#10808);
#9953=AXIS2_PLACEMENT_3D('',#13428,#10810,#10811);
#9954=AXIS2_PLACEMENT_3D('',#13429,#10812,#10813);
#9955=AXIS2_PLACEMENT_3D('',#13430,#10814,#10815);
#9956=AXIS2_PLACEMENT_3D('',#13431,#10816,#10817);
#9957=AXIS2_PLACEMENT_3D('',#13432,#10818,#10819);
#9958=AXIS2_PLACEMENT_3D('',#13555,#10828,#10829);
#9959=AXIS2_PLACEMENT_3D('',#13561,#10833,#10834);
#9960=AXIS2_PLACEMENT_3D('',#13567,#10838,#10839);
#9961=AXIS2_PLACEMENT_3D('',#13571,#10842,#10843);
#9962=AXIS2_PLACEMENT_3D('',#13575,#10846,#10847);
#9963=AXIS2_PLACEMENT_3D('',#13579,#10850,#10851);
#9964=AXIS2_PLACEMENT_3D('',#13583,#10854,#10855);
#9965=AXIS2_PLACEMENT_3D('',#13587,#10858,#10859);
#9966=AXIS2_PLACEMENT_3D('',#13591,#10862,#10863);
#9967=AXIS2_PLACEMENT_3D('',#13595,#10866,#10867);
#9968=AXIS2_PLACEMENT_3D('',#13689,#10875,#10876);
#9969=AXIS2_PLACEMENT_3D('',#13690,#10877,#10878);
#9970=AXIS2_PLACEMENT_3D('',#13779,#10885,#10886);
#9971=AXIS2_PLACEMENT_3D('',#13785,#10890,#10891);
#9972=AXIS2_PLACEMENT_3D('',#13791,#10895,#10896);
#9973=AXIS2_PLACEMENT_3D('',#13797,#10900,#10901);
#9974=AXIS2_PLACEMENT_3D('',#13801,#10904,#10905);
#9975=AXIS2_PLACEMENT_3D('',#13831,#10910,#10911);
#9976=AXIS2_PLACEMENT_3D('',#13834,#10913,#10914);
#9977=AXIS2_PLACEMENT_3D('',#13835,#10915,#10916);
#9978=AXIS2_PLACEMENT_3D('',#13838,#10918,#10919);
#9979=AXIS2_PLACEMENT_3D('',#13839,#10920,#10921);
#9980=AXIS2_PLACEMENT_3D('',#13882,#10927,#10928);
#9981=AXIS2_PLACEMENT_3D('',#13886,#10931,#10932);
#9982=AXIS2_PLACEMENT_3D('',#13955,#10940,#10941);
#9983=AXIS2_PLACEMENT_3D('',#13971,#10943,#10944);
#9984=AXIS2_PLACEMENT_3D('',#13972,#10945,#10946);
#9985=AXIS2_PLACEMENT_3D('',#14095,#10955,#10956);
#9986=AXIS2_PLACEMENT_3D('',#14101,#10960,#10961);
#9987=AXIS2_PLACEMENT_3D('',#14104,#10963,#10964);
#9988=AXIS2_PLACEMENT_3D('',#14159,#10970,#10971);
#9989=AXIS2_PLACEMENT_3D('',#14162,#10973,#10974);
#9990=AXIS2_PLACEMENT_3D('',#14176,#10976,#10977);
#9991=AXIS2_PLACEMENT_3D('',#14180,#10980,#10981);
#9992=AXIS2_PLACEMENT_3D('',#14184,#10984,#10985);
#9993=AXIS2_PLACEMENT_3D('',#14188,#10988,#10989);
#9994=AXIS2_PLACEMENT_3D('',#14192,#10992,#10993);
#9995=AXIS2_PLACEMENT_3D('',#14196,#10996,#10997);
#9996=AXIS2_PLACEMENT_3D('',#14200,#11000,#11001);
#9997=AXIS2_PLACEMENT_3D('',#14203,#11003,#11004);
#9998=AXIS2_PLACEMENT_3D('',#14204,#11005,#11006);
#9999=AXIS2_PLACEMENT_3D('',#14208,#11009,#11010);
#10000=AXIS2_PLACEMENT_3D('',#14209,#11011,#11012);
#10001=AXIS2_PLACEMENT_3D('',#14224,#11013,#11014);
#10002=AXIS2_PLACEMENT_3D('',#14225,#11015,#11016);
#10003=AXIS2_PLACEMENT_3D('',#14226,#11017,#11018);
#10004=AXIS2_PLACEMENT_3D('',#14229,#11020,#11021);
#10005=AXIS2_PLACEMENT_3D('',#14232,#11023,#11024);
#10006=AXIS2_PLACEMENT_3D('',#14236,#11027,#11028);
#10007=AXIS2_PLACEMENT_3D('',#14239,#11030,#11031);
#10008=AXIS2_PLACEMENT_3D('',#14240,#11032,#11033);
#10009=AXIS2_PLACEMENT_3D('',#14244,#11036,#11037);
#10010=AXIS2_PLACEMENT_3D('',#14248,#11040,#11041);
#10011=AXIS2_PLACEMENT_3D('',#14252,#11044,#11045);
#10012=AXIS2_PLACEMENT_3D('',#14256,#11048,#11049);
#10013=AXIS2_PLACEMENT_3D('',#14260,#11052,#11053);
#10014=AXIS2_PLACEMENT_3D('',#14264,#11056,#11057);
#10015=AXIS2_PLACEMENT_3D('',#14268,#11060,#11061);
#10016=AXIS2_PLACEMENT_3D('',#14272,#11064,#11065);
#10017=AXIS2_PLACEMENT_3D('',#14276,#11068,#11069);
#10018=AXIS2_PLACEMENT_3D('',#14280,#11072,#11073);
#10019=AXIS2_PLACEMENT_3D('',#14284,#11076,#11077);
#10020=AXIS2_PLACEMENT_3D('',#14286,#11079,#11080);
#10021=AXIS2_PLACEMENT_3D('',#14315,#11084,#11085);
#10022=AXIS2_PLACEMENT_3D('',#14319,#11088,#11089);
#10023=AXIS2_PLACEMENT_3D('',#14322,#11091,#11092);
#10024=AXIS2_PLACEMENT_3D('',#14362,#11096,#11097);
#10025=AXIS2_PLACEMENT_3D('',#14365,#11099,#11100);
#10026=AXIS2_PLACEMENT_3D('',#14366,#11101,#11102);
#10027=AXIS2_PLACEMENT_3D('',#14369,#11104,#11105);
#10028=AXIS2_PLACEMENT_3D('',#14370,#11106,#11107);
#10029=AXIS2_PLACEMENT_3D('',#14374,#11110,#11111);
#10030=AXIS2_PLACEMENT_3D('',#14377,#11113,#11114);
#10031=AXIS2_PLACEMENT_3D('',#14378,#11115,#11116);
#10032=AXIS2_PLACEMENT_3D('',#14381,#11118,#11119);
#10033=AXIS2_PLACEMENT_3D('',#14419,#11122,#11123);
#10034=AXIS2_PLACEMENT_3D('',#14508,#11130,#11131);
#10035=AXIS2_PLACEMENT_3D('',#14514,#11135,#11136);
#10036=AXIS2_PLACEMENT_3D('',#14520,#11140,#11141);
#10037=AXIS2_PLACEMENT_3D('',#14526,#11145,#11146);
#10038=AXIS2_PLACEMENT_3D('',#14530,#11149,#11150);
#10039=AXIS2_PLACEMENT_3D('',#14560,#11155,#11156);
#10040=AXIS2_PLACEMENT_3D('',#14563,#11158,#11159);
#10041=AXIS2_PLACEMENT_3D('',#14564,#11160,#11161);
#10042=AXIS2_PLACEMENT_3D('',#14567,#11163,#11164);
#10043=AXIS2_PLACEMENT_3D('',#14568,#11165,#11166);
#10044=AXIS2_PLACEMENT_3D('',#14611,#11172,#11173);
#10045=AXIS2_PLACEMENT_3D('',#14615,#11176,#11177);
#10046=AXIS2_PLACEMENT_3D('',#14684,#11185,#11186);
#10047=AXIS2_PLACEMENT_3D('',#14700,#11188,#11189);
#10048=AXIS2_PLACEMENT_3D('',#14701,#11190,#11191);
#10049=AXIS2_PLACEMENT_3D('',#14702,#11192,#11193);
#10050=AXIS2_PLACEMENT_3D('',#14708,#11197,#11198);
#10051=AXIS2_PLACEMENT_3D('',#14712,#11201,#11202);
#10052=AXIS2_PLACEMENT_3D('',#14716,#11205,#11206);
#10053=AXIS2_PLACEMENT_3D('',#14720,#11209,#11210);
#10054=AXIS2_PLACEMENT_3D('',#14724,#11213,#11214);
#10055=AXIS2_PLACEMENT_3D('',#14728,#11217,#11218);
#10056=AXIS2_PLACEMENT_3D('',#14732,#11221,#11222);
#10057=AXIS2_PLACEMENT_3D('',#14736,#11225,#11226);
#10058=AXIS2_PLACEMENT_3D('',#14740,#11229,#11230);
#10059=AXIS2_PLACEMENT_3D('',#14744,#11233,#11234);
#10060=AXIS2_PLACEMENT_3D('',#14748,#11237,#11238);
#10061=AXIS2_PLACEMENT_3D('',#14750,#11240,#11241);
#10062=AXIS2_PLACEMENT_3D('',#14839,#11248,#11249);
#10063=AXIS2_PLACEMENT_3D('',#14840,#11250,#11251);
#10064=AXIS2_PLACEMENT_3D('',#14845,#11253,#11254);
#10065=AXIS2_PLACEMENT_3D('',#14882,#11258,#11259);
#10066=AXIS2_PLACEMENT_3D('',#14956,#11267,#11268);
#10067=AXIS2_PLACEMENT_3D('',#14962,#11272,#11273);
#10068=AXIS2_PLACEMENT_3D('',#14966,#11276,#11277);
#10069=AXIS2_PLACEMENT_3D('',#14969,#11279,#11280);
#10070=AXIS2_PLACEMENT_3D('',#14996,#11283,#11284);
#10071=AXIS2_PLACEMENT_3D('',#14999,#11286,#11287);
#10072=AXIS2_PLACEMENT_3D('',#15000,#11288,#11289);
#10073=AXIS2_PLACEMENT_3D('',#15003,#11291,#11292);
#10074=AXIS2_PLACEMENT_3D('',#15017,#11294,#11295);
#10075=AXIS2_PLACEMENT_3D('',#15020,#11297,#11298);
#10076=AXIS2_PLACEMENT_3D('',#15021,#11299,#11300);
#10077=AXIS2_PLACEMENT_3D('',#15024,#11302,#11303);
#10078=AXIS2_PLACEMENT_3D('',#15025,#11304,#11305);
#10079=AXIS2_PLACEMENT_3D('',#15028,#11307,#11308);
#10080=AXIS2_PLACEMENT_3D('',#15042,#11310,#11311);
#10081=AXIS2_PLACEMENT_3D('',#15045,#11313,#11314);
#10082=AXIS2_PLACEMENT_3D('',#15124,#11321,#11322);
#10083=AXIS2_PLACEMENT_3D('',#15141,#11326,#11327);
#10084=AXIS2_PLACEMENT_3D('',#15144,#11329,#11330);
#10085=AXIS2_PLACEMENT_3D('',#15158,#11332,#11333);
#10086=AXIS2_PLACEMENT_3D('',#15161,#11335,#11336);
#10087=AXIS2_PLACEMENT_3D('',#15188,#11339,#11340);
#10088=AXIS2_PLACEMENT_3D('',#15191,#11342,#11343);
#10089=AXIS2_PLACEMENT_3D('',#15192,#11344,#11345);
#10090=AXIS2_PLACEMENT_3D('',#15195,#11347,#11348);
#10091=AXIS2_PLACEMENT_3D('',#15210,#11349,#11350);
#10092=AXIS2_PLACEMENT_3D('',#15226,#11352,#11353);
#10093=AXIS2_PLACEMENT_3D('',#15227,#11354,#11355);
#10094=AXIS2_PLACEMENT_3D('',#15228,#11356,#11357);
#10095=AXIS2_PLACEMENT_3D('',#15229,#11358,#11359);
#10096=AXIS2_PLACEMENT_3D('',#15235,#11363,#11364);
#10097=AXIS2_PLACEMENT_3D('',#15239,#11367,#11368);
#10098=AXIS2_PLACEMENT_3D('',#15269,#11373,#11374);
#10099=AXIS2_PLACEMENT_3D('',#15272,#11376,#11377);
#10100=AXIS2_PLACEMENT_3D('',#15273,#11378,#11379);
#10101=AXIS2_PLACEMENT_3D('',#15276,#11381,#11382);
#10102=AXIS2_PLACEMENT_3D('',#15277,#11383,#11384);
#10103=AXIS2_PLACEMENT_3D('',#15281,#11387,#11388);
#10104=AXIS2_PLACEMENT_3D('',#15285,#11391,#11392);
#10105=AXIS2_PLACEMENT_3D('',#15289,#11395,#11396);
#10106=AXIS2_PLACEMENT_3D('',#15293,#11399,#11400);
#10107=AXIS2_PLACEMENT_3D('',#15297,#11403,#11404);
#10108=AXIS2_PLACEMENT_3D('',#15351,#11410,#11411);
#10109=AXIS2_PLACEMENT_3D('',#15380,#11415,#11416);
#10110=AXIS2_PLACEMENT_3D('',#15383,#11418,#11419);
#10111=AXIS2_PLACEMENT_3D('',#15384,#11420,#11421);
#10112=AXIS2_PLACEMENT_3D('',#15387,#11423,#11424);
#10113=AXIS2_PLACEMENT_3D('',#15414,#11427,#11428);
#10114=AXIS2_PLACEMENT_3D('',#15417,#11430,#11431);
#10115=AXIS2_PLACEMENT_3D('',#15418,#11432,#11433);
#10116=AXIS2_PLACEMENT_3D('',#15419,#11434,#11435);
#10117=AXIS2_PLACEMENT_3D('',#15420,#11436,#11437);
#10118=AXIS2_PLACEMENT_3D('',#15421,#11438,#11439);
#10119=AXIS2_PLACEMENT_3D('',#15427,#11443,#11444);
#10120=AXIS2_PLACEMENT_3D('',#15431,#11447,#11448);
#10121=AXIS2_PLACEMENT_3D('',#15435,#11451,#11452);
#10122=AXIS2_PLACEMENT_3D('',#15437,#11454,#11455);
#10123=AXIS2_PLACEMENT_3D('',#15438,#11456,#11457);
#10124=AXIS2_PLACEMENT_3D('',#15444,#11461,#11462);
#10125=AXIS2_PLACEMENT_3D('',#15448,#11465,#11466);
#10126=AXIS2_PLACEMENT_3D('',#15452,#11469,#11470);
#10127=AXIS2_PLACEMENT_3D('',#15456,#11473,#11474);
#10128=AXIS2_PLACEMENT_3D('',#15460,#11477,#11478);
#10129=AXIS2_PLACEMENT_3D('',#15464,#11481,#11482);
#10130=AXIS2_PLACEMENT_3D('',#15468,#11485,#11486);
#10131=AXIS2_PLACEMENT_3D('',#15472,#11489,#11490);
#10132=AXIS2_PLACEMENT_3D('',#15476,#11493,#11494);
#10133=AXIS2_PLACEMENT_3D('',#15478,#11496,#11497);
#10134=AXIS2_PLACEMENT_3D('',#15567,#11504,#11505);
#10135=AXIS2_PLACEMENT_3D('',#15573,#11509,#11510);
#10136=AXIS2_PLACEMENT_3D('',#15579,#11514,#11515);
#10137=AXIS2_PLACEMENT_3D('',#15585,#11519,#11520);
#10138=AXIS2_PLACEMENT_3D('',#15589,#11523,#11524);
#10139=AXIS2_PLACEMENT_3D('',#15619,#11529,#11530);
#10140=AXIS2_PLACEMENT_3D('',#15622,#11532,#11533);
#10141=AXIS2_PLACEMENT_3D('',#15623,#11534,#11535);
#10142=AXIS2_PLACEMENT_3D('',#15626,#11537,#11538);
#10143=AXIS2_PLACEMENT_3D('',#15627,#11539,#11540);
#10144=AXIS2_PLACEMENT_3D('',#15670,#11546,#11547);
#10145=AXIS2_PLACEMENT_3D('',#15674,#11550,#11551);
#10146=AXIS2_PLACEMENT_3D('',#15743,#11559,#11560);
#10147=AXIS2_PLACEMENT_3D('',#15759,#11562,#11563);
#10148=AXIS2_PLACEMENT_3D('',#15760,#11564,#11565);
#10149=AXIS2_PLACEMENT_3D('',#15761,#11566,#11567);
#10150=AXIS2_PLACEMENT_3D('',#15767,#11571,#11572);
#10151=AXIS2_PLACEMENT_3D('',#15771,#11575,#11576);
#10152=AXIS2_PLACEMENT_3D('',#15801,#11581,#11582);
#10153=AXIS2_PLACEMENT_3D('',#15804,#11584,#11585);
#10154=AXIS2_PLACEMENT_3D('',#15805,#11586,#11587);
#10155=AXIS2_PLACEMENT_3D('',#15808,#11589,#11590);
#10156=AXIS2_PLACEMENT_3D('',#15809,#11591,#11592);
#10157=AXIS2_PLACEMENT_3D('',#15826,#11596,#11597);
#10158=AXIS2_PLACEMENT_3D('',#15829,#11599,#11600);
#10159=AXIS2_PLACEMENT_3D('',#15830,#11601,#11602);
#10160=AXIS2_PLACEMENT_3D('',#15833,#11604,#11605);
#10161=AXIS2_PLACEMENT_3D('',#15834,#11606,#11607);
#10162=AXIS2_PLACEMENT_3D('',#15838,#11610,#11611);
#10163=AXIS2_PLACEMENT_3D('',#15842,#11614,#11615);
#10164=AXIS2_PLACEMENT_3D('',#15846,#11618,#11619);
#10165=AXIS2_PLACEMENT_3D('',#15850,#11622,#11623);
#10166=AXIS2_PLACEMENT_3D('',#15854,#11626,#11627);
#10167=AXIS2_PLACEMENT_3D('',#15910,#11634,#11635);
#10168=AXIS2_PLACEMENT_3D('',#15914,#11638,#11639);
#10169=AXIS2_PLACEMENT_3D('',#15918,#11642,#11643);
#10170=AXIS2_PLACEMENT_3D('',#15972,#11649,#11650);
#10171=AXIS2_PLACEMENT_3D('',#15973,#11651,#11652);
#10172=AXIS2_PLACEMENT_3D('',#15982,#11657,#11658);
#10173=AXIS2_PLACEMENT_3D('',#15988,#11662,#11663);
#10174=AXIS2_PLACEMENT_3D('',#15994,#11667,#11668);
#10175=AXIS2_PLACEMENT_3D('',#15995,#11669,#11670);
#10176=AXIS2_PLACEMENT_3D('',#15999,#11672,#11673);
#10177=AXIS2_PLACEMENT_3D('',#16000,#11674,#11675);
#10178=AXIS2_PLACEMENT_3D('',#16006,#11679,#11680);
#10179=AXIS2_PLACEMENT_3D('',#16010,#11683,#11684);
#10180=AXIS2_PLACEMENT_3D('',#16014,#11687,#11688);
#10181=AXIS2_PLACEMENT_3D('',#16018,#11691,#11692);
#10182=AXIS2_PLACEMENT_3D('',#16022,#11695,#11696);
#10183=AXIS2_PLACEMENT_3D('',#16026,#11699,#11700);
#10184=AXIS2_PLACEMENT_3D('',#16030,#11703,#11704);
#10185=AXIS2_PLACEMENT_3D('',#16032,#11706,#11707);
#10186=AXIS2_PLACEMENT_3D('',#16033,#11708,#11709);
#10187=AXIS2_PLACEMENT_3D('',#16034,#11710,#11711);
#10188=AXIS2_PLACEMENT_3D('',#16035,#11712,#11713);
#10189=AXIS2_PLACEMENT_3D('',#16036,#11714,#11715);
#10190=AXIS2_PLACEMENT_3D('',#16091,#11721,#11722);
#10191=AXIS2_PLACEMENT_3D('',#16094,#11724,#11725);
#10192=AXIS2_PLACEMENT_3D('',#16095,#11726,#11727);
#10193=AXIS2_PLACEMENT_3D('',#16098,#11729,#11730);
#10194=AXIS2_PLACEMENT_3D('',#16138,#11734,#11735);
#10195=AXIS2_PLACEMENT_3D('',#16142,#11738,#11739);
#10196=AXIS2_PLACEMENT_3D('',#16145,#11741,#11742);
#10197=AXIS2_PLACEMENT_3D('',#16159,#11744,#11745);
#10198=AXIS2_PLACEMENT_3D('',#16162,#11747,#11748);
#10199=AXIS2_PLACEMENT_3D('',#16163,#11749,#11750);
#10200=AXIS2_PLACEMENT_3D('',#16166,#11752,#11753);
#10201=AXIS2_PLACEMENT_3D('',#16167,#11754,#11755);
#10202=AXIS2_PLACEMENT_3D('',#16170,#11757,#11758);
#10203=AXIS2_PLACEMENT_3D('',#16236,#11764,#11765);
#10204=AXIS2_PLACEMENT_3D('',#16239,#11767,#11768);
#10205=AXIS2_PLACEMENT_3D('',#16240,#11769,#11770);
#10206=AXIS2_PLACEMENT_3D('',#16243,#11772,#11773);
#10207=AXIS2_PLACEMENT_3D('',#16244,#11774,#11775);
#10208=AXIS2_PLACEMENT_3D('',#16272,#11779,#11780);
#10209=AXIS2_PLACEMENT_3D('',#16273,#11781,#11782);
#10210=AXIS2_PLACEMENT_3D('',#16279,#11786,#11787);
#10211=AXIS2_PLACEMENT_3D('',#16283,#11790,#11791);
#10212=AXIS2_PLACEMENT_3D('',#16287,#11794,#11795);
#10213=AXIS2_PLACEMENT_3D('',#16289,#11797,#11798);
#10214=AXIS2_PLACEMENT_3D('',#16290,#11799,#11800);
#10215=AXIS2_PLACEMENT_3D('',#16296,#11804,#11805);
#10216=AXIS2_PLACEMENT_3D('',#16300,#11808,#11809);
#10217=AXIS2_PLACEMENT_3D('',#16317,#11813,#11814);
#10218=AXIS2_PLACEMENT_3D('',#16320,#11816,#11817);
#10219=AXIS2_PLACEMENT_3D('',#16321,#11818,#11819);
#10220=AXIS2_PLACEMENT_3D('',#16325,#11822,#11823);
#10221=AXIS2_PLACEMENT_3D('',#16328,#11825,#11826);
#10222=AXIS2_PLACEMENT_3D('',#16355,#11829,#11830);
#10223=AXIS2_PLACEMENT_3D('',#16359,#11833,#11834);
#10224=AXIS2_PLACEMENT_3D('',#16363,#11837,#11838);
#10225=AXIS2_PLACEMENT_3D('',#16366,#11840,#11841);
#10226=AXIS2_PLACEMENT_3D('',#16367,#11842,#11843);
#10227=AXIS2_PLACEMENT_3D('',#16370,#11845,#11846);
#10228=AXIS2_PLACEMENT_3D('',#16371,#11847,#11848);
#10229=AXIS2_PLACEMENT_3D('',#16388,#11852,#11853);
#10230=AXIS2_PLACEMENT_3D('',#16390,#11855,#11856);
#10231=AXIS2_PLACEMENT_3D('',#16391,#11857,#11858);
#10232=AXIS2_PLACEMENT_3D('',#16397,#11862,#11863);
#10233=AXIS2_PLACEMENT_3D('',#16401,#11866,#11867);
#10234=AXIS2_PLACEMENT_3D('',#16405,#11870,#11871);
#10235=AXIS2_PLACEMENT_3D('',#16407,#11873,#11874);
#10236=AXIS2_PLACEMENT_3D('',#16408,#11875,#11876);
#10237=AXIS2_PLACEMENT_3D('',#16414,#11880,#11881);
#10238=AXIS2_PLACEMENT_3D('',#16418,#11884,#11885);
#10239=AXIS2_PLACEMENT_3D('',#16435,#11889,#11890);
#10240=AXIS2_PLACEMENT_3D('',#16438,#11892,#11893);
#10241=AXIS2_PLACEMENT_3D('',#16439,#11894,#11895);
#10242=AXIS2_PLACEMENT_3D('',#16443,#11898,#11899);
#10243=AXIS2_PLACEMENT_3D('',#16446,#11901,#11902);
#10244=AXIS2_PLACEMENT_3D('',#16473,#11905,#11906);
#10245=AXIS2_PLACEMENT_3D('',#16477,#11909,#11910);
#10246=AXIS2_PLACEMENT_3D('',#16481,#11913,#11914);
#10247=AXIS2_PLACEMENT_3D('',#16484,#11916,#11917);
#10248=AXIS2_PLACEMENT_3D('',#16485,#11918,#11919);
#10249=AXIS2_PLACEMENT_3D('',#16488,#11921,#11922);
#10250=AXIS2_PLACEMENT_3D('',#16489,#11923,#11924);
#10251=AXIS2_PLACEMENT_3D('',#16506,#11928,#11929);
#10252=AXIS2_PLACEMENT_3D('',#16508,#11931,#11932);
#10253=AXIS2_PLACEMENT_3D('',#16509,#11933,#11934);
#10254=AXIS2_PLACEMENT_3D('',#16512,#11936,#11937);
#10255=AXIS2_PLACEMENT_3D('',#16541,#11941,#11942);
#10256=AXIS2_PLACEMENT_3D('',#16545,#11945,#11946);
#10257=AXIS2_PLACEMENT_3D('',#16549,#11949,#11950);
#10258=AXIS2_PLACEMENT_3D('',#16553,#11953,#11954);
#10259=AXIS2_PLACEMENT_3D('',#16557,#11957,#11958);
#10260=AXIS2_PLACEMENT_3D('',#16561,#11961,#11962);
#10261=AXIS2_PLACEMENT_3D('',#16565,#11965,#11966);
#10262=AXIS2_PLACEMENT_3D('',#16569,#11969,#11970);
#10263=AXIS2_PLACEMENT_3D('',#16573,#11973,#11974);
#10264=AXIS2_PLACEMENT_3D('',#16577,#11977,#11978);
#10265=AXIS2_PLACEMENT_3D('',#16581,#11981,#11982);
#10266=AXIS2_PLACEMENT_3D('',#16598,#11986,#11987);
#10267=AXIS2_PLACEMENT_3D('',#16601,#11989,#11990);
#10268=AXIS2_PLACEMENT_3D('',#16602,#11991,#11992);
#10269=AXIS2_PLACEMENT_3D('',#16605,#11994,#11995);
#10270=AXIS2_PLACEMENT_3D('',#16606,#11996,#11997);
#10271=AXIS2_PLACEMENT_3D('',#16610,#12000,#12001);
#10272=AXIS2_PLACEMENT_3D('',#16611,#12002,#12003);
#10273=AXIS2_PLACEMENT_3D('',#16612,#12004,#12005);
#10274=AXIS2_PLACEMENT_3D('',#16732,#12016,#12017);
#10275=AXIS2_PLACEMENT_3D('',#16736,#12020,#12021);
#10276=AXIS2_PLACEMENT_3D('',#16739,#12023,#12024);
#10277=AXIS2_PLACEMENT_3D('',#16857,#12034,#12035);
#10278=AXIS2_PLACEMENT_3D('',#16860,#12037,#12038);
#10279=AXIS2_PLACEMENT_3D('',#16861,#12039,#12040);
#10280=AXIS2_PLACEMENT_3D('',#16864,#12042,#12043);
#10281=AXIS2_PLACEMENT_3D('',#16865,#12044,#12045);
#10282=AXIS2_PLACEMENT_3D('',#16893,#12049,#12050);
#10283=AXIS2_PLACEMENT_3D('',#16894,#12051,#12052);
#10284=AXIS2_PLACEMENT_3D('',#16895,#12053,#12054);
#10285=AXIS2_PLACEMENT_3D('',#16904,#12059,#12060);
#10286=AXIS2_PLACEMENT_3D('',#16910,#12064,#12065);
#10287=AXIS2_PLACEMENT_3D('',#16916,#12069,#12070);
#10288=AXIS2_PLACEMENT_3D('',#16925,#12075,#12076);
#10289=AXIS2_PLACEMENT_3D('',#16931,#12080,#12081);
#10290=AXIS2_PLACEMENT_3D('',#16937,#12085,#12086);
#10291=AXIS2_PLACEMENT_3D('',#16946,#12091,#12092);
#10292=AXIS2_PLACEMENT_3D('',#16952,#12096,#12097);
#10293=AXIS2_PLACEMENT_3D('',#16958,#12101,#12102);
#10294=AXIS2_PLACEMENT_3D('',#16967,#12107,#12108);
#10295=AXIS2_PLACEMENT_3D('',#16973,#12112,#12113);
#10296=AXIS2_PLACEMENT_3D('',#16979,#12117,#12118);
#10297=AXIS2_PLACEMENT_3D('',#16988,#12123,#12124);
#10298=AXIS2_PLACEMENT_3D('',#16994,#12128,#12129);
#10299=AXIS2_PLACEMENT_3D('',#17000,#12133,#12134);
#10300=AXIS2_PLACEMENT_3D('',#17009,#12139,#12140);
#10301=AXIS2_PLACEMENT_3D('',#17015,#12144,#12145);
#10302=AXIS2_PLACEMENT_3D('',#17021,#12149,#12150);
#10303=AXIS2_PLACEMENT_3D('',#17030,#12155,#12156);
#10304=AXIS2_PLACEMENT_3D('',#17036,#12160,#12161);
#10305=AXIS2_PLACEMENT_3D('',#17042,#12165,#12166);
#10306=AXIS2_PLACEMENT_3D('',#17051,#12171,#12172);
#10307=AXIS2_PLACEMENT_3D('',#17055,#12174,#12175);
#10308=AXIS2_PLACEMENT_3D('',#17056,#12176,#12177);
#10309=AXIS2_PLACEMENT_3D('',#17057,#12178,#12179);
#10310=AXIS2_PLACEMENT_3D('',#17063,#12183,#12184);
#10311=AXIS2_PLACEMENT_3D('',#17067,#12186,#12187);
#10312=AXIS2_PLACEMENT_3D('',#17068,#12188,#12189);
#10313=AXIS2_PLACEMENT_3D('',#17069,#12190,#12191);
#10314=AXIS2_PLACEMENT_3D('',#17075,#12195,#12196);
#10315=AXIS2_PLACEMENT_3D('',#17079,#12198,#12199);
#10316=AXIS2_PLACEMENT_3D('',#17080,#12200,#12201);
#10317=AXIS2_PLACEMENT_3D('',#17081,#12202,#12203);
#10318=AXIS2_PLACEMENT_3D('',#17087,#12207,#12208);
#10319=AXIS2_PLACEMENT_3D('',#17088,#12209,#12210);
#10320=AXIS2_PLACEMENT_3D('',#17090,#12211,#12212);
#10321=AXIS2_PLACEMENT_3D('',#17092,#12213,#12214);
#10322=AXIS2_PLACEMENT_3D('',#17093,#12215,#12216);
#10323=AXIS2_PLACEMENT_3D('',#17095,#12217,#12218);
#10324=AXIS2_PLACEMENT_3D('',#17097,#12219,#12220);
#10325=AXIS2_PLACEMENT_3D('',#17100,#12223,#12224);
#10326=AXIS2_PLACEMENT_3D('',#17103,#12227,#12228);
#10327=AXIS2_PLACEMENT_3D('',#17106,#12231,#12232);
#10328=AXIS2_PLACEMENT_3D('',#17109,#12235,#12236);
#10329=AXIS2_PLACEMENT_3D('',#17112,#12239,#12240);
#10330=AXIS2_PLACEMENT_3D('',#17115,#12243,#12244);
#10331=AXIS2_PLACEMENT_3D('',#17118,#12247,#12248);
#10332=AXIS2_PLACEMENT_3D('',#17119,#12249,#12250);
#10333=AXIS2_PLACEMENT_3D('',#17120,#12251,#12252);
#10334=AXIS2_PLACEMENT_3D('',#17121,#12253,#12254);
#10335=AXIS2_PLACEMENT_3D('',#17122,#12255,#12256);
#10336=AXIS2_PLACEMENT_3D('',#17124,#12257,#12258);
#10337=AXIS2_PLACEMENT_3D('',#17126,#12259,#12260);
#10338=AXIS2_PLACEMENT_3D('',#17127,#12261,#12262);
#10339=AXIS2_PLACEMENT_3D('',#17129,#12263,#12264);
#10340=AXIS2_PLACEMENT_3D('',#17131,#12265,#12266);
#10341=AXIS2_PLACEMENT_3D('',#17135,#12268,#12269);
#10342=AXIS2_PLACEMENT_3D('',#17139,#12271,#12272);
#10343=AXIS2_PLACEMENT_3D('',#17143,#12274,#12275);
#10344=AXIS2_PLACEMENT_3D('',#17147,#12277,#12278);
#10345=AXIS2_PLACEMENT_3D('',#17148,#12279,#12280);
#10346=AXIS2_PLACEMENT_3D('',#17149,#12281,#12282);
#10347=AXIS2_PLACEMENT_3D('',#17150,#12283,#12284);
#10348=AXIS2_PLACEMENT_3D('',#17151,#12285,#12286);
#10349=AXIS2_PLACEMENT_3D('',#17152,#12287,#12288);
#10350=AXIS2_PLACEMENT_3D('',#17153,#12289,#12290);
#10351=AXIS2_PLACEMENT_3D('',#17154,#12291,#12292);
#10352=AXIS2_PLACEMENT_3D('',#17155,#12293,#12294);
#10353=AXIS2_PLACEMENT_3D('',#17156,#12295,#12296);
#10354=AXIS2_PLACEMENT_3D('',#17157,#12297,#12298);
#10355=AXIS2_PLACEMENT_3D('',#17158,#12299,#12300);
#10356=AXIS2_PLACEMENT_3D('',#17159,#12301,#12302);
#10357=AXIS2_PLACEMENT_3D('',#17160,#12303,#12304);
#10358=AXIS2_PLACEMENT_3D('',#17161,#12305,#12306);
#10359=AXIS2_PLACEMENT_3D('',#17162,#12307,#12308);
#10360=AXIS2_PLACEMENT_3D('',#17163,#12309,#12310);
#10361=AXIS2_PLACEMENT_3D('',#17164,#12311,#12312);
#10362=DIRECTION('',(0.,0.,1.));
#10363=DIRECTION('',(1.,0.,0.));
#10364=DIRECTION('',(-2.98447049630419E-16,1.,0.));
#10365=DIRECTION('',(-1.,-2.98447049630419E-16,0.));
#10366=DIRECTION('',(1.,2.98447049630419E-16,0.));
#10367=DIRECTION('',(0.,0.,-1.));
#10368=DIRECTION('',(1.,2.98447049630419E-16,0.));
#10369=DIRECTION('',(0.,0.,-1.));
#10370=DIRECTION('',(1.,-1.23908819712629E-16,0.));
#10371=DIRECTION('',(1.23908819712629E-16,1.,0.));
#10372=DIRECTION('',(-1.23908819712629E-16,-1.,0.));
#10373=DIRECTION('',(0.,0.,-1.));
#10374=DIRECTION('',(-1.23908819712629E-16,-1.,0.));
#10375=DIRECTION('',(-7.46117624076046E-17,1.,0.));
#10376=DIRECTION('',(-1.,-7.46117624076046E-17,0.));
#10377=DIRECTION('',(1.,7.46117624076046E-17,0.));
#10378=DIRECTION('',(0.,0.,-1.));
#10379=DIRECTION('',(1.,7.46117624076046E-17,0.));
#10380=DIRECTION('',(1.,-1.23908819712629E-16,0.));
#10381=DIRECTION('',(1.23908819712629E-16,1.,0.));
#10382=DIRECTION('',(-1.23908819712629E-16,-1.,0.));
#10383=DIRECTION('',(-1.23908819712629E-16,-1.,0.));
#10384=DIRECTION('',(0.,0.,1.));
#10385=DIRECTION('',(1.,0.,0.));
#10386=DIRECTION('',(0.,0.,1.));
#10387=DIRECTION('',(1.,0.,0.));
#10388=DIRECTION('',(0.,0.,1.));
#10389=DIRECTION('',(1.,0.,0.));
#10390=DIRECTION('',(0.,0.,1.));
#10391=DIRECTION('',(1.,0.,0.));
#10392=DIRECTION('',(0.,1.,0.));
#10393=DIRECTION('',(0.,0.,-1.));
#10394=DIRECTION('',(-1.,0.,0.));
#10395=DIRECTION('',(0.,0.,-1.));
#10396=DIRECTION('',(-1.,0.,0.));
#10397=DIRECTION('',(0.,0.,-1.));
#10398=DIRECTION('',(-1.,0.,0.));
#10399=DIRECTION('',(-0.33814235014658,-0.941094974504352,0.));
#10400=DIRECTION('',(0.,0.,-1.));
#10401=DIRECTION('',(-1.,0.,0.));
#10402=DIRECTION('',(0.,0.,-1.));
#10403=DIRECTION('',(-1.,0.,0.));
#10404=DIRECTION('',(0.,-1.,0.));
#10405=DIRECTION('',(0.,0.,-1.));
#10406=DIRECTION('',(-1.,0.,0.));
#10407=DIRECTION('',(0.,0.,-1.));
#10408=DIRECTION('',(-1.,0.,0.));
#10409=DIRECTION('',(0.,1.,0.));
#10410=DIRECTION('',(-1.,0.,0.));
#10411=DIRECTION('',(0.,1.,0.));
#10412=DIRECTION('',(0.915342519104634,0.402676138750713,0.));
#10413=DIRECTION('',(0.2857840013443,0.95829405955356,0.));
#10414=DIRECTION('',(1.,0.,0.));
#10415=DIRECTION('',(0.,-1.,0.));
#10416=DIRECTION('',(1.,0.,0.));
#10417=DIRECTION('',(0.,-1.,0.));
#10418=DIRECTION('',(-1.,0.,0.));
#10419=DIRECTION('',(0.,-1.,0.));
#10420=DIRECTION('',(1.,0.,0.));
#10421=DIRECTION('',(0.358498569744844,-0.93353027561558,0.));
#10422=DIRECTION('',(1.,0.,0.));
#10423=DIRECTION('',(0.,0.,-1.));
#10424=DIRECTION('',(-1.,0.,0.));
#10425=DIRECTION('',(0.,0.,-1.));
#10426=DIRECTION('',(-1.,0.,0.));
#10427=DIRECTION('',(1.,0.,0.));
#10428=DIRECTION('',(-0.353120644642651,-0.935577794909198,0.));
#10429=DIRECTION('',(0.,0.,-1.));
#10430=DIRECTION('',(-1.,0.,0.));
#10431=DIRECTION('',(0.,1.,0.));
#10432=DIRECTION('',(0.,0.,-1.));
#10433=DIRECTION('',(-1.,0.,0.));
#10434=DIRECTION('',(0.365120015360241,0.930960458012765,0.));
#10435=DIRECTION('',(-0.372412592757258,0.928067271675829,0.));
#10436=DIRECTION('',(-1.,0.,0.));
#10437=DIRECTION('',(0.,1.,0.));
#10438=DIRECTION('',(1.,0.,0.));
#10439=DIRECTION('',(0.,-1.,0.));
#10440=DIRECTION('',(1.,0.,0.));
#10441=DIRECTION('',(0.358498569744844,-0.93353027561558,0.));
#10442=DIRECTION('',(1.,0.,0.));
#10443=DIRECTION('',(0.,0.,-1.));
#10444=DIRECTION('',(-1.,0.,0.));
#10445=DIRECTION('',(0.,0.,-1.));
#10446=DIRECTION('',(-1.,0.,0.));
#10447=DIRECTION('',(1.,0.,0.));
#10448=DIRECTION('',(-0.353120644642651,-0.935577794909198,0.));
#10449=DIRECTION('',(0.,0.,-1.));
#10450=DIRECTION('',(-1.,0.,0.));
#10451=DIRECTION('',(0.,1.,0.));
#10452=DIRECTION('',(0.,0.,-1.));
#10453=DIRECTION('',(-1.,0.,0.));
#10454=DIRECTION('',(0.365120015360241,0.930960458012765,0.));
#10455=DIRECTION('',(-0.372412592757258,0.928067271675829,0.));
#10456=DIRECTION('',(-0.0755411127293927,-0.99714268802795,0.));
#10457=DIRECTION('',(-1.,0.,0.));
#10458=DIRECTION('',(-0.0773433805016381,0.997004514278937,0.));
#10459=DIRECTION('',(1.,0.,0.));
#10460=DIRECTION('',(0.,1.,0.));
#10461=DIRECTION('',(0.,0.,-1.));
#10462=DIRECTION('',(-1.,0.,0.));
#10463=DIRECTION('',(0.,0.,-1.));
#10464=DIRECTION('',(-1.,0.,0.));
#10465=DIRECTION('',(0.,0.,-1.));
#10466=DIRECTION('',(-1.,0.,0.));
#10467=DIRECTION('',(0.,0.,-1.));
#10468=DIRECTION('',(-1.,0.,0.));
#10469=DIRECTION('',(0.,0.,-1.));
#10470=DIRECTION('',(-1.,0.,0.));
#10471=DIRECTION('',(0.,0.,-1.));
#10472=DIRECTION('',(-1.,0.,0.));
#10473=DIRECTION('',(-0.401501827173281,-0.915858221984449,0.));
#10474=DIRECTION('',(0.,0.,-1.));
#10475=DIRECTION('',(-1.,0.,0.));
#10476=DIRECTION('',(0.,0.,-1.));
#10477=DIRECTION('',(-1.,0.,0.));
#10478=DIRECTION('',(-0.364640966502901,0.931148197414262,0.));
#10479=DIRECTION('',(-1.,0.,0.));
#10480=DIRECTION('',(-0.360741980673225,-0.932665654658709,0.));
#10481=DIRECTION('',(-1.,0.,0.));
#10482=DIRECTION('',(0.366279776202125,0.930504769222233,0.));
#10483=DIRECTION('',(1.,0.,0.));
#10484=DIRECTION('',(0.364697763408865,-0.931125953544724,0.));
#10485=DIRECTION('',(-1.,0.,0.));
#10486=DIRECTION('',(0.,1.,0.));
#10487=DIRECTION('',(0.,-1.,0.));
#10488=DIRECTION('',(-1.,0.,0.));
#10489=DIRECTION('',(0.,1.,0.));
#10490=DIRECTION('',(0.,-1.,0.));
#10491=DIRECTION('',(-1.,0.,0.));
#10492=DIRECTION('',(0.,1.,0.));
#10493=DIRECTION('',(1.,0.,0.));
#10494=DIRECTION('',(0.176299100283097,-0.984336643247304,0.));
#10495=DIRECTION('',(1.,0.,0.));
#10496=DIRECTION('',(0.,0.,-1.));
#10497=DIRECTION('',(-1.,0.,0.));
#10498=DIRECTION('',(0.,0.,-1.));
#10499=DIRECTION('',(-1.,0.,0.));
#10500=DIRECTION('',(1.,0.,0.));
#10501=DIRECTION('',(0.,0.,-1.));
#10502=DIRECTION('',(-1.,0.,0.));
#10503=DIRECTION('',(0.,0.,-1.));
#10504=DIRECTION('',(-1.,0.,0.));
#10505=DIRECTION('',(0.,-1.,0.));
#10506=DIRECTION('',(-1.,0.,0.));
#10507=DIRECTION('',(-0.20651569401523,0.978443288149808,0.));
#10508=DIRECTION('',(-1.,0.,0.));
#10509=DIRECTION('',(0.99946571033396,0.0326847650539568,0.));
#10510=DIRECTION('',(0.,1.,0.));
#10511=DIRECTION('',(-0.373806269003017,0.927506804963739,0.));
#10512=DIRECTION('',(0.,0.,-1.));
#10513=DIRECTION('',(-1.,0.,0.));
#10514=DIRECTION('',(0.,0.,-1.));
#10515=DIRECTION('',(-1.,0.,0.));
#10516=DIRECTION('',(0.,-1.,0.));
#10517=DIRECTION('',(-1.,0.,0.));
#10518=DIRECTION('',(-1.,0.,0.));
#10519=DIRECTION('',(0.,1.,0.));
#10520=DIRECTION('',(0.573606519308754,0.819130979151989,0.));
#10521=DIRECTION('',(-1.,0.,0.));
#10522=DIRECTION('',(0.,1.,0.));
#10523=DIRECTION('',(1.,0.,0.));
#10524=DIRECTION('',(0.,-1.,0.));
#10525=DIRECTION('',(-0.575702191023332,-0.817659456773378,0.));
#10526=DIRECTION('',(1.,0.,0.));
#10527=DIRECTION('',(0.,-1.,0.));
#10528=DIRECTION('',(-1.,0.,0.));
#10529=DIRECTION('',(0.,1.,0.));
#10530=DIRECTION('',(1.,0.,0.));
#10531=DIRECTION('',(0.,-1.,0.));
#10532=DIRECTION('',(0.,0.,-1.));
#10533=DIRECTION('',(-1.,0.,0.));
#10534=DIRECTION('',(0.,0.,-1.));
#10535=DIRECTION('',(-1.,0.,0.));
#10536=DIRECTION('',(0.,0.,-1.));
#10537=DIRECTION('',(-1.,0.,0.));
#10538=DIRECTION('',(0.,0.,-1.));
#10539=DIRECTION('',(-1.,0.,0.));
#10540=DIRECTION('',(0.,1.,0.));
#10541=DIRECTION('',(0.,-1.,0.));
#10542=DIRECTION('',(-1.,0.,0.));
#10543=DIRECTION('',(0.,1.,0.));
#10544=DIRECTION('',(1.,0.,0.));
#10545=DIRECTION('',(0.176299100283087,-0.984336643247306,0.));
#10546=DIRECTION('',(1.,0.,0.));
#10547=DIRECTION('',(0.,0.,-1.));
#10548=DIRECTION('',(-1.,0.,0.));
#10549=DIRECTION('',(0.,0.,-1.));
#10550=DIRECTION('',(-1.,0.,0.));
#10551=DIRECTION('',(0.,-1.,0.));
#10552=DIRECTION('',(-1.,0.,0.));
#10553=DIRECTION('',(0.,-1.,0.));
#10554=DIRECTION('',(-0.993075557181972,-0.117477392411121,0.));
#10555=DIRECTION('',(0.,0.,-1.));
#10556=DIRECTION('',(-1.,0.,0.));
#10557=DIRECTION('',(0.,0.,-1.));
#10558=DIRECTION('',(-1.,0.,0.));
#10559=DIRECTION('',(0.,0.,-1.));
#10560=DIRECTION('',(-1.,0.,0.));
#10561=DIRECTION('',(0.,0.,-1.));
#10562=DIRECTION('',(-1.,0.,0.));
#10563=DIRECTION('',(1.,0.,0.));
#10564=DIRECTION('',(0.,0.,-1.));
#10565=DIRECTION('',(-1.,0.,0.));
#10566=DIRECTION('',(0.,0.,-1.));
#10567=DIRECTION('',(-1.,0.,0.));
#10568=DIRECTION('',(0.,0.,-1.));
#10569=DIRECTION('',(-1.,0.,0.));
#10570=DIRECTION('',(0.,0.,-1.));
#10571=DIRECTION('',(-1.,0.,0.));
#10572=DIRECTION('',(0.,0.,-1.));
#10573=DIRECTION('',(-1.,0.,0.));
#10574=DIRECTION('',(0.,0.,-1.));
#10575=DIRECTION('',(-1.,0.,0.));
#10576=DIRECTION('',(0.,0.,-1.));
#10577=DIRECTION('',(-1.,0.,0.));
#10578=DIRECTION('',(1.,0.,0.));
#10579=DIRECTION('',(-1.,0.,0.));
#10580=DIRECTION('',(0.,1.,0.));
#10581=DIRECTION('',(-1.,0.,0.));
#10582=DIRECTION('',(0.,-1.,0.));
#10583=DIRECTION('',(-1.,0.,0.));
#10584=DIRECTION('',(0.,1.,0.));
#10585=DIRECTION('',(1.,0.,0.));
#10586=DIRECTION('',(0.,-1.,0.));
#10587=DIRECTION('',(1.,0.,0.));
#10588=DIRECTION('',(0.,1.,0.));
#10589=DIRECTION('',(1.,0.,0.));
#10590=DIRECTION('',(0.,-1.,0.));
#10591=DIRECTION('',(-0.206515694015223,0.978443288149809,0.));
#10592=DIRECTION('',(-1.,0.,0.));
#10593=DIRECTION('',(0.99946571033396,0.0326847650539566,0.));
#10594=DIRECTION('',(0.,1.,0.));
#10595=DIRECTION('',(-0.373806269003005,0.927506804963744,0.));
#10596=DIRECTION('',(0.,0.,-1.));
#10597=DIRECTION('',(-1.,0.,0.));
#10598=DIRECTION('',(0.,0.,-1.));
#10599=DIRECTION('',(-1.,0.,0.));
#10600=DIRECTION('',(0.,-1.,0.));
#10601=DIRECTION('',(-1.,0.,0.));
#10602=DIRECTION('',(0.,0.,-1.));
#10603=DIRECTION('',(-1.,0.,0.));
#10604=DIRECTION('',(0.,0.,-1.));
#10605=DIRECTION('',(-1.,0.,0.));
#10606=DIRECTION('',(-0.339854552780055,-0.940478007693252,0.));
#10607=DIRECTION('',(0.,0.,-1.));
#10608=DIRECTION('',(-1.,0.,0.));
#10609=DIRECTION('',(0.,0.,-1.));
#10610=DIRECTION('',(-1.,0.,0.));
#10611=DIRECTION('',(0.,0.,-1.));
#10612=DIRECTION('',(-1.,0.,0.));
#10613=DIRECTION('',(0.,-1.,0.));
#10614=DIRECTION('',(0.,0.,-1.));
#10615=DIRECTION('',(-1.,0.,0.));
#10616=DIRECTION('',(0.686331929065834,0.727288445628535,0.));
#10617=DIRECTION('',(1.,0.,0.));
#10618=DIRECTION('',(-0.689258274235598,-0.72451572198108,0.));
#10619=DIRECTION('',(0.602723991157096,-0.797949741828181,0.));
#10620=DIRECTION('',(-1.,0.,0.));
#10621=DIRECTION('',(-0.598653417791226,0.801008168102476,0.));
#10622=DIRECTION('',(-0.75568908278982,-0.654930538417839,0.));
#10623=DIRECTION('',(0.,-1.,0.));
#10624=DIRECTION('',(-1.,0.,0.));
#10625=DIRECTION('',(0.,1.,0.));
#10626=DIRECTION('',(1.,0.,0.));
#10627=DIRECTION('',(0.,-1.,0.));
#10628=DIRECTION('',(0.,0.,-1.));
#10629=DIRECTION('',(-1.,0.,0.));
#10630=DIRECTION('',(1.,0.,0.));
#10631=DIRECTION('',(0.,0.,-1.));
#10632=DIRECTION('',(-1.,0.,0.));
#10633=DIRECTION('',(0.,0.,-1.));
#10634=DIRECTION('',(-1.,0.,0.));
#10635=DIRECTION('',(-1.,0.,0.));
#10636=DIRECTION('',(0.,0.,-1.));
#10637=DIRECTION('',(-1.,0.,0.));
#10638=DIRECTION('',(0.,-1.,0.));
#10639=DIRECTION('',(-1.,0.,0.));
#10640=DIRECTION('',(0.,1.,0.));
#10641=DIRECTION('',(1.,0.,0.));
#10642=DIRECTION('',(0.151740441420698,-0.988420375365387,0.));
#10643=DIRECTION('',(1.,0.,0.));
#10644=DIRECTION('',(0.,0.,-1.));
#10645=DIRECTION('',(-1.,0.,0.));
#10646=DIRECTION('',(-0.206515694015223,0.978443288149809,0.));
#10647=DIRECTION('',(-1.,0.,0.));
#10648=DIRECTION('',(0.99946571033396,0.032684765053957,0.));
#10649=DIRECTION('',(0.,1.,0.));
#10650=DIRECTION('',(-0.37380626900302,0.927506804963738,0.));
#10651=DIRECTION('',(0.,0.,-1.));
#10652=DIRECTION('',(-1.,0.,0.));
#10653=DIRECTION('',(0.,0.,-1.));
#10654=DIRECTION('',(-1.,0.,0.));
#10655=DIRECTION('',(0.,-1.,0.));
#10656=DIRECTION('',(-1.,0.,0.));
#10657=DIRECTION('',(-1.,0.,0.));
#10658=DIRECTION('',(1.,0.,0.));
#10659=DIRECTION('',(-0.0887176113534297,0.996056818377216,0.));
#10660=DIRECTION('',(-0.0538636013802201,0.998548302510376,0.));
#10661=DIRECTION('',(0.,1.,0.));
#10662=DIRECTION('',(1.,0.,0.));
#10663=DIRECTION('',(0.,-1.,0.));
#10664=DIRECTION('',(-1.,0.,0.));
#10665=DIRECTION('',(-0.148656500420903,0.988888894104191,0.));
#10666=DIRECTION('',(1.,2.98447049630419E-16,0.));
#10667=DIRECTION('',(-1.23908819712629E-16,-1.,0.));
#10668=DIRECTION('',(1.,7.46117624076046E-17,0.));
#10669=DIRECTION('',(-1.23908819712629E-16,-1.,0.));
#10670=DIRECTION('',(0.,1.,0.));
#10671=DIRECTION('',(0.,0.,1.));
#10672=DIRECTION('',(1.,0.,0.));
#10673=DIRECTION('',(0.,0.,-1.));
#10674=DIRECTION('',(1.,0.,0.));
#10675=DIRECTION('',(0.,0.,1.));
#10676=DIRECTION('',(1.,0.,0.));
#10677=DIRECTION('',(0.,0.,1.));
#10678=DIRECTION('',(1.,0.,0.));
#10679=DIRECTION('',(0.,0.,-1.));
#10680=DIRECTION('',(0.,0.,-1.));
#10681=DIRECTION('',(-1.,0.,0.));
#10682=DIRECTION('',(0.,0.,1.));
#10683=DIRECTION('',(1.,0.,0.));
#10684=DIRECTION('',(0.,0.,1.));
#10685=DIRECTION('',(1.,0.,0.));
#10686=DIRECTION('',(0.,0.,1.));
#10687=DIRECTION('',(1.,0.,0.));
#10688=DIRECTION('',(1.82602471155453E-16,-1.,0.));
#10689=DIRECTION('',(0.,0.,1.));
#10690=DIRECTION('',(1.,0.,0.));
#10691=DIRECTION('',(1.,0.,0.));
#10692=DIRECTION('',(0.,0.,1.));
#10693=DIRECTION('',(1.,0.,0.));
#10694=DIRECTION('',(1.82602471155453E-16,-1.,0.));
#10695=DIRECTION('',(0.,0.,1.));
#10696=DIRECTION('',(1.,0.,0.));
#10697=DIRECTION('',(0.,-1.,0.));
#10698=DIRECTION('',(1.,2.98447049630419E-16,0.));
#10699=DIRECTION('',(-1.23908819712629E-16,-1.,0.));
#10700=DIRECTION('',(1.,7.46117624076046E-17,0.));
#10701=DIRECTION('',(-1.23908819712629E-16,-1.,0.));
#10702=DIRECTION('',(1.,2.98447049630419E-16,0.));
#10703=DIRECTION('',(0.,-1.,0.));
#10704=DIRECTION('',(0.,0.,1.));
#10705=DIRECTION('',(1.,0.,0.));
#10706=DIRECTION('',(0.,0.,1.));
#10707=DIRECTION('',(1.,0.,0.));
#10708=DIRECTION('',(0.,0.,1.));
#10709=DIRECTION('',(1.,0.,0.));
#10710=DIRECTION('',(0.,0.,1.));
#10711=DIRECTION('',(1.,0.,0.));
#10712=DIRECTION('',(0.,0.,1.));
#10713=DIRECTION('',(1.,0.,0.));
#10714=DIRECTION('',(0.,0.,1.));
#10715=DIRECTION('',(1.,0.,0.));
#10716=DIRECTION('',(0.,0.,1.));
#10717=DIRECTION('',(1.,0.,0.));
#10718=DIRECTION('',(0.,0.,1.));
#10719=DIRECTION('',(1.,0.,0.));
#10720=DIRECTION('',(0.,0.,-1.));
#10721=DIRECTION('',(-1.,0.,0.));
#10722=DIRECTION('',(0.,0.,-1.));
#10723=DIRECTION('',(-1.,0.,0.));
#10724=DIRECTION('',(0.,0.,1.));
#10725=DIRECTION('',(1.,0.,0.));
#10726=DIRECTION('',(0.,0.,1.));
#10727=DIRECTION('',(1.,0.,0.));
#10728=DIRECTION('',(0.,0.,1.));
#10729=DIRECTION('',(1.,0.,0.));
#10730=DIRECTION('',(0.,0.,1.));
#10731=DIRECTION('',(1.,0.,0.));
#10732=DIRECTION('',(0.,0.,1.));
#10733=DIRECTION('',(1.,0.,0.));
#10734=DIRECTION('',(0.,0.,-1.));
#10735=DIRECTION('',(-1.,0.,0.));
#10736=DIRECTION('',(0.,0.,-1.));
#10737=DIRECTION('',(-1.,0.,0.));
#10738=DIRECTION('',(0.,0.,1.));
#10739=DIRECTION('',(1.,0.,0.));
#10740=DIRECTION('',(0.,0.,1.));
#10741=DIRECTION('',(1.,0.,0.));
#10742=DIRECTION('',(0.,0.,1.));
#10743=DIRECTION('',(1.,0.,0.));
#10744=DIRECTION('',(0.,0.,1.));
#10745=DIRECTION('',(1.,0.,0.));
#10746=DIRECTION('',(0.,0.,1.));
#10747=DIRECTION('',(1.,0.,0.));
#10748=DIRECTION('',(0.,0.,-1.));
#10749=DIRECTION('',(-1.,0.,0.));
#10750=DIRECTION('',(0.,0.,-1.));
#10751=DIRECTION('',(-1.,0.,0.));
#10752=DIRECTION('',(0.,0.,1.));
#10753=DIRECTION('',(1.,0.,0.));
#10754=DIRECTION('',(0.,0.,1.));
#10755=DIRECTION('',(1.,0.,0.));
#10756=DIRECTION('',(0.,0.,1.));
#10757=DIRECTION('',(1.,0.,0.));
#10758=DIRECTION('',(0.,0.,1.));
#10759=DIRECTION('',(1.,0.,0.));
#10760=DIRECTION('',(0.,0.,1.));
#10761=DIRECTION('',(1.,0.,0.));
#10762=DIRECTION('',(0.,0.,-1.));
#10763=DIRECTION('',(-1.,0.,0.));
#10764=DIRECTION('',(1.,1.82602471155453E-16,0.));
#10765=DIRECTION('',(-1.82602471155453E-16,1.,0.));
#10766=DIRECTION('',(1.82602471155453E-16,-1.,0.));
#10767=DIRECTION('',(0.,0.,-1.));
#10768=DIRECTION('',(0.,0.,-1.));
#10769=DIRECTION('',(0.,1.,0.));
#10770=DIRECTION('',(0.,0.,1.));
#10771=DIRECTION('',(0.,0.,-1.));
#10772=DIRECTION('',(1.,0.,0.));
#10773=DIRECTION('',(0.,0.,-1.));
#10774=DIRECTION('',(1.,-1.23908819712629E-16,0.));
#10775=DIRECTION('',(1.23908819712629E-16,1.,0.));
#10776=DIRECTION('',(0.,0.,-1.));
#10777=DIRECTION('',(0.,0.,-1.));
#10778=DIRECTION('',(-2.98447049630419E-16,1.,0.));
#10779=DIRECTION('',(-1.,-2.98447049630419E-16,0.));
#10780=DIRECTION('',(1.,2.98447049630419E-16,0.));
#10781=DIRECTION('',(0.,0.,1.));
#10782=DIRECTION('',(0.,0.,-1.));
#10783=DIRECTION('',(0.,0.,1.));
#10784=DIRECTION('',(1.,-1.23908819712629E-16,0.));
#10785=DIRECTION('',(1.23908819712629E-16,1.,0.));
#10786=DIRECTION('',(0.,0.,-1.));
#10787=DIRECTION('',(-7.46117624076046E-17,1.,0.));
#10788=DIRECTION('',(-1.,-7.46117624076046E-17,0.));
#10789=DIRECTION('',(1.,1.82602471155453E-16,0.));
#10790=DIRECTION('',(-1.82602471155453E-16,1.,0.));
#10791=DIRECTION('',(1.82602471155453E-16,-1.,0.));
#10792=DIRECTION('',(0.,0.,-1.));
#10793=DIRECTION('',(0.,0.,-1.));
#10794=DIRECTION('',(0.,0.,1.));
#10795=DIRECTION('',(1.,0.,0.));
#10796=DIRECTION('',(0.,0.,1.));
#10797=DIRECTION('',(1.,0.,0.));
#10798=DIRECTION('',(0.,0.,1.));
#10799=DIRECTION('',(1.,0.,0.));
#10800=DIRECTION('',(0.,0.,1.));
#10801=DIRECTION('',(1.,0.,0.));
#10802=DIRECTION('',(0.,0.,1.));
#10803=DIRECTION('',(1.,0.,0.));
#10804=DIRECTION('',(-1.,0.,0.));
#10805=DIRECTION('',(0.,0.,1.));
#10806=DIRECTION('',(0.,-1.,0.));
#10807=DIRECTION('',(-1.,0.,0.));
#10808=DIRECTION('',(0.,0.,1.));
#10809=DIRECTION('',(0.,-1.,0.));
#10810=DIRECTION('',(0.,0.,1.));
#10811=DIRECTION('',(1.,0.,0.));
#10812=DIRECTION('',(0.,0.,-1.));
#10813=DIRECTION('',(-1.,0.,0.));
#10814=DIRECTION('',(0.,0.,1.));
#10815=DIRECTION('',(1.,0.,0.));
#10816=DIRECTION('',(0.,0.,-1.));
#10817=DIRECTION('',(-1.,0.,0.));
#10818=DIRECTION('',(0.,0.,1.));
#10819=DIRECTION('',(1.,0.,0.));
#10820=DIRECTION('',(0.,0.,-1.));
#10821=DIRECTION('',(0.,0.,-1.));
#10822=DIRECTION('',(0.,0.,-1.));
#10823=DIRECTION('',(0.,0.,-1.));
#10824=DIRECTION('',(0.,0.,-1.));
#10825=DIRECTION('',(0.,0.,-1.));
#10826=DIRECTION('',(0.,0.,-1.));
#10827=DIRECTION('',(0.,0.,-1.));
#10828=DIRECTION('',(-1.,0.,0.));
#10829=DIRECTION('',(0.,0.,1.));
#10830=DIRECTION('',(0.,1.,0.));
#10831=DIRECTION('',(0.,0.,-1.));
#10832=DIRECTION('',(0.,1.,0.));
#10833=DIRECTION('',(0.,-1.,0.));
#10834=DIRECTION('',(0.,0.,-1.));
#10835=DIRECTION('',(0.,0.,-1.));
#10836=DIRECTION('',(-1.,0.,0.));
#10837=DIRECTION('',(0.,0.,-1.));
#10838=DIRECTION('',(-0.988888894104191,-0.148656500420903,0.));
#10839=DIRECTION('',(0.148656500420903,-0.988888894104191,0.));
#10840=DIRECTION('',(0.,0.,-1.));
#10841=DIRECTION('',(-0.148656500420903,0.988888894104191,0.));
#10842=DIRECTION('',(0.,-1.,0.));
#10843=DIRECTION('',(0.,0.,-1.));
#10844=DIRECTION('',(0.,0.,-1.));
#10845=DIRECTION('',(-1.,0.,0.));
#10846=DIRECTION('',(1.,0.,0.));
#10847=DIRECTION('',(0.,0.,-1.));
#10848=DIRECTION('',(0.,0.,-1.));
#10849=DIRECTION('',(0.,-1.,0.));
#10850=DIRECTION('',(0.,1.,0.));
#10851=DIRECTION('',(0.,0.,1.));
#10852=DIRECTION('',(0.,0.,-1.));
#10853=DIRECTION('',(1.,0.,0.));
#10854=DIRECTION('',(-1.,0.,0.));
#10855=DIRECTION('',(0.,0.,1.));
#10856=DIRECTION('',(0.,0.,-1.));
#10857=DIRECTION('',(0.,1.,0.));
#10858=DIRECTION('',(-0.998548302510376,-0.0538636013802201,0.));
#10859=DIRECTION('',(0.0538636013802201,-0.998548302510376,0.));
#10860=DIRECTION('',(0.,0.,-1.));
#10861=DIRECTION('',(-0.0538636013802201,0.998548302510376,0.));
#10862=DIRECTION('',(-0.996056818377216,-0.0887176113534297,0.));
#10863=DIRECTION('',(0.0887176113534297,-0.996056818377216,0.));
#10864=DIRECTION('',(0.,0.,-1.));
#10865=DIRECTION('',(-0.0887176113534297,0.996056818377216,0.));
#10866=DIRECTION('',(0.,1.,0.));
#10867=DIRECTION('',(0.,0.,1.));
#10868=DIRECTION('',(0.,0.,-1.));
#10869=DIRECTION('',(1.,0.,0.));
#10870=DIRECTION('',(0.,0.,-1.));
#10871=DIRECTION('',(0.,0.,-1.));
#10872=DIRECTION('',(0.,0.,-1.));
#10873=DIRECTION('',(0.,0.,-1.));
#10874=DIRECTION('',(0.,0.,-1.));
#10875=DIRECTION('',(0.,0.,1.));
#10876=DIRECTION('',(1.,0.,0.));
#10877=DIRECTION('',(0.,0.,1.));
#10878=DIRECTION('',(1.,0.,0.));
#10879=DIRECTION('',(0.,0.,-1.));
#10880=DIRECTION('',(0.,0.,-1.));
#10881=DIRECTION('',(0.,0.,-1.));
#10882=DIRECTION('',(0.,0.,-1.));
#10883=DIRECTION('',(0.,0.,-1.));
#10884=DIRECTION('',(0.,0.,-1.));
#10885=DIRECTION('',(0.0404293456554329,-0.999182399769869,0.));
#10886=DIRECTION('',(0.999182399769869,0.0404293456554329,0.));
#10887=DIRECTION('',(-0.999182399769869,-0.0404293456554329,0.));
#10888=DIRECTION('',(0.,0.,-1.));
#10889=DIRECTION('',(-0.999182399769869,-0.0404293456554329,0.));
#10890=DIRECTION('',(-1.,0.,0.));
#10891=DIRECTION('',(0.,0.,1.));
#10892=DIRECTION('',(0.,1.,0.));
#10893=DIRECTION('',(0.,0.,-1.));
#10894=DIRECTION('',(0.,1.,0.));
#10895=DIRECTION('',(-0.978443288149809,-0.206515694015223,0.));
#10896=DIRECTION('',(0.206515694015223,-0.97844328814981,0.));
#10897=DIRECTION('',(0.,0.,-1.));
#10898=DIRECTION('',(-0.206515694015223,0.978443288149809,0.));
#10899=DIRECTION('',(0.,0.,-1.));
#10900=DIRECTION('',(0.,-1.,0.));
#10901=DIRECTION('',(0.,0.,-1.));
#10902=DIRECTION('',(0.,0.,-1.));
#10903=DIRECTION('',(-1.,0.,0.));
#10904=DIRECTION('',(1.,0.,0.));
#10905=DIRECTION('',(0.,0.,-1.));
#10906=DIRECTION('',(0.,0.,-1.));
#10907=DIRECTION('',(0.,-1.,0.));
#10908=DIRECTION('',(0.,0.,-1.));
#10909=DIRECTION('',(0.,0.,-1.));
#10910=DIRECTION('',(0.,0.,-1.));
#10911=DIRECTION('',(-0.127254001219896,0.99187016245753,0.));
#10912=DIRECTION('',(0.,0.,-1.));
#10913=DIRECTION('',(0.,0.,-1.));
#10914=DIRECTION('',(-1.,0.,0.));
#10915=DIRECTION('',(0.,0.,-1.));
#10916=DIRECTION('',(-0.363016395587655,0.931782751790645,0.));
#10917=DIRECTION('',(0.,0.,-1.));
#10918=DIRECTION('',(0.,0.,-1.));
#10919=DIRECTION('',(-1.,0.,0.));
#10920=DIRECTION('',(-0.927506804963738,-0.37380626900302,0.));
#10921=DIRECTION('',(0.37380626900302,-0.927506804963738,0.));
#10922=DIRECTION('',(0.,0.,-1.));
#10923=DIRECTION('',(-0.37380626900302,0.927506804963738,0.));
#10924=DIRECTION('',(0.,0.,-1.));
#10925=DIRECTION('',(0.,0.,-1.));
#10926=DIRECTION('',(0.,0.,-1.));
#10927=DIRECTION('',(-1.,0.,0.));
#10928=DIRECTION('',(0.,0.,1.));
#10929=DIRECTION('',(0.,0.,-1.));
#10930=DIRECTION('',(0.,1.,0.));
#10931=DIRECTION('',(-0.032684765053957,0.99946571033396,0.));
#10932=DIRECTION('',(-0.99946571033396,-0.032684765053957,0.));
#10933=DIRECTION('',(0.,0.,-1.));
#10934=DIRECTION('',(0.99946571033396,0.032684765053957,0.));
#10935=DIRECTION('',(0.,0.,-1.));
#10936=DIRECTION('',(0.,0.,-1.));
#10937=DIRECTION('',(0.,0.,-1.));
#10938=DIRECTION('',(0.,0.,-1.));
#10939=DIRECTION('',(0.,0.,-1.));
#10940=DIRECTION('',(0.,-1.,0.));
#10941=DIRECTION('',(0.,0.,-1.));
#10942=DIRECTION('',(-1.,0.,0.));
#10943=DIRECTION('',(0.,0.,1.));
#10944=DIRECTION('',(1.,0.,0.));
#10945=DIRECTION('',(0.,0.,1.));
#10946=DIRECTION('',(1.,0.,0.));
#10947=DIRECTION('',(0.,0.,-1.));
#10948=DIRECTION('',(0.,0.,-1.));
#10949=DIRECTION('',(0.,0.,-1.));
#10950=DIRECTION('',(0.,0.,-1.));
#10951=DIRECTION('',(0.,0.,-1.));
#10952=DIRECTION('',(0.,0.,-1.));
#10953=DIRECTION('',(0.,0.,-1.));
#10954=DIRECTION('',(0.,0.,-1.));
#10955=DIRECTION('',(1.,0.,0.));
#10956=DIRECTION('',(0.,0.,-1.));
#10957=DIRECTION('',(0.,-1.,0.));
#10958=DIRECTION('',(0.,0.,-1.));
#10959=DIRECTION('',(0.,-1.,0.));
#10960=DIRECTION('',(0.,0.,-1.));
#10961=DIRECTION('',(-0.201554764423426,-0.979477246769019,0.));
#10962=DIRECTION('',(0.,0.,-1.));
#10963=DIRECTION('',(0.,0.,-1.));
#10964=DIRECTION('',(-1.,0.,0.));
#10965=DIRECTION('',(0.,0.,-1.));
#10966=DIRECTION('',(0.,0.,-1.));
#10967=DIRECTION('',(0.,0.,-1.));
#10968=DIRECTION('',(0.,0.,-1.));
#10969=DIRECTION('',(0.,0.,-1.));
#10970=DIRECTION('',(0.,0.,-1.));
#10971=DIRECTION('',(-0.20680852129564,0.978381436618414,0.));
#10972=DIRECTION('',(0.,0.,-1.));
#10973=DIRECTION('',(0.,0.,-1.));
#10974=DIRECTION('',(-1.,0.,0.));
#10975=DIRECTION('',(0.,0.,-1.));
#10976=DIRECTION('',(0.,1.,0.));
#10977=DIRECTION('',(0.,0.,1.));
#10978=DIRECTION('',(0.,0.,-1.));
#10979=DIRECTION('',(1.,0.,0.));
#10980=DIRECTION('',(0.988420375365387,0.151740441420698,0.));
#10981=DIRECTION('',(-0.151740441420698,0.988420375365387,0.));
#10982=DIRECTION('',(0.,0.,-1.));
#10983=DIRECTION('',(0.151740441420698,-0.988420375365387,0.));
#10984=DIRECTION('',(0.,1.,0.));
#10985=DIRECTION('',(0.,0.,1.));
#10986=DIRECTION('',(0.,0.,-1.));
#10987=DIRECTION('',(1.,0.,0.));
#10988=DIRECTION('',(-1.,0.,0.));
#10989=DIRECTION('',(0.,0.,1.));
#10990=DIRECTION('',(0.,0.,-1.));
#10991=DIRECTION('',(0.,1.,0.));
#10992=DIRECTION('',(0.,-1.,0.));
#10993=DIRECTION('',(0.,0.,-1.));
#10994=DIRECTION('',(0.,0.,-1.));
#10995=DIRECTION('',(-1.,0.,0.));
#10996=DIRECTION('',(1.,0.,0.));
#10997=DIRECTION('',(0.,0.,-1.));
#10998=DIRECTION('',(0.,0.,-1.));
#10999=DIRECTION('',(0.,-1.,0.));
#11000=DIRECTION('',(0.,0.,-1.));
#11001=DIRECTION('',(0.997857743372593,0.0654211280195972,0.));
#11002=DIRECTION('',(0.,0.,-1.));
#11003=DIRECTION('',(0.,0.,-1.));
#11004=DIRECTION('',(-1.,0.,0.));
#11005=DIRECTION('',(0.,-1.,0.));
#11006=DIRECTION('',(0.,0.,-1.));
#11007=DIRECTION('',(0.,0.,-1.));
#11008=DIRECTION('',(-1.,0.,0.));
#11009=DIRECTION('',(0.,0.,-1.));
#11010=DIRECTION('',(-0.632771373895099,-0.774338678085312,0.));
#11011=DIRECTION('',(0.,0.,-1.));
#11012=DIRECTION('',(-1.,0.,0.));
#11013=DIRECTION('',(0.,0.,1.));
#11014=DIRECTION('',(1.,0.,0.));
#11015=DIRECTION('',(0.,0.,1.));
#11016=DIRECTION('',(1.,0.,0.));
#11017=DIRECTION('',(0.,0.,-1.));
#11018=DIRECTION('',(-0.777073217195892,0.629410212116729,0.));
#11019=DIRECTION('',(0.,0.,-1.));
#11020=DIRECTION('',(0.,0.,-1.));
#11021=DIRECTION('',(-1.,0.,0.));
#11022=DIRECTION('',(0.,0.,-1.));
#11023=DIRECTION('',(0.,1.,0.));
#11024=DIRECTION('',(0.,0.,1.));
#11025=DIRECTION('',(0.,0.,-1.));
#11026=DIRECTION('',(1.,0.,0.));
#11027=DIRECTION('',(0.,0.,-1.));
#11028=DIRECTION('',(0.999050277563484,-0.0435722721501399,0.));
#11029=DIRECTION('',(0.,0.,-1.));
#11030=DIRECTION('',(0.,0.,-1.));
#11031=DIRECTION('',(-1.,0.,0.));
#11032=DIRECTION('',(1.,0.,0.));
#11033=DIRECTION('',(0.,0.,-1.));
#11034=DIRECTION('',(0.,0.,-1.));
#11035=DIRECTION('',(0.,-1.,0.));
#11036=DIRECTION('',(0.,1.,0.));
#11037=DIRECTION('',(0.,0.,1.));
#11038=DIRECTION('',(0.,0.,-1.));
#11039=DIRECTION('',(1.,0.,0.));
#11040=DIRECTION('',(-1.,0.,0.));
#11041=DIRECTION('',(0.,0.,1.));
#11042=DIRECTION('',(0.,0.,-1.));
#11043=DIRECTION('',(0.,1.,0.));
#11044=DIRECTION('',(0.,-1.,0.));
#11045=DIRECTION('',(0.,0.,-1.));
#11046=DIRECTION('',(0.,0.,-1.));
#11047=DIRECTION('',(-1.,0.,0.));
#11048=DIRECTION('',(1.,0.,0.));
#11049=DIRECTION('',(0.,0.,-1.));
#11050=DIRECTION('',(0.,0.,-1.));
#11051=DIRECTION('',(0.,-1.,0.));
#11052=DIRECTION('',(0.654930538417839,-0.75568908278982,0.));
#11053=DIRECTION('',(0.75568908278982,0.654930538417839,0.));
#11054=DIRECTION('',(0.,0.,-1.));
#11055=DIRECTION('',(-0.75568908278982,-0.654930538417839,0.));
#11056=DIRECTION('',(-0.801008168102476,-0.598653417791226,0.));
#11057=DIRECTION('',(0.598653417791226,-0.801008168102476,0.));
#11058=DIRECTION('',(0.,0.,-1.));
#11059=DIRECTION('',(-0.598653417791226,0.801008168102476,0.));
#11060=DIRECTION('',(0.,-1.,0.));
#11061=DIRECTION('',(0.,0.,-1.));
#11062=DIRECTION('',(0.,0.,-1.));
#11063=DIRECTION('',(-1.,0.,0.));
#11064=DIRECTION('',(0.797949741828181,0.602723991157096,0.));
#11065=DIRECTION('',(-0.602723991157096,0.797949741828182,0.));
#11066=DIRECTION('',(0.,0.,-1.));
#11067=DIRECTION('',(0.602723991157096,-0.797949741828181,0.));
#11068=DIRECTION('',(0.72451572198108,-0.689258274235598,0.));
#11069=DIRECTION('',(0.689258274235598,0.72451572198108,0.));
#11070=DIRECTION('',(0.,0.,-1.));
#11071=DIRECTION('',(-0.689258274235598,-0.72451572198108,0.));
#11072=DIRECTION('',(0.,1.,0.));
#11073=DIRECTION('',(0.,0.,1.));
#11074=DIRECTION('',(0.,0.,-1.));
#11075=DIRECTION('',(1.,0.,0.));
#11076=DIRECTION('',(-0.727288445628535,0.686331929065834,0.));
#11077=DIRECTION('',(-0.686331929065834,-0.727288445628535,0.));
#11078=DIRECTION('',(0.686331929065834,0.727288445628535,0.));
#11079=DIRECTION('',(0.,0.,1.));
#11080=DIRECTION('',(1.,0.,0.));
#11081=DIRECTION('',(0.,0.,-1.));
#11082=DIRECTION('',(0.,0.,-1.));
#11083=DIRECTION('',(0.,0.,-1.));
#11084=DIRECTION('',(1.,0.,0.));
#11085=DIRECTION('',(0.,0.,-1.));
#11086=DIRECTION('',(0.,0.,-1.));
#11087=DIRECTION('',(0.,-1.,0.));
#11088=DIRECTION('',(0.,0.,-1.));
#11089=DIRECTION('',(0.20096860055413,-0.979597683537132,0.));
#11090=DIRECTION('',(0.,0.,-1.));
#11091=DIRECTION('',(0.,0.,-1.));
#11092=DIRECTION('',(-1.,0.,0.));
#11093=DIRECTION('',(0.,0.,-1.));
#11094=DIRECTION('',(0.,0.,-1.));
#11095=DIRECTION('',(0.,0.,-1.));
#11096=DIRECTION('',(0.,0.,-1.));
#11097=DIRECTION('',(0.119335520745513,0.99285398397166,0.));
#11098=DIRECTION('',(0.,0.,-1.));
#11099=DIRECTION('',(0.,0.,-1.));
#11100=DIRECTION('',(-1.,0.,0.));
#11101=DIRECTION('',(0.,0.,-1.));
#11102=DIRECTION('',(0.292345855248609,0.956312658558361,0.));
#11103=DIRECTION('',(0.,0.,-1.));
#11104=DIRECTION('',(0.,0.,-1.));
#11105=DIRECTION('',(-1.,0.,0.));
#11106=DIRECTION('',(0.940478007693252,-0.339854552780055,0.));
#11107=DIRECTION('',(0.339854552780055,0.940478007693252,0.));
#11108=DIRECTION('',(0.,0.,-1.));
#11109=DIRECTION('',(-0.339854552780055,-0.940478007693252,0.));
#11110=DIRECTION('',(0.,0.,-1.));
#11111=DIRECTION('',(0.317536515006596,0.94824604488364,0.));
#11112=DIRECTION('',(0.,0.,-1.));
#11113=DIRECTION('',(0.,0.,-1.));
#11114=DIRECTION('',(-1.,0.,0.));
#11115=DIRECTION('',(0.,0.,-1.));
#11116=DIRECTION('',(0.107263403159153,0.99423063840475,0.));
#11117=DIRECTION('',(0.,0.,-1.));
#11118=DIRECTION('',(0.,0.,-1.));
#11119=DIRECTION('',(-1.,0.,0.));
#11120=DIRECTION('',(0.,0.,-1.));
#11121=DIRECTION('',(0.,0.,-1.));
#11122=DIRECTION('',(0.,0.,1.));
#11123=DIRECTION('',(1.,0.,0.));
#11124=DIRECTION('',(0.,0.,-1.));
#11125=DIRECTION('',(0.,0.,-1.));
#11126=DIRECTION('',(0.,0.,-1.));
#11127=DIRECTION('',(0.,0.,-1.));
#11128=DIRECTION('',(0.,0.,-1.));
#11129=DIRECTION('',(0.,0.,-1.));
#11130=DIRECTION('',(0.0404293456554336,-0.999182399769869,0.));
#11131=DIRECTION('',(0.999182399769869,0.0404293456554336,0.));
#11132=DIRECTION('',(-0.999182399769869,-0.0404293456554336,0.));
#11133=DIRECTION('',(0.,0.,-1.));
#11134=DIRECTION('',(-0.999182399769869,-0.0404293456554336,0.));
#11135=DIRECTION('',(-1.,0.,0.));
#11136=DIRECTION('',(0.,0.,1.));
#11137=DIRECTION('',(0.,1.,0.));
#11138=DIRECTION('',(0.,0.,-1.));
#11139=DIRECTION('',(0.,1.,0.));
#11140=DIRECTION('',(-0.978443288149809,-0.206515694015223,0.));
#11141=DIRECTION('',(0.206515694015223,-0.97844328814981,0.));
#11142=DIRECTION('',(0.,0.,-1.));
#11143=DIRECTION('',(-0.206515694015223,0.978443288149809,0.));
#11144=DIRECTION('',(0.,0.,-1.));
#11145=DIRECTION('',(0.,-1.,0.));
#11146=DIRECTION('',(0.,0.,-1.));
#11147=DIRECTION('',(0.,0.,-1.));
#11148=DIRECTION('',(-1.,0.,0.));
#11149=DIRECTION('',(1.,0.,0.));
#11150=DIRECTION('',(0.,0.,-1.));
#11151=DIRECTION('',(0.,0.,-1.));
#11152=DIRECTION('',(0.,-1.,0.));
#11153=DIRECTION('',(0.,0.,-1.));
#11154=DIRECTION('',(0.,0.,-1.));
#11155=DIRECTION('',(0.,0.,-1.));
#11156=DIRECTION('',(-0.127254001261038,0.991870162452252,0.));
#11157=DIRECTION('',(0.,0.,-1.));
#11158=DIRECTION('',(0.,0.,-1.));
#11159=DIRECTION('',(-1.,0.,0.));
#11160=DIRECTION('',(0.,0.,-1.));
#11161=DIRECTION('',(-0.363016395587647,0.931782751790648,0.));
#11162=DIRECTION('',(0.,0.,-1.));
#11163=DIRECTION('',(0.,0.,-1.));
#11164=DIRECTION('',(-1.,0.,0.));
#11165=DIRECTION('',(-0.927506804963744,-0.373806269003005,0.));
#11166=DIRECTION('',(0.373806269003005,-0.927506804963744,0.));
#11167=DIRECTION('',(0.,0.,-1.));
#11168=DIRECTION('',(-0.373806269003005,0.927506804963744,0.));
#11169=DIRECTION('',(0.,0.,-1.));
#11170=DIRECTION('',(0.,0.,-1.));
#11171=DIRECTION('',(0.,0.,-1.));
#11172=DIRECTION('',(-1.,0.,0.));
#11173=DIRECTION('',(0.,0.,1.));
#11174=DIRECTION('',(0.,0.,-1.));
#11175=DIRECTION('',(0.,1.,0.));
#11176=DIRECTION('',(-0.0326847650539566,0.99946571033396,0.));
#11177=DIRECTION('',(-0.99946571033396,-0.0326847650539565,0.));
#11178=DIRECTION('',(0.,0.,-1.));
#11179=DIRECTION('',(0.99946571033396,0.0326847650539566,0.));
#11180=DIRECTION('',(0.,0.,-1.));
#11181=DIRECTION('',(0.,0.,-1.));
#11182=DIRECTION('',(0.,0.,-1.));
#11183=DIRECTION('',(0.,0.,-1.));
#11184=DIRECTION('',(0.,0.,-1.));
#11185=DIRECTION('',(0.,-1.,0.));
#11186=DIRECTION('',(0.,0.,-1.));
#11187=DIRECTION('',(-1.,0.,0.));
#11188=DIRECTION('',(0.,0.,1.));
#11189=DIRECTION('',(1.,0.,0.));
#11190=DIRECTION('',(0.,0.,1.));
#11191=DIRECTION('',(1.,0.,0.));
#11192=DIRECTION('',(0.,-1.,0.));
#11193=DIRECTION('',(0.,0.,-1.));
#11194=DIRECTION('',(0.,0.,-1.));
#11195=DIRECTION('',(-1.,0.,0.));
#11196=DIRECTION('',(0.,0.,-1.));
#11197=DIRECTION('',(1.,0.,0.));
#11198=DIRECTION('',(0.,0.,-1.));
#11199=DIRECTION('',(0.,0.,-1.));
#11200=DIRECTION('',(0.,-1.,0.));
#11201=DIRECTION('',(0.,1.,0.));
#11202=DIRECTION('',(0.,0.,1.));
#11203=DIRECTION('',(0.,0.,-1.));
#11204=DIRECTION('',(1.,0.,0.));
#11205=DIRECTION('',(-1.,0.,0.));
#11206=DIRECTION('',(0.,0.,1.));
#11207=DIRECTION('',(0.,0.,-1.));
#11208=DIRECTION('',(0.,1.,0.));
#11209=DIRECTION('',(0.,1.,0.));
#11210=DIRECTION('',(0.,0.,1.));
#11211=DIRECTION('',(0.,0.,-1.));
#11212=DIRECTION('',(1.,0.,0.));
#11213=DIRECTION('',(1.,0.,0.));
#11214=DIRECTION('',(0.,0.,-1.));
#11215=DIRECTION('',(0.,0.,-1.));
#11216=DIRECTION('',(0.,-1.,0.));
#11217=DIRECTION('',(0.,1.,0.));
#11218=DIRECTION('',(0.,0.,1.));
#11219=DIRECTION('',(0.,0.,-1.));
#11220=DIRECTION('',(1.,0.,0.));
#11221=DIRECTION('',(-1.,0.,0.));
#11222=DIRECTION('',(0.,0.,1.));
#11223=DIRECTION('',(0.,0.,-1.));
#11224=DIRECTION('',(0.,1.,0.));
#11225=DIRECTION('',(0.,-1.,0.));
#11226=DIRECTION('',(0.,0.,-1.));
#11227=DIRECTION('',(0.,0.,-1.));
#11228=DIRECTION('',(-1.,0.,0.));
#11229=DIRECTION('',(1.,0.,0.));
#11230=DIRECTION('',(0.,0.,-1.));
#11231=DIRECTION('',(0.,0.,-1.));
#11232=DIRECTION('',(0.,-1.,0.));
#11233=DIRECTION('',(0.,-1.,0.));
#11234=DIRECTION('',(0.,0.,-1.));
#11235=DIRECTION('',(0.,0.,-1.));
#11236=DIRECTION('',(-1.,0.,0.));
#11237=DIRECTION('',(-1.,0.,0.));
#11238=DIRECTION('',(0.,0.,1.));
#11239=DIRECTION('',(0.,1.,0.));
#11240=DIRECTION('',(0.,0.,1.));
#11241=DIRECTION('',(1.,0.,0.));
#11242=DIRECTION('',(0.,0.,-1.));
#11243=DIRECTION('',(0.,0.,-1.));
#11244=DIRECTION('',(0.,0.,-1.));
#11245=DIRECTION('',(0.,0.,-1.));
#11246=DIRECTION('',(0.,0.,-1.));
#11247=DIRECTION('',(0.,0.,-1.));
#11248=DIRECTION('',(0.,0.,-1.));
#11249=DIRECTION('',(-0.873549624510158,-0.486735095835673,0.));
#11250=DIRECTION('',(0.,0.,-1.));
#11251=DIRECTION('',(-1.,0.,0.));
#11252=DIRECTION('',(0.,0.,-1.));
#11253=DIRECTION('',(0.,0.,-1.));
#11254=DIRECTION('',(-1.,0.,0.));
#11255=DIRECTION('',(0.,0.,-1.));
#11256=DIRECTION('',(0.,0.,-1.));
#11257=DIRECTION('',(0.,0.,-1.));
#11258=DIRECTION('',(0.,-1.,0.));
#11259=DIRECTION('',(0.,0.,-1.));
#11260=DIRECTION('',(-1.,0.,0.));
#11261=DIRECTION('',(0.,0.,-1.));
#11262=DIRECTION('',(-1.,0.,0.));
#11263=DIRECTION('',(0.,0.,-1.));
#11264=DIRECTION('',(0.,0.,-1.));
#11265=DIRECTION('',(0.,0.,-1.));
#11266=DIRECTION('',(0.,0.,-1.));
#11267=DIRECTION('',(1.,0.,0.));
#11268=DIRECTION('',(0.,0.,-1.));
#11269=DIRECTION('',(0.,0.,-1.));
#11270=DIRECTION('',(0.,-1.,0.));
#11271=DIRECTION('',(0.,0.,-1.));
#11272=DIRECTION('',(0.,1.,0.));
#11273=DIRECTION('',(0.,0.,1.));
#11274=DIRECTION('',(0.,0.,-1.));
#11275=DIRECTION('',(1.,0.,0.));
#11276=DIRECTION('',(0.,0.,-1.));
#11277=DIRECTION('',(0.133005258043287,0.991115332003717,0.));
#11278=DIRECTION('',(0.,0.,-1.));
#11279=DIRECTION('',(0.,0.,-1.));
#11280=DIRECTION('',(-1.,0.,0.));
#11281=DIRECTION('',(0.,0.,-1.));
#11282=DIRECTION('',(0.,0.,-1.));
#11283=DIRECTION('',(0.,0.,-1.));
#11284=DIRECTION('',(-0.962296286746245,-0.272003412688864,0.));
#11285=DIRECTION('',(0.,0.,-1.));
#11286=DIRECTION('',(0.,0.,-1.));
#11287=DIRECTION('',(-1.,0.,0.));
#11288=DIRECTION('',(0.,0.,-1.));
#11289=DIRECTION('',(-0.647767313388184,-0.76183824248055,0.));
#11290=DIRECTION('',(0.,0.,-1.));
#11291=DIRECTION('',(0.,0.,-1.));
#11292=DIRECTION('',(-1.,0.,0.));
#11293=DIRECTION('',(0.,0.,-1.));
#11294=DIRECTION('',(0.,0.,-1.));
#11295=DIRECTION('',(-0.95522820483383,0.295870033443635,0.));
#11296=DIRECTION('',(0.,0.,-1.));
#11297=DIRECTION('',(0.,0.,-1.));
#11298=DIRECTION('',(-1.,0.,0.));
#11299=DIRECTION('',(0.,0.,-1.));
#11300=DIRECTION('',(-0.954961978914588,-0.296728190146358,0.));
#11301=DIRECTION('',(0.,0.,-1.));
#11302=DIRECTION('',(0.,0.,-1.));
#11303=DIRECTION('',(-1.,0.,0.));
#11304=DIRECTION('',(0.,0.,-1.));
#11305=DIRECTION('',(-0.6391732994218,-0.769062736911788,0.));
#11306=DIRECTION('',(0.,0.,-1.));
#11307=DIRECTION('',(0.,0.,-1.));
#11308=DIRECTION('',(-1.,0.,0.));
#11309=DIRECTION('',(0.,0.,-1.));
#11310=DIRECTION('',(0.,0.,-1.));
#11311=DIRECTION('',(-0.937207580145616,0.34877206269654,0.));
#11312=DIRECTION('',(0.,0.,-1.));
#11313=DIRECTION('',(0.,0.,-1.));
#11314=DIRECTION('',(-1.,0.,0.));
#11315=DIRECTION('',(0.,0.,-1.));
#11316=DIRECTION('',(0.,0.,-1.));
#11317=DIRECTION('',(0.,0.,-1.));
#11318=DIRECTION('',(0.,0.,-1.));
#11319=DIRECTION('',(0.,0.,-1.));
#11320=DIRECTION('',(0.,0.,-1.));
#11321=DIRECTION('',(0.,1.,0.));
#11322=DIRECTION('',(0.,0.,1.));
#11323=DIRECTION('',(0.,0.,-1.));
#11324=DIRECTION('',(1.,0.,0.));
#11325=DIRECTION('',(0.,0.,-1.));
#11326=DIRECTION('',(0.,0.,-1.));
#11327=DIRECTION('',(-0.87113974557074,-0.491035175610613,0.));
#11328=DIRECTION('',(0.,0.,-1.));
#11329=DIRECTION('',(0.,0.,-1.));
#11330=DIRECTION('',(-1.,0.,0.));
#11331=DIRECTION('',(0.,0.,-1.));
#11332=DIRECTION('',(0.,0.,-1.));
#11333=DIRECTION('',(-0.0885396369672516,-0.996072654320812,0.));
#11334=DIRECTION('',(0.,0.,-1.));
#11335=DIRECTION('',(0.,0.,-1.));
#11336=DIRECTION('',(-1.,0.,0.));
#11337=DIRECTION('',(0.,0.,-1.));
#11338=DIRECTION('',(0.,0.,-1.));
#11339=DIRECTION('',(0.,0.,-1.));
#11340=DIRECTION('',(0.984474545003253,0.175527405953141,0.));
#11341=DIRECTION('',(0.,0.,-1.));
#11342=DIRECTION('',(0.,0.,-1.));
#11343=DIRECTION('',(-1.,0.,0.));
#11344=DIRECTION('',(0.,0.,-1.));
#11345=DIRECTION('',(0.874227492215251,0.485516520681874,0.));
#11346=DIRECTION('',(0.,0.,-1.));
#11347=DIRECTION('',(0.,0.,-1.));
#11348=DIRECTION('',(-1.,0.,0.));
#11349=DIRECTION('',(0.117477392411121,-0.993075557181972,0.));
#11350=DIRECTION('',(0.993075557181972,0.117477392411121,0.));
#11351=DIRECTION('',(-0.993075557181972,-0.117477392411121,0.));
#11352=DIRECTION('',(0.,0.,1.));
#11353=DIRECTION('',(1.,0.,0.));
#11354=DIRECTION('',(0.,0.,1.));
#11355=DIRECTION('',(1.,0.,0.));
#11356=DIRECTION('',(0.,0.,1.));
#11357=DIRECTION('',(1.,0.,0.));
#11358=DIRECTION('',(-1.,0.,0.));
#11359=DIRECTION('',(0.,0.,1.));
#11360=DIRECTION('',(0.,0.,-1.));
#11361=DIRECTION('',(0.,1.,0.));
#11362=DIRECTION('',(0.,0.,-1.));
#11363=DIRECTION('',(0.,-1.,0.));
#11364=DIRECTION('',(0.,0.,-1.));
#11365=DIRECTION('',(0.,0.,-1.));
#11366=DIRECTION('',(-1.,0.,0.));
#11367=DIRECTION('',(1.,0.,0.));
#11368=DIRECTION('',(0.,0.,-1.));
#11369=DIRECTION('',(0.,0.,-1.));
#11370=DIRECTION('',(0.,-1.,0.));
#11371=DIRECTION('',(0.,0.,-1.));
#11372=DIRECTION('',(0.,0.,-1.));
#11373=DIRECTION('',(0.,0.,-1.));
#11374=DIRECTION('',(-0.216632098567887,0.97625331439646,0.));
#11375=DIRECTION('',(0.,0.,-1.));
#11376=DIRECTION('',(0.,0.,-1.));
#11377=DIRECTION('',(-1.,0.,0.));
#11378=DIRECTION('',(0.,0.,-1.));
#11379=DIRECTION('',(-0.661841092660286,0.749644160963212,0.));
#11380=DIRECTION('',(0.,0.,-1.));
#11381=DIRECTION('',(0.,0.,-1.));
#11382=DIRECTION('',(-1.,0.,0.));
#11383=DIRECTION('',(0.,1.,0.));
#11384=DIRECTION('',(0.,0.,1.));
#11385=DIRECTION('',(0.,0.,-1.));
#11386=DIRECTION('',(1.,0.,0.));
#11387=DIRECTION('',(0.984336643247306,0.176299100283087,0.));
#11388=DIRECTION('',(-0.176299100283087,0.984336643247306,0.));
#11389=DIRECTION('',(0.,0.,-1.));
#11390=DIRECTION('',(0.176299100283087,-0.984336643247306,0.));
#11391=DIRECTION('',(0.,1.,0.));
#11392=DIRECTION('',(0.,0.,1.));
#11393=DIRECTION('',(0.,0.,-1.));
#11394=DIRECTION('',(1.,0.,0.));
#11395=DIRECTION('',(-1.,0.,0.));
#11396=DIRECTION('',(0.,0.,1.));
#11397=DIRECTION('',(0.,0.,-1.));
#11398=DIRECTION('',(0.,1.,0.));
#11399=DIRECTION('',(0.,-1.,0.));
#11400=DIRECTION('',(0.,0.,-1.));
#11401=DIRECTION('',(0.,0.,-1.));
#11402=DIRECTION('',(-1.,0.,0.));
#11403=DIRECTION('',(1.,0.,0.));
#11404=DIRECTION('',(0.,0.,-1.));
#11405=DIRECTION('',(0.,0.,-1.));
#11406=DIRECTION('',(0.,-1.,0.));
#11407=DIRECTION('',(0.,0.,-1.));
#11408=DIRECTION('',(0.,0.,-1.));
#11409=DIRECTION('',(0.,0.,-1.));
#11410=DIRECTION('',(0.,0.,1.));
#11411=DIRECTION('',(1.,0.,0.));
#11412=DIRECTION('',(0.,0.,-1.));
#11413=DIRECTION('',(0.,0.,-1.));
#11414=DIRECTION('',(0.,0.,-1.));
#11415=DIRECTION('',(0.,0.,-1.));
#11416=DIRECTION('',(-0.36995118664888,-0.929051193151963,0.));
#11417=DIRECTION('',(0.,0.,-1.));
#11418=DIRECTION('',(0.,0.,-1.));
#11419=DIRECTION('',(-1.,0.,0.));
#11420=DIRECTION('',(0.,0.,-1.));
#11421=DIRECTION('',(0.370732483549387,-0.928739697461729,0.));
#11422=DIRECTION('',(0.,0.,-1.));
#11423=DIRECTION('',(0.,0.,-1.));
#11424=DIRECTION('',(-1.,0.,0.));
#11425=DIRECTION('',(0.,0.,-1.));
#11426=DIRECTION('',(0.,0.,-1.));
#11427=DIRECTION('',(0.,0.,-1.));
#11428=DIRECTION('',(0.365693709329035,0.930735252881919,0.));
#11429=DIRECTION('',(0.,0.,-1.));
#11430=DIRECTION('',(0.,0.,-1.));
#11431=DIRECTION('',(-1.,0.,0.));
#11432=DIRECTION('',(0.,0.,-1.));
#11433=DIRECTION('',(-0.359875665624761,0.933000270788351,0.));
#11434=DIRECTION('',(0.,0.,-1.));
#11435=DIRECTION('',(-1.,0.,0.));
#11436=DIRECTION('',(0.,0.,1.));
#11437=DIRECTION('',(1.,0.,0.));
#11438=DIRECTION('',(0.,-1.,0.));
#11439=DIRECTION('',(0.,0.,-1.));
#11440=DIRECTION('',(0.,0.,-1.));
#11441=DIRECTION('',(-1.,0.,0.));
#11442=DIRECTION('',(0.,0.,-1.));
#11443=DIRECTION('',(1.,0.,0.));
#11444=DIRECTION('',(0.,0.,-1.));
#11445=DIRECTION('',(0.,0.,-1.));
#11446=DIRECTION('',(0.,-1.,0.));
#11447=DIRECTION('',(0.,1.,0.));
#11448=DIRECTION('',(0.,0.,1.));
#11449=DIRECTION('',(0.,0.,-1.));
#11450=DIRECTION('',(1.,0.,0.));
#11451=DIRECTION('',(-1.,0.,0.));
#11452=DIRECTION('',(0.,0.,1.));
#11453=DIRECTION('',(0.,1.,0.));
#11454=DIRECTION('',(0.,0.,1.));
#11455=DIRECTION('',(1.,0.,0.));
#11456=DIRECTION('',(0.,-1.,0.));
#11457=DIRECTION('',(0.,0.,-1.));
#11458=DIRECTION('',(0.,0.,-1.));
#11459=DIRECTION('',(-1.,0.,0.));
#11460=DIRECTION('',(0.,0.,-1.));
#11461=DIRECTION('',(1.,0.,0.));
#11462=DIRECTION('',(0.,0.,-1.));
#11463=DIRECTION('',(0.,0.,-1.));
#11464=DIRECTION('',(0.,-1.,0.));
#11465=DIRECTION('',(0.,1.,0.));
#11466=DIRECTION('',(0.,0.,1.));
#11467=DIRECTION('',(0.,0.,-1.));
#11468=DIRECTION('',(1.,0.,0.));
#11469=DIRECTION('',(0.817659456773378,-0.575702191023332,0.));
#11470=DIRECTION('',(0.575702191023332,0.817659456773378,0.));
#11471=DIRECTION('',(0.,0.,-1.));
#11472=DIRECTION('',(-0.575702191023332,-0.817659456773378,0.));
#11473=DIRECTION('',(1.,0.,0.));
#11474=DIRECTION('',(0.,0.,-1.));
#11475=DIRECTION('',(0.,0.,-1.));
#11476=DIRECTION('',(0.,-1.,0.));
#11477=DIRECTION('',(0.,1.,0.));
#11478=DIRECTION('',(0.,0.,1.));
#11479=DIRECTION('',(0.,0.,-1.));
#11480=DIRECTION('',(1.,0.,0.));
#11481=DIRECTION('',(-1.,0.,0.));
#11482=DIRECTION('',(0.,0.,1.));
#11483=DIRECTION('',(0.,0.,-1.));
#11484=DIRECTION('',(0.,1.,0.));
#11485=DIRECTION('',(0.,-1.,0.));
#11486=DIRECTION('',(0.,0.,-1.));
#11487=DIRECTION('',(0.,0.,-1.));
#11488=DIRECTION('',(-1.,0.,0.));
#11489=DIRECTION('',(-0.819130979151989,0.573606519308754,0.));
#11490=DIRECTION('',(-0.573606519308754,-0.819130979151989,0.));
#11491=DIRECTION('',(0.,0.,-1.));
#11492=DIRECTION('',(0.573606519308754,0.819130979151989,0.));
#11493=DIRECTION('',(-1.,0.,0.));
#11494=DIRECTION('',(0.,0.,1.));
#11495=DIRECTION('',(0.,1.,0.));
#11496=DIRECTION('',(0.,0.,1.));
#11497=DIRECTION('',(1.,0.,0.));
#11498=DIRECTION('',(0.,0.,-1.));
#11499=DIRECTION('',(0.,0.,-1.));
#11500=DIRECTION('',(0.,0.,-1.));
#11501=DIRECTION('',(0.,0.,-1.));
#11502=DIRECTION('',(0.,0.,-1.));
#11503=DIRECTION('',(0.,0.,-1.));
#11504=DIRECTION('',(0.0404293456554333,-0.999182399769869,0.));
#11505=DIRECTION('',(0.999182399769869,0.0404293456554333,0.));
#11506=DIRECTION('',(-0.999182399769869,-0.0404293456554333,0.));
#11507=DIRECTION('',(0.,0.,-1.));
#11508=DIRECTION('',(-0.999182399769869,-0.0404293456554333,0.));
#11509=DIRECTION('',(-1.,0.,0.));
#11510=DIRECTION('',(0.,0.,1.));
#11511=DIRECTION('',(0.,1.,0.));
#11512=DIRECTION('',(0.,0.,-1.));
#11513=DIRECTION('',(0.,1.,0.));
#11514=DIRECTION('',(-0.978443288149808,-0.20651569401523,0.));
#11515=DIRECTION('',(0.20651569401523,-0.978443288149808,0.));
#11516=DIRECTION('',(0.,0.,-1.));
#11517=DIRECTION('',(-0.20651569401523,0.978443288149808,0.));
#11518=DIRECTION('',(0.,0.,-1.));
#11519=DIRECTION('',(0.,-1.,0.));
#11520=DIRECTION('',(0.,0.,-1.));
#11521=DIRECTION('',(0.,0.,-1.));
#11522=DIRECTION('',(-1.,0.,0.));
#11523=DIRECTION('',(1.,0.,0.));
#11524=DIRECTION('',(0.,0.,-1.));
#11525=DIRECTION('',(0.,0.,-1.));
#11526=DIRECTION('',(0.,-1.,0.));
#11527=DIRECTION('',(0.,0.,-1.));
#11528=DIRECTION('',(0.,0.,-1.));
#11529=DIRECTION('',(0.,0.,-1.));
#11530=DIRECTION('',(-0.127254001219888,0.991870162457531,0.));
#11531=DIRECTION('',(0.,0.,-1.));
#11532=DIRECTION('',(0.,0.,-1.));
#11533=DIRECTION('',(-1.,0.,0.));
#11534=DIRECTION('',(0.,0.,-1.));
#11535=DIRECTION('',(-0.363016395587655,0.931782751790645,0.));
#11536=DIRECTION('',(0.,0.,-1.));
#11537=DIRECTION('',(0.,0.,-1.));
#11538=DIRECTION('',(-1.,0.,0.));
#11539=DIRECTION('',(-0.927506804963739,-0.373806269003017,0.));
#11540=DIRECTION('',(0.373806269003017,-0.927506804963739,0.));
#11541=DIRECTION('',(0.,0.,-1.));
#11542=DIRECTION('',(-0.373806269003017,0.927506804963739,0.));
#11543=DIRECTION('',(0.,0.,-1.));
#11544=DIRECTION('',(0.,0.,-1.));
#11545=DIRECTION('',(0.,0.,-1.));
#11546=DIRECTION('',(-1.,0.,0.));
#11547=DIRECTION('',(0.,0.,1.));
#11548=DIRECTION('',(0.,0.,-1.));
#11549=DIRECTION('',(0.,1.,0.));
#11550=DIRECTION('',(-0.0326847650539568,0.99946571033396,0.));
#11551=DIRECTION('',(-0.99946571033396,-0.0326847650539568,0.));
#11552=DIRECTION('',(0.,0.,-1.));
#11553=DIRECTION('',(0.99946571033396,0.0326847650539568,0.));
#11554=DIRECTION('',(0.,0.,-1.));
#11555=DIRECTION('',(0.,0.,-1.));
#11556=DIRECTION('',(0.,0.,-1.));
#11557=DIRECTION('',(0.,0.,-1.));
#11558=DIRECTION('',(0.,0.,-1.));
#11559=DIRECTION('',(0.,-1.,0.));
#11560=DIRECTION('',(0.,0.,-1.));
#11561=DIRECTION('',(-1.,0.,0.));
#11562=DIRECTION('',(0.,0.,1.));
#11563=DIRECTION('',(1.,0.,0.));
#11564=DIRECTION('',(0.,0.,1.));
#11565=DIRECTION('',(1.,0.,0.));
#11566=DIRECTION('',(-1.,0.,0.));
#11567=DIRECTION('',(0.,0.,1.));
#11568=DIRECTION('',(0.,0.,-1.));
#11569=DIRECTION('',(0.,1.,0.));
#11570=DIRECTION('',(0.,0.,-1.));
#11571=DIRECTION('',(0.,-1.,0.));
#11572=DIRECTION('',(0.,0.,-1.));
#11573=DIRECTION('',(0.,0.,-1.));
#11574=DIRECTION('',(-1.,0.,0.));
#11575=DIRECTION('',(1.,0.,0.));
#11576=DIRECTION('',(0.,0.,-1.));
#11577=DIRECTION('',(0.,0.,-1.));
#11578=DIRECTION('',(0.,-1.,0.));
#11579=DIRECTION('',(0.,0.,-1.));
#11580=DIRECTION('',(0.,0.,-1.));
#11581=DIRECTION('',(0.,0.,-1.));
#11582=DIRECTION('',(-0.234960309971681,0.972004965387529,0.));
#11583=DIRECTION('',(0.,0.,-1.));
#11584=DIRECTION('',(0.,0.,-1.));
#11585=DIRECTION('',(-1.,0.,0.));
#11586=DIRECTION('',(0.,0.,-1.));
#11587=DIRECTION('',(-0.694637536414611,0.719359918958402,0.));
#11588=DIRECTION('',(0.,0.,-1.));
#11589=DIRECTION('',(0.,0.,-1.));
#11590=DIRECTION('',(-1.,0.,0.));
#11591=DIRECTION('',(0.,1.,0.));
#11592=DIRECTION('',(0.,0.,1.));
#11593=DIRECTION('',(0.,0.,-1.));
#11594=DIRECTION('',(1.,0.,0.));
#11595=DIRECTION('',(0.,0.,-1.));
#11596=DIRECTION('',(0.,0.,-1.));
#11597=DIRECTION('',(-0.233060335834913,0.972462276831609,0.));
#11598=DIRECTION('',(0.,0.,-1.));
#11599=DIRECTION('',(0.,0.,-1.));
#11600=DIRECTION('',(-1.,0.,0.));
#11601=DIRECTION('',(0.,0.,-1.));
#11602=DIRECTION('',(-0.687697114597029,0.725997712513559,0.));
#11603=DIRECTION('',(0.,0.,-1.));
#11604=DIRECTION('',(0.,0.,-1.));
#11605=DIRECTION('',(-1.,0.,0.));
#11606=DIRECTION('',(0.,1.,0.));
#11607=DIRECTION('',(0.,0.,1.));
#11608=DIRECTION('',(0.,0.,-1.));
#11609=DIRECTION('',(1.,0.,0.));
#11610=DIRECTION('',(0.984336643247304,0.176299100283097,0.));
#11611=DIRECTION('',(-0.176299100283097,0.984336643247304,0.));
#11612=DIRECTION('',(0.,0.,-1.));
#11613=DIRECTION('',(0.176299100283097,-0.984336643247304,0.));
#11614=DIRECTION('',(0.,1.,0.));
#11615=DIRECTION('',(0.,0.,1.));
#11616=DIRECTION('',(0.,0.,-1.));
#11617=DIRECTION('',(1.,0.,0.));
#11618=DIRECTION('',(-1.,0.,0.));
#11619=DIRECTION('',(0.,0.,1.));
#11620=DIRECTION('',(0.,0.,-1.));
#11621=DIRECTION('',(0.,1.,0.));
#11622=DIRECTION('',(0.,-1.,0.));
#11623=DIRECTION('',(0.,0.,-1.));
#11624=DIRECTION('',(0.,0.,-1.));
#11625=DIRECTION('',(-1.,0.,0.));
#11626=DIRECTION('',(1.,0.,0.));
#11627=DIRECTION('',(0.,0.,-1.));
#11628=DIRECTION('',(0.,0.,-1.));
#11629=DIRECTION('',(0.,-1.,0.));
#11630=DIRECTION('',(0.,0.,-1.));
#11631=DIRECTION('',(0.,0.,-1.));
#11632=DIRECTION('',(0.,0.,-1.));
#11633=DIRECTION('',(0.,0.,-1.));
#11634=DIRECTION('',(-1.,0.,0.));
#11635=DIRECTION('',(0.,0.,1.));
#11636=DIRECTION('',(0.,0.,-1.));
#11637=DIRECTION('',(0.,1.,0.));
#11638=DIRECTION('',(0.,-1.,0.));
#11639=DIRECTION('',(0.,0.,-1.));
#11640=DIRECTION('',(0.,0.,-1.));
#11641=DIRECTION('',(-1.,0.,0.));
#11642=DIRECTION('',(1.,0.,0.));
#11643=DIRECTION('',(0.,0.,-1.));
#11644=DIRECTION('',(0.,0.,-1.));
#11645=DIRECTION('',(0.,-1.,0.));
#11646=DIRECTION('',(0.,0.,-1.));
#11647=DIRECTION('',(0.,0.,-1.));
#11648=DIRECTION('',(0.,0.,-1.));
#11649=DIRECTION('',(0.,0.,1.));
#11650=DIRECTION('',(1.,0.,0.));
#11651=DIRECTION('',(-0.936111651620601,-0.351702965156892,0.));
#11652=DIRECTION('',(0.351702965156892,-0.936111651620601,0.));
#11653=DIRECTION('',(-0.351702965156892,0.936111651620601,0.));
#11654=DIRECTION('',(0.,0.,-1.));
#11655=DIRECTION('',(-0.351702965156892,0.936111651620601,0.));
#11656=DIRECTION('',(0.,0.,-1.));
#11657=DIRECTION('',(0.,1.,0.));
#11658=DIRECTION('',(0.,0.,1.));
#11659=DIRECTION('',(1.,0.,0.));
#11660=DIRECTION('',(0.,0.,-1.));
#11661=DIRECTION('',(1.,0.,0.));
#11662=DIRECTION('',(0.935020175891434,-0.35459451585713,0.));
#11663=DIRECTION('',(0.35459451585713,0.935020175891434,0.));
#11664=DIRECTION('',(-0.35459451585713,-0.935020175891434,0.));
#11665=DIRECTION('',(0.,0.,-1.));
#11666=DIRECTION('',(-0.35459451585713,-0.935020175891434,0.));
#11667=DIRECTION('',(0.,0.,-1.));
#11668=DIRECTION('',(0.958684081919041,-0.284472900422948,0.));
#11669=DIRECTION('',(0.,0.,-1.));
#11670=DIRECTION('',(-1.,0.,0.));
#11671=DIRECTION('',(0.,0.,-1.));
#11672=DIRECTION('',(0.,0.,-1.));
#11673=DIRECTION('',(-1.,0.,0.));
#11674=DIRECTION('',(-0.931148197414262,-0.364640966502901,0.));
#11675=DIRECTION('',(0.364640966502901,-0.931148197414262,0.));
#11676=DIRECTION('',(0.,0.,-1.));
#11677=DIRECTION('',(-0.364640966502901,0.931148197414262,0.));
#11678=DIRECTION('',(0.,0.,-1.));
#11679=DIRECTION('',(0.,-1.,0.));
#11680=DIRECTION('',(0.,0.,-1.));
#11681=DIRECTION('',(0.,0.,-1.));
#11682=DIRECTION('',(-1.,0.,0.));
#11683=DIRECTION('',(0.931125953544724,0.364697763408865,0.));
#11684=DIRECTION('',(-0.364697763408865,0.931125953544724,0.));
#11685=DIRECTION('',(0.,0.,-1.));
#11686=DIRECTION('',(0.364697763408865,-0.931125953544724,0.));
#11687=DIRECTION('',(0.,1.,0.));
#11688=DIRECTION('',(0.,0.,1.));
#11689=DIRECTION('',(0.,0.,-1.));
#11690=DIRECTION('',(1.,0.,0.));
#11691=DIRECTION('',(-0.930504769222233,0.366279776202125,0.));
#11692=DIRECTION('',(-0.366279776202125,-0.930504769222233,0.));
#11693=DIRECTION('',(0.,0.,-1.));
#11694=DIRECTION('',(0.366279776202125,0.930504769222233,0.));
#11695=DIRECTION('',(0.,-1.,0.));
#11696=DIRECTION('',(0.,0.,-1.));
#11697=DIRECTION('',(0.,0.,-1.));
#11698=DIRECTION('',(-1.,0.,0.));
#11699=DIRECTION('',(0.932665654658709,-0.360741980673225,0.));
#11700=DIRECTION('',(0.360741980673225,0.932665654658709,0.));
#11701=DIRECTION('',(0.,0.,-1.));
#11702=DIRECTION('',(-0.360741980673225,-0.932665654658709,0.));
#11703=DIRECTION('',(0.,-1.,0.));
#11704=DIRECTION('',(0.,0.,-1.));
#11705=DIRECTION('',(-1.,0.,0.));
#11706=DIRECTION('',(0.,0.,-1.));
#11707=DIRECTION('',(-0.951181553763821,-0.30863190337268,0.));
#11708=DIRECTION('',(0.,0.,-1.));
#11709=DIRECTION('',(-1.,0.,0.));
#11710=DIRECTION('',(0.,0.,-1.));
#11711=DIRECTION('',(-1.,0.,0.));
#11712=DIRECTION('',(0.,0.,1.));
#11713=DIRECTION('',(1.,0.,0.));
#11714=DIRECTION('',(0.,0.,1.));
#11715=DIRECTION('',(1.,0.,0.));
#11716=DIRECTION('',(0.,0.,-1.));
#11717=DIRECTION('',(0.,0.,-1.));
#11718=DIRECTION('',(0.,0.,-1.));
#11719=DIRECTION('',(0.,0.,-1.));
#11720=DIRECTION('',(0.,0.,-1.));
#11721=DIRECTION('',(0.,0.,-1.));
#11722=DIRECTION('',(-0.641371457967848,-0.767230508324713,0.));
#11723=DIRECTION('',(0.,0.,-1.));
#11724=DIRECTION('',(0.,0.,-1.));
#11725=DIRECTION('',(-1.,0.,0.));
#11726=DIRECTION('',(0.,0.,-1.));
#11727=DIRECTION('',(-0.955235683935233,-0.29584588578648,0.));
#11728=DIRECTION('',(0.,0.,-1.));
#11729=DIRECTION('',(0.,0.,-1.));
#11730=DIRECTION('',(-1.,0.,0.));
#11731=DIRECTION('',(0.,0.,-1.));
#11732=DIRECTION('',(0.,0.,-1.));
#11733=DIRECTION('',(0.,0.,-1.));
#11734=DIRECTION('',(0.915858221984449,-0.401501827173281,0.));
#11735=DIRECTION('',(0.401501827173281,0.915858221984449,0.));
#11736=DIRECTION('',(0.,0.,-1.));
#11737=DIRECTION('',(-0.401501827173281,-0.915858221984449,0.));
#11738=DIRECTION('',(0.,0.,-1.));
#11739=DIRECTION('',(0.202274853261982,0.979328792458306,0.));
#11740=DIRECTION('',(0.,0.,-1.));
#11741=DIRECTION('',(0.,0.,-1.));
#11742=DIRECTION('',(-1.,0.,0.));
#11743=DIRECTION('',(0.,0.,-1.));
#11744=DIRECTION('',(0.,0.,-1.));
#11745=DIRECTION('',(-0.888787368055298,0.458319773068254,0.));
#11746=DIRECTION('',(0.,0.,-1.));
#11747=DIRECTION('',(0.,0.,-1.));
#11748=DIRECTION('',(-1.,0.,0.));
#11749=DIRECTION('',(0.,0.,-1.));
#11750=DIRECTION('',(-0.969294709086122,-0.245901945778495,0.));
#11751=DIRECTION('',(0.,0.,-1.));
#11752=DIRECTION('',(0.,0.,-1.));
#11753=DIRECTION('',(-1.,0.,0.));
#11754=DIRECTION('',(0.,0.,-1.));
#11755=DIRECTION('',(-0.714750932659918,-0.699379084804355,0.));
#11756=DIRECTION('',(0.,0.,-1.));
#11757=DIRECTION('',(0.,0.,-1.));
#11758=DIRECTION('',(-1.,0.,0.));
#11759=DIRECTION('',(0.,0.,-1.));
#11760=DIRECTION('',(0.,0.,-1.));
#11761=DIRECTION('',(0.,0.,-1.));
#11762=DIRECTION('',(0.,0.,-1.));
#11763=DIRECTION('',(0.,0.,-1.));
#11764=DIRECTION('',(0.,0.,-1.));
#11765=DIRECTION('',(-0.127851101048679,-0.991793373622067,0.));
#11766=DIRECTION('',(0.,0.,-1.));
#11767=DIRECTION('',(0.,0.,-1.));
#11768=DIRECTION('',(-1.,0.,0.));
#11769=DIRECTION('',(0.,0.,-1.));
#11770=DIRECTION('',(-0.348807505197513,-0.937194389824164,0.));
#11771=DIRECTION('',(0.,0.,-1.));
#11772=DIRECTION('',(0.,0.,-1.));
#11773=DIRECTION('',(-1.,0.,0.));
#11774=DIRECTION('',(-1.,0.,0.));
#11775=DIRECTION('',(0.,0.,1.));
#11776=DIRECTION('',(0.,0.,-1.));
#11777=DIRECTION('',(0.,1.,0.));
#11778=DIRECTION('',(0.,0.,-1.));
#11779=DIRECTION('',(0.,0.,1.));
#11780=DIRECTION('',(1.,0.,0.));
#11781=DIRECTION('',(0.99714268802795,-0.0755411127293927,0.));
#11782=DIRECTION('',(0.0755411127293927,0.99714268802795,0.));
#11783=DIRECTION('',(0.,0.,-1.));
#11784=DIRECTION('',(-0.0755411127293927,-0.99714268802795,0.));
#11785=DIRECTION('',(0.,0.,-1.));
#11786=DIRECTION('',(0.,1.,0.));
#11787=DIRECTION('',(0.,0.,1.));
#11788=DIRECTION('',(0.,0.,-1.));
#11789=DIRECTION('',(1.,0.,0.));
#11790=DIRECTION('',(-0.997004514278937,-0.0773433805016381,0.));
#11791=DIRECTION('',(0.0773433805016381,-0.997004514278937,0.));
#11792=DIRECTION('',(0.,0.,-1.));
#11793=DIRECTION('',(-0.0773433805016381,0.997004514278937,0.));
#11794=DIRECTION('',(0.,-1.,0.));
#11795=DIRECTION('',(0.,0.,-1.));
#11796=DIRECTION('',(-1.,0.,0.));
#11797=DIRECTION('',(0.,0.,1.));
#11798=DIRECTION('',(1.,0.,0.));
#11799=DIRECTION('',(0.,1.,0.));
#11800=DIRECTION('',(0.,0.,1.));
#11801=DIRECTION('',(0.,0.,-1.));
#11802=DIRECTION('',(1.,0.,0.));
#11803=DIRECTION('',(0.,0.,-1.));
#11804=DIRECTION('',(-0.928067271675829,-0.372412592757258,0.));
#11805=DIRECTION('',(0.372412592757258,-0.928067271675829,0.));
#11806=DIRECTION('',(0.,0.,-1.));
#11807=DIRECTION('',(-0.372412592757258,0.928067271675829,0.));
#11808=DIRECTION('',(-0.930960458012765,0.365120015360241,0.));
#11809=DIRECTION('',(-0.365120015360241,-0.930960458012765,0.));
#11810=DIRECTION('',(0.,0.,-1.));
#11811=DIRECTION('',(0.365120015360241,0.930960458012765,0.));
#11812=DIRECTION('',(0.,0.,-1.));
#11813=DIRECTION('',(0.,0.,-1.));
#11814=DIRECTION('',(-0.0991538090310886,-0.995072119072093,0.));
#11815=DIRECTION('',(0.,0.,-1.));
#11816=DIRECTION('',(0.,0.,-1.));
#11817=DIRECTION('',(-1.,0.,0.));
#11818=DIRECTION('',(-1.,0.,0.));
#11819=DIRECTION('',(0.,0.,1.));
#11820=DIRECTION('',(0.,0.,-1.));
#11821=DIRECTION('',(0.,1.,0.));
#11822=DIRECTION('',(0.,0.,-1.));
#11823=DIRECTION('',(-0.114445059430004,-0.993429578969774,0.));
#11824=DIRECTION('',(0.,0.,-1.));
#11825=DIRECTION('',(0.,0.,-1.));
#11826=DIRECTION('',(-1.,0.,0.));
#11827=DIRECTION('',(0.,0.,-1.));
#11828=DIRECTION('',(0.,0.,-1.));
#11829=DIRECTION('',(0.935577794909198,-0.353120644642652,0.));
#11830=DIRECTION('',(0.353120644642652,0.935577794909198,0.));
#11831=DIRECTION('',(0.,0.,-1.));
#11832=DIRECTION('',(-0.353120644642651,-0.935577794909198,0.));
#11833=DIRECTION('',(0.,1.,0.));
#11834=DIRECTION('',(0.,0.,1.));
#11835=DIRECTION('',(0.,0.,-1.));
#11836=DIRECTION('',(1.,0.,0.));
#11837=DIRECTION('',(0.,0.,-1.));
#11838=DIRECTION('',(-0.941956624835482,0.335734592987595,0.));
#11839=DIRECTION('',(0.,0.,-1.));
#11840=DIRECTION('',(0.,0.,-1.));
#11841=DIRECTION('',(-1.,0.,0.));
#11842=DIRECTION('',(0.,0.,-1.));
#11843=DIRECTION('',(-0.956086413020419,0.293084920863815,0.));
#11844=DIRECTION('',(0.,0.,-1.));
#11845=DIRECTION('',(0.,0.,-1.));
#11846=DIRECTION('',(-1.,0.,0.));
#11847=DIRECTION('',(0.,1.,0.));
#11848=DIRECTION('',(0.,0.,1.));
#11849=DIRECTION('',(0.,0.,-1.));
#11850=DIRECTION('',(1.,0.,0.));
#11851=DIRECTION('',(0.,0.,-1.));
#11852=DIRECTION('',(0.93353027561558,0.358498569744844,0.));
#11853=DIRECTION('',(-0.358498569744844,0.93353027561558,0.));
#11854=DIRECTION('',(0.358498569744844,-0.93353027561558,0.));
#11855=DIRECTION('',(0.,0.,1.));
#11856=DIRECTION('',(1.,0.,0.));
#11857=DIRECTION('',(0.,-1.,0.));
#11858=DIRECTION('',(0.,0.,-1.));
#11859=DIRECTION('',(0.,0.,-1.));
#11860=DIRECTION('',(-1.,0.,0.));
#11861=DIRECTION('',(0.,0.,-1.));
#11862=DIRECTION('',(1.,0.,0.));
#11863=DIRECTION('',(0.,0.,-1.));
#11864=DIRECTION('',(0.,0.,-1.));
#11865=DIRECTION('',(0.,-1.,0.));
#11866=DIRECTION('',(0.,1.,0.));
#11867=DIRECTION('',(0.,0.,1.));
#11868=DIRECTION('',(0.,0.,-1.));
#11869=DIRECTION('',(1.,0.,0.));
#11870=DIRECTION('',(-1.,0.,0.));
#11871=DIRECTION('',(0.,0.,1.));
#11872=DIRECTION('',(0.,1.,0.));
#11873=DIRECTION('',(0.,0.,1.));
#11874=DIRECTION('',(1.,0.,0.));
#11875=DIRECTION('',(0.,1.,0.));
#11876=DIRECTION('',(0.,0.,1.));
#11877=DIRECTION('',(0.,0.,-1.));
#11878=DIRECTION('',(1.,0.,0.));
#11879=DIRECTION('',(0.,0.,-1.));
#11880=DIRECTION('',(-0.928067271675829,-0.372412592757258,0.));
#11881=DIRECTION('',(0.372412592757258,-0.928067271675829,0.));
#11882=DIRECTION('',(0.,0.,-1.));
#11883=DIRECTION('',(-0.372412592757258,0.928067271675829,0.));
#11884=DIRECTION('',(-0.930960458012765,0.365120015360241,0.));
#11885=DIRECTION('',(-0.365120015360241,-0.930960458012765,0.));
#11886=DIRECTION('',(0.,0.,-1.));
#11887=DIRECTION('',(0.365120015360241,0.930960458012765,0.));
#11888=DIRECTION('',(0.,0.,-1.));
#11889=DIRECTION('',(0.,0.,-1.));
#11890=DIRECTION('',(-0.0991538090311717,-0.995072119072085,0.));
#11891=DIRECTION('',(0.,0.,-1.));
#11892=DIRECTION('',(0.,0.,-1.));
#11893=DIRECTION('',(-1.,0.,0.));
#11894=DIRECTION('',(-1.,0.,0.));
#11895=DIRECTION('',(0.,0.,1.));
#11896=DIRECTION('',(0.,0.,-1.));
#11897=DIRECTION('',(0.,1.,0.));
#11898=DIRECTION('',(0.,0.,-1.));
#11899=DIRECTION('',(-0.114445059430012,-0.993429578969773,0.));
#11900=DIRECTION('',(0.,0.,-1.));
#11901=DIRECTION('',(0.,0.,-1.));
#11902=DIRECTION('',(-1.,0.,0.));
#11903=DIRECTION('',(0.,0.,-1.));
#11904=DIRECTION('',(0.,0.,-1.));
#11905=DIRECTION('',(0.935577794909198,-0.353120644642652,0.));
#11906=DIRECTION('',(0.353120644642652,0.935577794909198,0.));
#11907=DIRECTION('',(0.,0.,-1.));
#11908=DIRECTION('',(-0.353120644642651,-0.935577794909198,0.));
#11909=DIRECTION('',(0.,1.,0.));
#11910=DIRECTION('',(0.,0.,1.));
#11911=DIRECTION('',(0.,0.,-1.));
#11912=DIRECTION('',(1.,0.,0.));
#11913=DIRECTION('',(0.,0.,-1.));
#11914=DIRECTION('',(-0.941956624835483,0.335734592987594,0.));
#11915=DIRECTION('',(0.,0.,-1.));
#11916=DIRECTION('',(0.,0.,-1.));
#11917=DIRECTION('',(-1.,0.,0.));
#11918=DIRECTION('',(0.,0.,-1.));
#11919=DIRECTION('',(-0.956086413020431,0.293084920863777,0.));
#11920=DIRECTION('',(0.,0.,-1.));
#11921=DIRECTION('',(0.,0.,-1.));
#11922=DIRECTION('',(-1.,0.,0.));
#11923=DIRECTION('',(0.,1.,0.));
#11924=DIRECTION('',(0.,0.,1.));
#11925=DIRECTION('',(0.,0.,-1.));
#11926=DIRECTION('',(1.,0.,0.));
#11927=DIRECTION('',(0.,0.,-1.));
#11928=DIRECTION('',(0.93353027561558,0.358498569744844,0.));
#11929=DIRECTION('',(-0.358498569744844,0.93353027561558,0.));
#11930=DIRECTION('',(0.358498569744844,-0.93353027561558,0.));
#11931=DIRECTION('',(0.,0.,1.));
#11932=DIRECTION('',(1.,0.,0.));
#11933=DIRECTION('',(0.,0.,-1.));
#11934=DIRECTION('',(0.0757869270116918,-0.997124035260471,0.));
#11935=DIRECTION('',(0.,0.,-1.));
#11936=DIRECTION('',(0.,0.,-1.));
#11937=DIRECTION('',(-1.,0.,0.));
#11938=DIRECTION('',(0.,0.,-1.));
#11939=DIRECTION('',(0.,0.,-1.));
#11940=DIRECTION('',(0.,0.,-1.));
#11941=DIRECTION('',(1.,0.,0.));
#11942=DIRECTION('',(0.,0.,-1.));
#11943=DIRECTION('',(0.,0.,-1.));
#11944=DIRECTION('',(0.,-1.,0.));
#11945=DIRECTION('',(0.,-1.,0.));
#11946=DIRECTION('',(0.,0.,-1.));
#11947=DIRECTION('',(0.,0.,-1.));
#11948=DIRECTION('',(-1.,0.,0.));
#11949=DIRECTION('',(1.,0.,0.));
#11950=DIRECTION('',(0.,0.,-1.));
#11951=DIRECTION('',(0.,0.,-1.));
#11952=DIRECTION('',(0.,-1.,0.));
#11953=DIRECTION('',(0.,1.,0.));
#11954=DIRECTION('',(0.,0.,1.));
#11955=DIRECTION('',(0.,0.,-1.));
#11956=DIRECTION('',(1.,0.,0.));
#11957=DIRECTION('',(1.,0.,0.));
#11958=DIRECTION('',(0.,0.,-1.));
#11959=DIRECTION('',(0.,0.,-1.));
#11960=DIRECTION('',(0.,-1.,0.));
#11961=DIRECTION('',(0.,1.,0.));
#11962=DIRECTION('',(0.,0.,1.));
#11963=DIRECTION('',(0.,0.,-1.));
#11964=DIRECTION('',(1.,0.,0.));
#11965=DIRECTION('',(-0.95829405955356,0.2857840013443,0.));
#11966=DIRECTION('',(-0.2857840013443,-0.95829405955356,0.));
#11967=DIRECTION('',(0.,0.,-1.));
#11968=DIRECTION('',(0.2857840013443,0.95829405955356,0.));
#11969=DIRECTION('',(-0.402676138750713,0.915342519104634,0.));
#11970=DIRECTION('',(-0.915342519104634,-0.402676138750713,0.));
#11971=DIRECTION('',(0.,0.,-1.));
#11972=DIRECTION('',(0.915342519104634,0.402676138750713,0.));
#11973=DIRECTION('',(-1.,0.,0.));
#11974=DIRECTION('',(0.,0.,1.));
#11975=DIRECTION('',(0.,0.,-1.));
#11976=DIRECTION('',(0.,1.,0.));
#11977=DIRECTION('',(0.,-1.,0.));
#11978=DIRECTION('',(0.,0.,-1.));
#11979=DIRECTION('',(0.,0.,-1.));
#11980=DIRECTION('',(-1.,0.,0.));
#11981=DIRECTION('',(-1.,0.,0.));
#11982=DIRECTION('',(0.,0.,1.));
#11983=DIRECTION('',(0.,0.,-1.));
#11984=DIRECTION('',(0.,1.,0.));
#11985=DIRECTION('',(0.,0.,-1.));
#11986=DIRECTION('',(0.,0.,-1.));
#11987=DIRECTION('',(0.0877872227642079,-0.996139249060766,0.));
#11988=DIRECTION('',(0.,0.,-1.));
#11989=DIRECTION('',(0.,0.,-1.));
#11990=DIRECTION('',(-1.,0.,0.));
#11991=DIRECTION('',(0.,0.,-1.));
#11992=DIRECTION('',(0.272435156145997,-0.962174145202263,0.));
#11993=DIRECTION('',(0.,0.,-1.));
#11994=DIRECTION('',(0.,0.,-1.));
#11995=DIRECTION('',(-1.,0.,0.));
#11996=DIRECTION('',(1.,0.,0.));
#11997=DIRECTION('',(0.,0.,-1.));
#11998=DIRECTION('',(0.,0.,-1.));
#11999=DIRECTION('',(0.,-1.,0.));
#12000=DIRECTION('',(0.,0.,-1.));
#12001=DIRECTION('',(0.207448262781497,-0.978245990673583,0.));
#12002=DIRECTION('',(0.,0.,-1.));
#12003=DIRECTION('',(-1.,0.,0.));
#12004=DIRECTION('',(0.,0.,1.));
#12005=DIRECTION('',(1.,0.,0.));
#12006=DIRECTION('',(0.,0.,-1.));
#12007=DIRECTION('',(0.,0.,-1.));
#12008=DIRECTION('',(0.,0.,-1.));
#12009=DIRECTION('',(0.,0.,-1.));
#12010=DIRECTION('',(0.,0.,-1.));
#12011=DIRECTION('',(0.,0.,-1.));
#12012=DIRECTION('',(0.,0.,-1.));
#12013=DIRECTION('',(0.,0.,-1.));
#12014=DIRECTION('',(0.,0.,-1.));
#12015=DIRECTION('',(0.,0.,-1.));
#12016=DIRECTION('',(0.941094974504352,-0.33814235014658,0.));
#12017=DIRECTION('',(0.33814235014658,0.941094974504352,0.));
#12018=DIRECTION('',(0.,0.,-1.));
#12019=DIRECTION('',(-0.33814235014658,-0.941094974504352,0.));
#12020=DIRECTION('',(0.,0.,-1.));
#12021=DIRECTION('',(0.198698271826947,0.98006071075877,0.));
#12022=DIRECTION('',(0.,0.,-1.));
#12023=DIRECTION('',(0.,0.,-1.));
#12024=DIRECTION('',(-1.,0.,0.));
#12025=DIRECTION('',(0.,0.,-1.));
#12026=DIRECTION('',(0.,0.,-1.));
#12027=DIRECTION('',(0.,0.,-1.));
#12028=DIRECTION('',(0.,0.,-1.));
#12029=DIRECTION('',(0.,0.,-1.));
#12030=DIRECTION('',(0.,0.,-1.));
#12031=DIRECTION('',(0.,0.,-1.));
#12032=DIRECTION('',(0.,0.,-1.));
#12033=DIRECTION('',(0.,0.,-1.));
#12034=DIRECTION('',(0.,0.,-1.));
#12035=DIRECTION('',(-0.103930416659329,-0.994584570809852,0.));
#12036=DIRECTION('',(0.,0.,-1.));
#12037=DIRECTION('',(0.,0.,-1.));
#12038=DIRECTION('',(-1.,0.,0.));
#12039=DIRECTION('',(0.,0.,-1.));
#12040=DIRECTION('',(-0.293310951628138,-0.956017094855001,0.));
#12041=DIRECTION('',(0.,0.,-1.));
#12042=DIRECTION('',(0.,0.,-1.));
#12043=DIRECTION('',(-1.,0.,0.));
#12044=DIRECTION('',(-1.,0.,0.));
#12045=DIRECTION('',(0.,0.,1.));
#12046=DIRECTION('',(0.,0.,-1.));
#12047=DIRECTION('',(0.,1.,0.));
#12048=DIRECTION('',(0.,0.,-1.));
#12049=DIRECTION('',(0.,0.,1.));
#12050=DIRECTION('',(1.,0.,0.));
#12051=DIRECTION('',(0.,0.,1.));
#12052=DIRECTION('',(1.,0.,0.));
#12053=DIRECTION('',(1.,2.79393544806573E-16,0.));
#12054=DIRECTION('',(-2.79393544806573E-16,1.,0.));
#12055=DIRECTION('',(2.79393544806573E-16,-1.,0.));
#12056=DIRECTION('',(0.,0.,-1.));
#12057=DIRECTION('',(2.79393544806573E-16,-1.,0.));
#12058=DIRECTION('',(0.,0.,-1.));
#12059=DIRECTION('',(-2.48349817605842E-16,1.,0.));
#12060=DIRECTION('',(-1.,-2.48349817605842E-16,0.));
#12061=DIRECTION('',(1.,2.48349817605842E-16,0.));
#12062=DIRECTION('',(0.,0.,-1.));
#12063=DIRECTION('',(1.,2.48349817605842E-16,0.));
#12064=DIRECTION('',(1.,2.48349817605842E-16,0.));
#12065=DIRECTION('',(-2.48349817605842E-16,1.,0.));
#12066=DIRECTION('',(2.48349817605842E-16,-1.,0.));
#12067=DIRECTION('',(0.,0.,-1.));
#12068=DIRECTION('',(2.48349817605842E-16,-1.,0.));
#12069=DIRECTION('',(1.,2.48349817605842E-16,0.));
#12070=DIRECTION('',(-2.48349817605842E-16,1.,0.));
#12071=DIRECTION('',(2.48349817605842E-16,-1.,0.));
#12072=DIRECTION('',(0.,0.,-1.));
#12073=DIRECTION('',(2.48349817605842E-16,-1.,0.));
#12074=DIRECTION('',(0.,0.,-1.));
#12075=DIRECTION('',(-4.96699635211684E-16,1.,0.));
#12076=DIRECTION('',(-1.,-4.96699635211684E-16,0.));
#12077=DIRECTION('',(1.,4.96699635211684E-16,0.));
#12078=DIRECTION('',(0.,0.,-1.));
#12079=DIRECTION('',(1.,4.96699635211684E-16,0.));
#12080=DIRECTION('',(1.,0.,0.));
#12081=DIRECTION('',(0.,0.,-1.));
#12082=DIRECTION('',(0.,-1.,0.));
#12083=DIRECTION('',(0.,0.,-1.));
#12084=DIRECTION('',(0.,-1.,0.));
#12085=DIRECTION('',(1.,0.,0.));
#12086=DIRECTION('',(0.,0.,-1.));
#12087=DIRECTION('',(0.,-1.,0.));
#12088=DIRECTION('',(0.,0.,-1.));
#12089=DIRECTION('',(0.,-1.,0.));
#12090=DIRECTION('',(0.,0.,-1.));
#12091=DIRECTION('',(0.,1.,0.));
#12092=DIRECTION('',(0.,0.,1.));
#12093=DIRECTION('',(1.,0.,0.));
#12094=DIRECTION('',(0.,0.,-1.));
#12095=DIRECTION('',(1.,0.,0.));
#12096=DIRECTION('',(1.,6.20874544014605E-17,0.));
#12097=DIRECTION('',(-6.20874544014605E-17,1.,0.));
#12098=DIRECTION('',(6.20874544014605E-17,-1.,0.));
#12099=DIRECTION('',(0.,0.,-1.));
#12100=DIRECTION('',(6.20874544014605E-17,-1.,0.));
#12101=DIRECTION('',(1.,0.,0.));
#12102=DIRECTION('',(0.,0.,-1.));
#12103=DIRECTION('',(0.,-1.,0.));
#12104=DIRECTION('',(0.,0.,-1.));
#12105=DIRECTION('',(0.,-1.,0.));
#12106=DIRECTION('',(0.,0.,-1.));
#12107=DIRECTION('',(0.,1.,0.));
#12108=DIRECTION('',(0.,0.,1.));
#12109=DIRECTION('',(1.,0.,0.));
#12110=DIRECTION('',(0.,0.,-1.));
#12111=DIRECTION('',(1.,0.,0.));
#12112=DIRECTION('',(1.,6.20874544014605E-17,0.));
#12113=DIRECTION('',(-6.20874544014605E-17,1.,0.));
#12114=DIRECTION('',(6.20874544014605E-17,-1.,0.));
#12115=DIRECTION('',(0.,0.,-1.));
#12116=DIRECTION('',(6.20874544014605E-17,-1.,0.));
#12117=DIRECTION('',(1.,6.20874544014606E-17,0.));
#12118=DIRECTION('',(-6.20874544014606E-17,1.,0.));
#12119=DIRECTION('',(6.20874544014606E-17,-1.,0.));
#12120=DIRECTION('',(0.,0.,-1.));
#12121=DIRECTION('',(6.20874544014606E-17,-1.,0.));
#12122=DIRECTION('',(0.,0.,-1.));
#12123=DIRECTION('',(-2.48349817605842E-16,1.,0.));
#12124=DIRECTION('',(-1.,-2.48349817605842E-16,0.));
#12125=DIRECTION('',(1.,2.48349817605842E-16,0.));
#12126=DIRECTION('',(0.,0.,-1.));
#12127=DIRECTION('',(1.,2.48349817605842E-16,0.));
#12128=DIRECTION('',(1.,0.,0.));
#12129=DIRECTION('',(0.,0.,-1.));
#12130=DIRECTION('',(0.,-1.,0.));
#12131=DIRECTION('',(0.,0.,-1.));
#12132=DIRECTION('',(0.,-1.,0.));
#12133=DIRECTION('',(1.,0.,0.));
#12134=DIRECTION('',(0.,0.,-1.));
#12135=DIRECTION('',(0.,-1.,0.));
#12136=DIRECTION('',(0.,0.,-1.));
#12137=DIRECTION('',(0.,-1.,0.));
#12138=DIRECTION('',(0.,0.,-1.));
#12139=DIRECTION('',(0.,1.,0.));
#12140=DIRECTION('',(0.,0.,1.));
#12141=DIRECTION('',(1.,0.,0.));
#12142=DIRECTION('',(0.,0.,-1.));
#12143=DIRECTION('',(1.,0.,0.));
#12144=DIRECTION('',(1.,0.,0.));
#12145=DIRECTION('',(0.,0.,-1.));
#12146=DIRECTION('',(0.,-1.,0.));
#12147=DIRECTION('',(0.,0.,-1.));
#12148=DIRECTION('',(0.,-1.,0.));
#12149=DIRECTION('',(1.,0.,0.));
#12150=DIRECTION('',(0.,0.,-1.));
#12151=DIRECTION('',(0.,-1.,0.));
#12152=DIRECTION('',(0.,0.,-1.));
#12153=DIRECTION('',(0.,-1.,0.));
#12154=DIRECTION('',(0.,0.,-1.));
#12155=DIRECTION('',(0.,1.,0.));
#12156=DIRECTION('',(0.,0.,1.));
#12157=DIRECTION('',(1.,0.,0.));
#12158=DIRECTION('',(0.,0.,-1.));
#12159=DIRECTION('',(1.,0.,0.));
#12160=DIRECTION('',(1.,0.,0.));
#12161=DIRECTION('',(0.,0.,-1.));
#12162=DIRECTION('',(0.,-1.,0.));
#12163=DIRECTION('',(0.,0.,-1.));
#12164=DIRECTION('',(0.,-1.,0.));
#12165=DIRECTION('',(0.,1.,0.));
#12166=DIRECTION('',(0.,0.,1.));
#12167=DIRECTION('',(0.,0.,-1.));
#12168=DIRECTION('',(1.,0.,0.));
#12169=DIRECTION('',(0.,0.,-1.));
#12170=DIRECTION('',(1.,0.,0.));
#12171=DIRECTION('',(0.,0.,-1.));
#12172=DIRECTION('',(-1.,0.,0.));
#12173=DIRECTION('',(0.,0.,-1.));
#12174=DIRECTION('',(0.,0.,1.));
#12175=DIRECTION('',(1.,0.,0.));
#12176=DIRECTION('',(0.,0.,1.));
#12177=DIRECTION('',(1.,0.,0.));
#12178=DIRECTION('',(1.,1.82602471155453E-16,0.));
#12179=DIRECTION('',(-1.82602471155453E-16,1.,0.));
#12180=DIRECTION('',(0.,0.,-1.));
#12181=DIRECTION('',(1.82602471155453E-16,-1.,0.));
#12182=DIRECTION('',(1.82602471155453E-16,-1.,0.));
#12183=DIRECTION('',(0.,0.,-1.));
#12184=DIRECTION('',(-1.,0.,0.));
#12185=DIRECTION('',(0.,0.,-1.));
#12186=DIRECTION('',(0.,0.,1.));
#12187=DIRECTION('',(1.,0.,0.));
#12188=DIRECTION('',(0.,0.,1.));
#12189=DIRECTION('',(1.,0.,0.));
#12190=DIRECTION('',(0.,1.,0.));
#12191=DIRECTION('',(0.,0.,1.));
#12192=DIRECTION('',(0.,0.,-1.));
#12193=DIRECTION('',(1.,0.,0.));
#12194=DIRECTION('',(1.,0.,0.));
#12195=DIRECTION('',(0.,0.,-1.));
#12196=DIRECTION('',(-1.,0.,0.));
#12197=DIRECTION('',(0.,0.,-1.));
#12198=DIRECTION('',(0.,0.,1.));
#12199=DIRECTION('',(1.,0.,0.));
#12200=DIRECTION('',(0.,0.,1.));
#12201=DIRECTION('',(1.,0.,0.));
#12202=DIRECTION('',(1.,1.82602471155453E-16,0.));
#12203=DIRECTION('',(-1.82602471155453E-16,1.,0.));
#12204=DIRECTION('',(0.,0.,-1.));
#12205=DIRECTION('',(1.82602471155453E-16,-1.,0.));
#12206=DIRECTION('',(1.82602471155453E-16,-1.,0.));
#12207=DIRECTION('',(0.,0.,-1.));
#12208=DIRECTION('',(-1.,0.,0.));
#12209=DIRECTION('',(0.,0.,1.));
#12210=DIRECTION('',(1.,0.,0.));
#12211=DIRECTION('',(0.,0.,1.));
#12212=DIRECTION('',(1.,0.,0.));
#12213=DIRECTION('',(0.,0.,-1.));
#12214=DIRECTION('',(-1.,0.,0.));
#12215=DIRECTION('',(0.,0.,1.));
#12216=DIRECTION('',(1.,0.,0.));
#12217=DIRECTION('',(0.,0.,1.));
#12218=DIRECTION('',(1.,0.,0.));
#12219=DIRECTION('',(-2.48349817605842E-16,1.,0.));
#12220=DIRECTION('',(-1.,-2.48349817605842E-16,0.));
#12221=DIRECTION('',(1.,2.48349817605842E-16,0.));
#12222=DIRECTION('',(1.,2.48349817605842E-16,0.));
#12223=DIRECTION('',(-4.96699635211684E-16,1.,0.));
#12224=DIRECTION('',(-1.,-4.96699635211684E-16,0.));
#12225=DIRECTION('',(1.,4.96699635211684E-16,0.));
#12226=DIRECTION('',(1.,4.96699635211684E-16,0.));
#12227=DIRECTION('',(0.,1.,0.));
#12228=DIRECTION('',(0.,0.,1.));
#12229=DIRECTION('',(1.,0.,0.));
#12230=DIRECTION('',(1.,0.,0.));
#12231=DIRECTION('',(0.,1.,0.));
#12232=DIRECTION('',(0.,0.,1.));
#12233=DIRECTION('',(1.,0.,0.));
#12234=DIRECTION('',(1.,0.,0.));
#12235=DIRECTION('',(-2.48349817605842E-16,1.,0.));
#12236=DIRECTION('',(-1.,-2.48349817605842E-16,0.));
#12237=DIRECTION('',(1.,2.48349817605842E-16,0.));
#12238=DIRECTION('',(1.,2.48349817605842E-16,0.));
#12239=DIRECTION('',(0.,1.,0.));
#12240=DIRECTION('',(0.,0.,1.));
#12241=DIRECTION('',(1.,0.,0.));
#12242=DIRECTION('',(1.,0.,0.));
#12243=DIRECTION('',(0.,1.,0.));
#12244=DIRECTION('',(0.,0.,1.));
#12245=DIRECTION('',(1.,0.,0.));
#12246=DIRECTION('',(1.,0.,0.));
#12247=DIRECTION('',(0.,0.,-1.));
#12248=DIRECTION('',(-1.,0.,0.));
#12249=DIRECTION('',(0.,0.,1.));
#12250=DIRECTION('',(1.,0.,0.));
#12251=DIRECTION('',(0.,0.,1.));
#12252=DIRECTION('',(1.,0.,0.));
#12253=DIRECTION('',(0.,0.,-1.));
#12254=DIRECTION('',(-1.,0.,0.));
#12255=DIRECTION('',(0.,0.,1.));
#12256=DIRECTION('',(1.,0.,0.));
#12257=DIRECTION('',(0.,0.,1.));
#12258=DIRECTION('',(1.,0.,0.));
#12259=DIRECTION('',(0.,0.,-1.));
#12260=DIRECTION('',(-1.,0.,0.));
#12261=DIRECTION('',(0.,0.,1.));
#12262=DIRECTION('',(1.,0.,0.));
#12263=DIRECTION('',(0.,0.,1.));
#12264=DIRECTION('',(1.,0.,0.));
#12265=DIRECTION('',(0.,0.,1.));
#12266=DIRECTION('',(1.,0.,0.));
#12267=DIRECTION('',(1.,0.,0.));
#12268=DIRECTION('',(0.,0.,1.));
#12269=DIRECTION('',(1.,0.,0.));
#12270=DIRECTION('',(1.82602471155453E-16,-1.,0.));
#12271=DIRECTION('',(0.,0.,1.));
#12272=DIRECTION('',(1.,0.,0.));
#12273=DIRECTION('',(1.,0.,0.));
#12274=DIRECTION('',(0.,0.,1.));
#12275=DIRECTION('',(1.,0.,0.));
#12276=DIRECTION('',(1.82602471155453E-16,-1.,0.));
#12277=DIRECTION('',(0.,0.,1.));
#12278=DIRECTION('',(1.,0.,0.));
#12279=DIRECTION('',(0.,0.,1.));
#12280=DIRECTION('',(1.,0.,0.));
#12281=DIRECTION('',(0.,0.,1.));
#12282=DIRECTION('',(1.,0.,0.));
#12283=DIRECTION('',(-1.,0.,0.));
#12284=DIRECTION('',(0.,0.,1.));
#12285=DIRECTION('',(0.,1.,0.));
#12286=DIRECTION('',(0.,0.,1.));
#12287=DIRECTION('',(1.82602471155453E-16,-1.,0.));
#12288=DIRECTION('',(1.,1.82602471155453E-16,0.));
#12289=DIRECTION('',(0.,1.,0.));
#12290=DIRECTION('',(0.,0.,1.));
#12291=DIRECTION('',(-1.,0.,0.));
#12292=DIRECTION('',(0.,0.,1.));
#12293=DIRECTION('',(-1.,0.,0.));
#12294=DIRECTION('',(0.,0.,1.));
#12295=DIRECTION('',(0.,0.,1.));
#12296=DIRECTION('',(1.,0.,0.));
#12297=DIRECTION('',(-1.,0.,0.));
#12298=DIRECTION('',(0.,0.,1.));
#12299=DIRECTION('',(0.,0.,1.));
#12300=DIRECTION('',(1.,0.,0.));
#12301=DIRECTION('',(0.,1.,0.));
#12302=DIRECTION('',(0.,0.,1.));
#12303=DIRECTION('',(1.,0.,0.));
#12304=DIRECTION('',(0.,0.,-1.));
#12305=DIRECTION('',(-1.,0.,0.));
#12306=DIRECTION('',(0.,0.,1.));
#12307=DIRECTION('',(-1.82602471155453E-16,1.,0.));
#12308=DIRECTION('',(-1.,-1.82602471155453E-16,0.));
#12309=DIRECTION('',(0.,1.,0.));
#12310=DIRECTION('',(0.,0.,1.));
#12311=DIRECTION('',(0.,0.,1.));
#12312=DIRECTION('',(1.,0.,0.));
#12313=CARTESIAN_POINT('',(0.,0.,0.));
#12314=CARTESIAN_POINT('',(6.93889390390723E-18,0.033629972845316,0.0086));
#12315=CARTESIAN_POINT('',(6.93889390390723E-18,0.033629972845316,0.007));
#12316=CARTESIAN_POINT('',(-0.0465,0.0336299728453159,0.007));
#12317=CARTESIAN_POINT('',(0.0465,0.0336299728453159,0.007));
#12318=CARTESIAN_POINT('',(-0.0465,0.0336299728453159,0.0086));
#12319=CARTESIAN_POINT('',(-0.0465,0.0336299728453159,0.0086));
#12320=CARTESIAN_POINT('',(6.93889390390723E-18,0.033629972845316,0.0086));
#12321=CARTESIAN_POINT('',(0.0465,0.0336299728453159,0.0086));
#12322=CARTESIAN_POINT('',(0.0465,0.0336299728453159,0.0086));
#12323=CARTESIAN_POINT('',(-0.0465,0.00562997284531592,0.0086));
#12324=CARTESIAN_POINT('',(-0.0465,0.00562997284531592,0.007));
#12325=CARTESIAN_POINT('',(-0.0465,-0.0223700271546841,0.007));
#12326=CARTESIAN_POINT('',(-0.0465,-0.0223700271546841,0.0086));
#12327=CARTESIAN_POINT('',(-0.0465,-0.0223700271546841,0.0086));
#12328=CARTESIAN_POINT('',(-0.0465,0.00562997284531592,0.0086));
#12329=CARTESIAN_POINT('',(6.93889390390723E-18,-0.0223700271546841,0.0086));
#12330=CARTESIAN_POINT('',(6.93889390390723E-18,-0.0223700271546841,0.007));
#12331=CARTESIAN_POINT('',(0.0465,-0.022370027154684,0.007));
#12332=CARTESIAN_POINT('',(0.0465,-0.022370027154684,0.0086));
#12333=CARTESIAN_POINT('',(0.0465,-0.022370027154684,0.0086));
#12334=CARTESIAN_POINT('',(6.93889390390723E-18,-0.0223700271546841,0.0086));
#12335=CARTESIAN_POINT('',(0.0465,0.00562997284531593,0.0086));
#12336=CARTESIAN_POINT('',(0.0465,0.00562997284531593,0.007));
#12337=CARTESIAN_POINT('',(0.0465,0.00562997284531593,0.0086));
#12338=CARTESIAN_POINT('',(6.93889390390723E-18,0.00562997284531592,0.0086));
#12339=CARTESIAN_POINT('',(6.93889390390723E-18,0.00562997284531592,0.007));
#12340=CARTESIAN_POINT('',(0.,0.,0.));
#12341=CARTESIAN_POINT('',(0.,0.00562997284531593,0.003));
#12342=CARTESIAN_POINT('',(-0.0359437617060192,0.0166559208365571,0.003));
#12343=CARTESIAN_POINT('',(-0.0359437617060192,0.0161368949057861,0.003));
#12344=CARTESIAN_POINT('',(-0.0363203352461722,0.0158459649479078,0.003));
#12345=CARTESIAN_POINT('',(-0.0359437617060192,0.0166559208365571,0.003));
#12346=CARTESIAN_POINT('',(-0.0363203352461722,0.0158459649479078,0.003));
#12347=CARTESIAN_POINT('',(-0.0363203352461722,0.0158459649479078,0.003));
#12348=CARTESIAN_POINT('',(-0.0366969087863254,0.0155550349900295,0.003));
#12349=CARTESIAN_POINT('',(-0.0373424634265878,0.0155550349900295,0.003));
#12350=CARTESIAN_POINT('',(-0.0373424634265878,0.0155550349900295,0.003));
#12351=CARTESIAN_POINT('',(-0.0373424634265878,0.0155550349900295,0.003));
#12352=CARTESIAN_POINT('',(-0.038041383917112,0.0155550349900295,0.003));
#12353=CARTESIAN_POINT('',(-0.0384183878270253,0.015735790289303,0.003));
#12354=CARTESIAN_POINT('',(-0.0384183878270253,0.015735790289303,0.003));
#12355=CARTESIAN_POINT('',(-0.0384183878270253,0.0159561396065126,0.003));
#12356=CARTESIAN_POINT('',(-0.0384183878270253,0.0161762445585211,0.003));
#12357=CARTESIAN_POINT('',(-0.0373152238447185,0.0188555998792917,0.003));
#12358=CARTESIAN_POINT('',(-0.0378907315685475,0.0160156415836846,0.003));
#12359=CARTESIAN_POINT('',(-0.0373201848453657,0.0187170746309793,0.003));
#12360=CARTESIAN_POINT('',(-0.0373261093757012,0.0159561396065126,0.003));
#12361=CARTESIAN_POINT('',(-0.0373261093757012,0.0159561396065126,0.003));
#12362=CARTESIAN_POINT('',(-0.0368690566903953,0.0159561396065126,0.003));
#12363=CARTESIAN_POINT('',(-0.0366375177594212,0.0161295786198631,0.003));
#12364=CARTESIAN_POINT('',(-0.0366375177594212,0.0161295786198631,0.003));
#12365=CARTESIAN_POINT('',(-0.0366375177594212,0.0161295786198631,0.003));
#12366=CARTESIAN_POINT('',(-0.0364059788284471,0.0163030176332137,0.003));
#12367=CARTESIAN_POINT('',(-0.0364059788284471,0.0166128838605396,0.003));
#12368=CARTESIAN_POINT('',(-0.0364059788284471,0.0166128838605396,0.003));
#12369=CARTESIAN_POINT('',(-0.0364059788284471,0.0166128838605396,0.003));
#12370=CARTESIAN_POINT('',(-0.0364059788284471,0.0168168791268625,0.003));
#12371=CARTESIAN_POINT('',(-0.0364881794526405,0.0169472811641956,0.003));
#12372=CARTESIAN_POINT('',(-0.0364881794526405,0.0169472811641956,0.003));
#12373=CARTESIAN_POINT('',(-0.0364881794526405,0.0169472811641956,0.003));
#12374=CARTESIAN_POINT('',(-0.0365703800768339,0.0170776832015286,0.003));
#12375=CARTESIAN_POINT('',(-0.0367627553596322,0.0171882882298936,0.003));
#12376=CARTESIAN_POINT('',(-0.0367627553596322,0.0171882882298936,0.003));
#12377=CARTESIAN_POINT('',(-0.0367627553596322,0.0171882882298936,0.003));
#12378=CARTESIAN_POINT('',(-0.0369551306424303,0.0172988932582585,0.003));
#12379=CARTESIAN_POINT('',(-0.0373476278637099,0.0174383330605552,0.003));
#12380=CARTESIAN_POINT('',(-0.0373476278637099,0.0174383330605552,0.003));
#12381=CARTESIAN_POINT('',(-0.0373476278637099,0.0174383330605552,0.003));
#12382=CARTESIAN_POINT('',(-0.0378959189381728,0.017634581671195,0.003));
#12383=CARTESIAN_POINT('',(-0.0381313311969885,0.0179035627713044,0.003));
#12384=CARTESIAN_POINT('',(-0.0381313311969885,0.0179035627713044,0.003));
#12385=CARTESIAN_POINT('',(-0.0381313311969885,0.0179035627713044,0.003));
#12386=CARTESIAN_POINT('',(-0.0383667434558043,0.0181725438714137,0.003));
#12387=CARTESIAN_POINT('',(-0.0383667434558043,0.0186054958501497,0.003));
#12388=CARTESIAN_POINT('',(-0.0383667434558043,0.0186054958501497,0.003));
#12389=CARTESIAN_POINT('',(-0.0383667434558043,0.0186054958501497,0.003));
#12390=CARTESIAN_POINT('',(-0.0383667434558043,0.0190599663168945,0.003));
#12391=CARTESIAN_POINT('',(-0.0380254602359855,0.0193289474170039,0.003));
#12392=CARTESIAN_POINT('',(-0.0380254602359855,0.0193289474170039,0.003));
#12393=CARTESIAN_POINT('',(-0.0380254602359855,0.0193289474170039,0.003));
#12394=CARTESIAN_POINT('',(-0.0376841770161667,0.0195979285171133,0.003));
#12395=CARTESIAN_POINT('',(-0.0371212533698579,0.0195979285171133,0.003));
#12396=CARTESIAN_POINT('',(-0.0371212533698579,0.0195979285171133,0.003));
#12397=CARTESIAN_POINT('',(-0.0370879391669091,0.0169329444469558,0.003));
#12398=CARTESIAN_POINT('',(-0.0360424797300022,0.0193834867914596,0.003));
#12399=CARTESIAN_POINT('',(-0.0361141881310484,0.019183912807825,0.003));
#12400=CARTESIAN_POINT('',(-0.0361856295112375,0.0189850819786241,0.003));
#12401=CARTESIAN_POINT('',(-0.0361856295112375,0.0189850819786241,0.003));
#12402=CARTESIAN_POINT('',(-0.0366728080797556,0.0191890772449471,0.003));
#12403=CARTESIAN_POINT('',(-0.0371324429836224,0.0191890772449471,0.003));
#12404=CARTESIAN_POINT('',(-0.0371324429836224,0.0191890772449471,0.003));
#12405=CARTESIAN_POINT('',(-0.0371324429836224,0.0191890772449471,0.003));
#12406=CARTESIAN_POINT('',(-0.0374956750612101,0.0191890772449471,0.003));
#12407=CARTESIAN_POINT('',(-0.0377001006972933,0.0190332833917637,0.003));
#12408=CARTESIAN_POINT('',(-0.0377001006972933,0.0190332833917637,0.003));
#12409=CARTESIAN_POINT('',(-0.0377001006972933,0.0190332833917637,0.003));
#12410=CARTESIAN_POINT('',(-0.0379045263333763,0.0188774895385804,0.003));
#12411=CARTESIAN_POINT('',(-0.0379045263333763,0.0186003314130277,0.003));
#12412=CARTESIAN_POINT('',(-0.0379045263333763,0.0186003314130277,0.003));
#12413=CARTESIAN_POINT('',(-0.0379045263333763,0.0186003314130277,0.003));
#12414=CARTESIAN_POINT('',(-0.0379045263333763,0.0183963361467048,0.003));
#12415=CARTESIAN_POINT('',(-0.0378292116253458,0.0182655037396116,0.003));
#12416=CARTESIAN_POINT('',(-0.0378292116253458,0.0182655037396116,0.003));
#12417=CARTESIAN_POINT('',(-0.0378292116253458,0.0182655037396116,0.003));
#12418=CARTESIAN_POINT('',(-0.0377538969173151,0.0181346713325184,0.003));
#12419=CARTESIAN_POINT('',(-0.0375748630970823,0.018025787783194,0.003));
#12420=CARTESIAN_POINT('',(-0.0375748630970823,0.018025787783194,0.003));
#12421=CARTESIAN_POINT('',(-0.0375748630970823,0.018025787783194,0.003));
#12422=CARTESIAN_POINT('',(-0.0373958292768495,0.0179169042338698,0.003));
#12423=CARTESIAN_POINT('',(-0.0370274327621398,0.0177852110872562,0.003));
#12424=CARTESIAN_POINT('',(-0.0370274327621398,0.0177852110872562,0.003));
#12425=CARTESIAN_POINT('',(-0.0370274327621398,0.0177852110872562,0.003));
#12426=CARTESIAN_POINT('',(-0.0364085610470081,0.0175648617700466,0.003));
#12427=CARTESIAN_POINT('',(-0.0361761613765137,0.0173118043510638,0.003));
#12428=CARTESIAN_POINT('',(-0.0361761613765137,0.0173118043510638,0.003));
#12429=CARTESIAN_POINT('',(-0.0361761613765137,0.0173118043510638,0.003));
#12430=CARTESIAN_POINT('',(-0.0359437617060192,0.0170587469320809,0.003));
#12431=CARTESIAN_POINT('',(-0.0359437617060192,0.0166559208365571,0.003));
#12432=CARTESIAN_POINT('',(-0.0342498328682945,0.0174065550605081,0.003));
#12433=CARTESIAN_POINT('',(-0.0342541300275722,0.0159242922442597,0.003));
#12434=CARTESIAN_POINT('',(-0.0340251841107911,0.0159415859828314,0.003));
#12435=CARTESIAN_POINT('',(-0.0342323091062159,0.0174016852516033,0.003));
#12436=CARTESIAN_POINT('',(-0.033850443192528,0.0159773979630238,0.003));
#12437=CARTESIAN_POINT('',(-0.033850443192528,0.0158068012997319,0.003));
#12438=CARTESIAN_POINT('',(-0.033850443192528,0.0156351151238782,0.003));
#12439=CARTESIAN_POINT('',(-0.034175991337895,0.0164379167537787,0.003));
#12440=CARTESIAN_POINT('',(-0.0340639514473186,0.0155785818721676,0.003));
#12441=CARTESIAN_POINT('',(-0.0343379148594459,0.0171464222718117,0.003));
#12442=CARTESIAN_POINT('',(-0.0343186854915985,0.0155550349900295,0.003));
#12443=CARTESIAN_POINT('',(-0.0343186854915985,0.0155550349900295,0.003));
#12444=CARTESIAN_POINT('',(-0.035173399835306,0.0155550349900295,0.003));
#12445=CARTESIAN_POINT('',(-0.035173399835306,0.016456229267836,0.003));
#12446=CARTESIAN_POINT('',(-0.035173399835306,0.016456229267836,0.003));
#12447=CARTESIAN_POINT('',(-0.035173399835306,0.0173333228390725,0.003));
#12448=CARTESIAN_POINT('',(-0.035173399835306,0.0182104164103091,0.003));
#12449=CARTESIAN_POINT('',(-0.0353847113875519,0.0182104164103091,0.003));
#12450=CARTESIAN_POINT('',(-0.0355960229397978,0.0182104164103091,0.003));
#12451=CARTESIAN_POINT('',(-0.0355960229397978,0.0183180088503529,0.003));
#12452=CARTESIAN_POINT('',(-0.0355960229397978,0.0184256012903966,0.003));
#12453=CARTESIAN_POINT('',(-0.0353847113875519,0.0185185611585944,0.003));
#12454=CARTESIAN_POINT('',(-0.035173399835306,0.0186115210267922,0.003));
#12455=CARTESIAN_POINT('',(-0.0350795792275878,0.0189261213214801,0.003));
#12456=CARTESIAN_POINT('',(-0.0349857586198696,0.019240721616168,0.003));
#12457=CARTESIAN_POINT('',(-0.0348566476918171,0.019240721616168,0.003));
#12458=CARTESIAN_POINT('',(-0.0347275367637647,0.019240721616168,0.003));
#12459=CARTESIAN_POINT('',(-0.0347275367637647,0.0188990080265891,0.003));
#12460=CARTESIAN_POINT('',(-0.0347275367637647,0.0185572944370101,0.003));
#12461=CARTESIAN_POINT('',(-0.0342997492221508,0.0185572944370101,0.003));
#12462=CARTESIAN_POINT('',(-0.0338719616805368,0.0185572944370101,0.003));
#12463=CARTESIAN_POINT('',(-0.0338719616805368,0.0183838554236597,0.003));
#12464=CARTESIAN_POINT('',(-0.0338719616805368,0.0182104164103091,0.003));
#12465=CARTESIAN_POINT('',(-0.0342997492221508,0.0182104164103091,0.003));
#12466=CARTESIAN_POINT('',(-0.0347275367637647,0.0182104164103091,0.003));
#12467=CARTESIAN_POINT('',(-0.0347275367637647,0.0173427909737964,0.003));
#12468=CARTESIAN_POINT('',(-0.0347275367637647,0.0164751655372836,0.003));
#12469=CARTESIAN_POINT('',(-0.0347275367637647,0.0164751655372836,0.003));
#12470=CARTESIAN_POINT('',(-0.0347275367637647,0.0162091970254955,0.003));
#12471=CARTESIAN_POINT('',(-0.0346010080542733,0.0160667446348776,0.003));
#12472=CARTESIAN_POINT('',(-0.0346010080542733,0.0160667446348776,0.003));
#12473=CARTESIAN_POINT('',(-0.0346010080542733,0.0160667446348776,0.003));
#12474=CARTESIAN_POINT('',(-0.0344744793447818,0.0159242922442597,0.003));
#12475=CARTESIAN_POINT('',(-0.0342541300275722,0.0159242922442597,0.003));
#12476=CARTESIAN_POINT('',(-0.0334902237032616,0.0185572944370101,0.003));
#12477=CARTESIAN_POINT('',(-0.0337299396596791,0.0185572944370101,0.003));
#12478=CARTESIAN_POINT('',(-0.0332505077468441,0.0185572944370101,0.003));
#12479=CARTESIAN_POINT('',(-0.0329277304267129,0.0177167822953885,0.003));
#12480=CARTESIAN_POINT('',(-0.0326049531065817,0.0168762701537667,0.003));
#12481=CARTESIAN_POINT('',(-0.0326049531065817,0.0168762701537667,0.003));
#12482=CARTESIAN_POINT('',(-0.0323932111845756,0.0163004354146526,0.003));
#12483=CARTESIAN_POINT('',(-0.0323415668133546,0.0160447957771086,0.003));
#12484=CARTESIAN_POINT('',(-0.0323415668133546,0.0160447957771086,0.003));
#12485=CARTESIAN_POINT('',(-0.0323308075693503,0.0160447957771086,0.003));
#12486=CARTESIAN_POINT('',(-0.0323207439644645,0.0160447957771086,0.003));
#12487=CARTESIAN_POINT('',(-0.0248382773033805,0.0139541263823512,0.003));
#12488=CARTESIAN_POINT('',(-0.032173934808616,0.016514835040946,0.003));
#12489=CARTESIAN_POINT('',(0.152924684694517,-0.0486966757539392,0.003));
#12490=CARTESIAN_POINT('',(-0.0314423914119404,0.0185572944370101,0.003));
#12491=CARTESIAN_POINT('',(-0.031203669167452,0.0185572944370101,0.003));
#12492=CARTESIAN_POINT('',(-0.0309643835807947,0.0185572944370101,0.003));
#12493=CARTESIAN_POINT('',(-0.0315978878677723,0.0168788523723277,0.003));
#12494=CARTESIAN_POINT('',(-0.0322313921547498,0.0152004103076453,0.003));
#12495=CARTESIAN_POINT('',(-0.0322313921547498,0.0152004103076453,0.003));
#12496=CARTESIAN_POINT('',(-0.0324198941097064,0.0147029028648831,0.003));
#12497=CARTESIAN_POINT('',(-0.0326712300496487,0.0144941735311982,0.003));
#12498=CARTESIAN_POINT('',(-0.0326712300496487,0.0144941735311982,0.003));
#12499=CARTESIAN_POINT('',(-0.0326712300496487,0.0144941735311982,0.003));
#12500=CARTESIAN_POINT('',(-0.0329225659895908,0.0142854441975133,0.003));
#12501=CARTESIAN_POINT('',(-0.0332883802857395,0.0142854441975133,0.003));
#12502=CARTESIAN_POINT('',(-0.0332883802857395,0.0142854441975133,0.003));
#12503=CARTESIAN_POINT('',(-0.0332894788100468,0.0160526865986518,0.003));
#12504=CARTESIAN_POINT('',(-0.0336920671207837,0.0143319240315794,0.003));
#12505=CARTESIAN_POINT('',(-0.0336920671207837,0.0145105275820849,0.003));
#12506=CARTESIAN_POINT('',(-0.0336920671207837,0.0146888408128535,0.003));
#12507=CARTESIAN_POINT('',(-0.0333785832529199,0.0162391279536196,0.003));
#12508=CARTESIAN_POINT('',(-0.0333615431449693,0.0146572836703045,0.003));
#12509=CARTESIAN_POINT('',(-0.0333615431449693,0.0146572836703045,0.003));
#12510=CARTESIAN_POINT('',(-0.032901047501582,0.0146572836703045,0.003));
#12511=CARTESIAN_POINT('',(-0.0327047988909423,0.0151737273825145,0.003));
#12512=CARTESIAN_POINT('',(-0.0327047988909423,0.0151737273825145,0.003));
#12513=CARTESIAN_POINT('',(-0.0326225982667488,0.0153833174557197,0.003));
#12514=CARTESIAN_POINT('',(-0.0325403976425555,0.0155929075289249,0.003));
#12515=CARTESIAN_POINT('',(-0.0331351686511172,0.0170751009829676,0.003));
#12516=CARTESIAN_POINT('',(-0.0302624505019493,0.0156092615798115,0.003));
#12517=CARTESIAN_POINT('',(-0.0300390885964185,0.0156092615798116,0.003));
#12518=CARTESIAN_POINT('',(-0.0304858124074801,0.0156092615798116,0.003));
#12519=CARTESIAN_POINT('',(-0.0304858124074801,0.0177021497235425,0.003));
#12520=CARTESIAN_POINT('',(-0.0304858124074801,0.0197950378672734,0.003));
#12521=CARTESIAN_POINT('',(-0.0302624505019493,0.0197950378672734,0.003));
#12522=CARTESIAN_POINT('',(-0.0300390885964185,0.0197950378672734,0.003));
#12523=CARTESIAN_POINT('',(-0.0300390885964185,0.0177021497235425,0.003));
#12524=CARTESIAN_POINT('',(-0.0293208014666865,0.0185572944370101,0.003));
#12525=CARTESIAN_POINT('',(-0.0295605174231039,0.0185572944370101,0.003));
#12526=CARTESIAN_POINT('',(-0.0290810855102689,0.0185572944370101,0.003));
#12527=CARTESIAN_POINT('',(-0.0287583081901378,0.0177167822953885,0.003));
#12528=CARTESIAN_POINT('',(-0.0284355308700065,0.0168762701537667,0.003));
#12529=CARTESIAN_POINT('',(-0.0284355308700065,0.0168762701537667,0.003));
#12530=CARTESIAN_POINT('',(-0.0282237889480004,0.0163004354146526,0.003));
#12531=CARTESIAN_POINT('',(-0.0281721445767795,0.0160447957771086,0.003));
#12532=CARTESIAN_POINT('',(-0.0281721445767795,0.0160447957771086,0.003));
#12533=CARTESIAN_POINT('',(-0.0281613853327751,0.0160447957771086,0.003));
#12534=CARTESIAN_POINT('',(-0.0281513217278894,0.0160447957771086,0.003));
#12535=CARTESIAN_POINT('',(-0.0206688550667648,0.0139541263823384,0.003));
#12536=CARTESIAN_POINT('',(-0.0280045125720408,0.016514835040946,0.003));
#12537=CARTESIAN_POINT('',(0.157094106932862,-0.0486966757545701,0.003));
#12538=CARTESIAN_POINT('',(-0.0272729691753653,0.0185572944370101,0.003));
#12539=CARTESIAN_POINT('',(-0.0270342469308768,0.0185572944370101,0.003));
#12540=CARTESIAN_POINT('',(-0.0267949613442195,0.0185572944370101,0.003));
#12541=CARTESIAN_POINT('',(-0.027428465631197,0.0168788523723277,0.003));
#12542=CARTESIAN_POINT('',(-0.0280619699181747,0.0152004103076453,0.003));
#12543=CARTESIAN_POINT('',(-0.0280619699181747,0.0152004103076453,0.003));
#12544=CARTESIAN_POINT('',(-0.0282504718731313,0.0147029028648831,0.003));
#12545=CARTESIAN_POINT('',(-0.0285018078130734,0.0144941735311982,0.003));
#12546=CARTESIAN_POINT('',(-0.0285018078130734,0.0144941735311982,0.003));
#12547=CARTESIAN_POINT('',(-0.0285018078130734,0.0144941735311982,0.003));
#12548=CARTESIAN_POINT('',(-0.0287531437530157,0.0142854441975133,0.003));
#12549=CARTESIAN_POINT('',(-0.0291189580491644,0.0142854441975133,0.003));
#12550=CARTESIAN_POINT('',(-0.0291189580491644,0.0142854441975133,0.003));
#12551=CARTESIAN_POINT('',(-0.029120056573445,0.0160526865988833,0.003));
#12552=CARTESIAN_POINT('',(-0.0295226448842085,0.0143319240315789,0.003));
#12553=CARTESIAN_POINT('',(-0.0295226448842085,0.0145105275820849,0.003));
#12554=CARTESIAN_POINT('',(-0.0295226448842085,0.0146888408128535,0.003));
#12555=CARTESIAN_POINT('',(-0.029209161016345,0.0162391279536176,0.003));
#12556=CARTESIAN_POINT('',(-0.0291921209083941,0.0146572836703045,0.003));
#12557=CARTESIAN_POINT('',(-0.0291921209083941,0.0146572836703045,0.003));
#12558=CARTESIAN_POINT('',(-0.0287316252650069,0.0146572836703045,0.003));
#12559=CARTESIAN_POINT('',(-0.0285353766543671,0.0151737273825145,0.003));
#12560=CARTESIAN_POINT('',(-0.0285353766543671,0.0151737273825145,0.003));
#12561=CARTESIAN_POINT('',(-0.0284531760301737,0.0153833174557197,0.003));
#12562=CARTESIAN_POINT('',(-0.0283709754059803,0.0155929075289249,0.003));
#12563=CARTESIAN_POINT('',(-0.0289657464145421,0.0170751009829676,0.003));
#12564=CARTESIAN_POINT('',(-0.0259854358253304,0.0188318703440018,0.003));
#12565=CARTESIAN_POINT('',(-0.0259316396053085,0.0195419804482905,0.003));
#12566=CARTESIAN_POINT('',(-0.0260392320453522,0.0181217602397131,0.003));
#12567=CARTESIAN_POINT('',(-0.0261803933266897,0.0181217602397131,0.003));
#12568=CARTESIAN_POINT('',(-0.0263215546080271,0.0181217602397131,0.003));
#12569=CARTESIAN_POINT('',(-0.0263766419373294,0.0188318703440018,0.003));
#12570=CARTESIAN_POINT('',(-0.0264317292666318,0.0195419804482905,0.003));
#12571=CARTESIAN_POINT('',(-0.0261816844359701,0.0195419804482905,0.003));
#12572=CARTESIAN_POINT('',(-0.0231962094096364,0.0164131922918185,0.003));
#12573=CARTESIAN_POINT('',(-0.0231962094096364,0.0160017588010912,0.003));
#12574=CARTESIAN_POINT('',(-0.023502632678881,0.0157783968955604,0.003));
#12575=CARTESIAN_POINT('',(-0.0231962094096364,0.0164131922918185,0.003));
#12576=CARTESIAN_POINT('',(-0.023502632678881,0.0157783968955604,0.003));
#12577=CARTESIAN_POINT('',(-0.023502632678881,0.0157783968955604,0.003));
#12578=CARTESIAN_POINT('',(-0.0238090559481255,0.0155550349900295,0.003));
#12579=CARTESIAN_POINT('',(-0.0243633721992309,0.0155550349900295,0.003));
#12580=CARTESIAN_POINT('',(-0.0243633721992309,0.0155550349900295,0.003));
#12581=CARTESIAN_POINT('',(-0.0243633721992309,0.0155550349900295,0.003));
#12582=CARTESIAN_POINT('',(-0.0249495358125892,0.0155550349900295,0.003));
#12583=CARTESIAN_POINT('',(-0.0252774775698425,0.0157409547264251,0.003));
#12584=CARTESIAN_POINT('',(-0.0252774775698425,0.0157409547264251,0.003));
#12585=CARTESIAN_POINT('',(-0.0252774775698425,0.0159479625810693,0.003));
#12586=CARTESIAN_POINT('',(-0.0252774775698425,0.0161548444069811,0.003));
#12587=CARTESIAN_POINT('',(-0.024288893092901,0.0181233141909092,0.003));
#12588=CARTESIAN_POINT('',(-0.0248216828029136,0.0159859620852778,0.003));
#12589=CARTESIAN_POINT('',(-0.0243381170802651,0.0178374204551864,0.003));
#12590=CARTESIAN_POINT('',(-0.0243521825854663,0.0159242922442597,0.003));
#12591=CARTESIAN_POINT('',(-0.0243521825854663,0.0159242922442597,0.003));
#12592=CARTESIAN_POINT('',(-0.0240027223402043,0.0159242922442597,0.003));
#12593=CARTESIAN_POINT('',(-0.0238146507550078,0.016035758012145,0.003));
#12594=CARTESIAN_POINT('',(-0.0238146507550078,0.016035758012145,0.003));
#12595=CARTESIAN_POINT('',(-0.0238146507550078,0.016035758012145,0.003));
#12596=CARTESIAN_POINT('',(-0.0236265791698113,0.0161472237800303,0.003));
#12597=CARTESIAN_POINT('',(-0.0236265791698113,0.0163761804924434,0.003));
#12598=CARTESIAN_POINT('',(-0.0236265791698113,0.0163761804924434,0.003));
#12599=CARTESIAN_POINT('',(-0.0236265791698113,0.0163761804924434,0.003));
#12600=CARTESIAN_POINT('',(-0.0236265791698113,0.0165483283965133,0.003));
#12601=CARTESIAN_POINT('',(-0.0237754871068319,0.016670553408403,0.003));
#12602=CARTESIAN_POINT('',(-0.0237754871068319,0.016670553408403,0.003));
#12603=CARTESIAN_POINT('',(-0.0237754871068319,0.016670553408403,0.003));
#12604=CARTESIAN_POINT('',(-0.0239243950438524,0.0167927784202927,0.003));
#12605=CARTESIAN_POINT('',(-0.0243582077621088,0.0169597618872406,0.003));
#12606=CARTESIAN_POINT('',(-0.0243582077621088,0.0169597618872406,0.003));
#12607=CARTESIAN_POINT('',(-0.0243582077621088,0.0169597618872406,0.003));
#12608=CARTESIAN_POINT('',(-0.0247696412528361,0.017112973521863,0.003));
#12609=CARTESIAN_POINT('',(-0.0249430802661865,0.0172274518780695,0.003));
#12610=CARTESIAN_POINT('',(-0.0249430802661865,0.0172274518780695,0.003));
#12611=CARTESIAN_POINT('',(-0.0245184809519989,0.0179130584962381,0.003));
#12612=CARTESIAN_POINT('',(-0.025201641955743,0.0174867741869149,0.003));
#12613=CARTESIAN_POINT('',(-0.0246090236879552,0.0178124816608455,0.003));
#12614=CARTESIAN_POINT('',(-0.0252856586147041,0.0178334247329155,0.003));
#12615=CARTESIAN_POINT('',(-0.024626298529361,0.0178536898104944,0.003));
#12616=CARTESIAN_POINT('',(-0.0249925727886067,0.0184027916931074,0.003));
#12617=CARTESIAN_POINT('',(-0.0249925727886067,0.0184027916931074,0.003));
#12618=CARTESIAN_POINT('',(-0.0246990606121673,0.0186115210267922,0.003));
#12619=CARTESIAN_POINT('',(-0.0241886420765999,0.0186115210267922,0.003));
#12620=CARTESIAN_POINT('',(-0.0241886420765999,0.0186115210267922,0.003));
#12621=CARTESIAN_POINT('',(-0.0241946375177447,0.01625454502597,0.003));
#12622=CARTESIAN_POINT('',(-0.0232574852840367,0.0184174819780204,0.003));
#12623=CARTESIAN_POINT('',(-0.0233369403212135,0.0182362385959196,0.003));
#12624=CARTESIAN_POINT('',(-0.0234165587268459,0.0180546225571258,0.003));
#12625=CARTESIAN_POINT('',(-0.0234165587268459,0.0180546225571258,0.003));
#12626=CARTESIAN_POINT('',(-0.0238598395798261,0.01823709933544,0.003));
#12627=CARTESIAN_POINT('',(-0.0242204894388528,0.01823709933544,0.003));
#12628=CARTESIAN_POINT('',(-0.0242204894388528,0.01823709933544,0.003));
#12629=CARTESIAN_POINT('',(-0.0242204894388528,0.01823709933544,0.003));
#12630=CARTESIAN_POINT('',(-0.0245381023218619,0.01823709933544,0.003));
#12631=CARTESIAN_POINT('',(-0.0246994909819276,0.0181376839208396,0.003));
#12632=CARTESIAN_POINT('',(-0.0246994909819276,0.0181376839208396,0.003));
#12633=CARTESIAN_POINT('',(-0.0246994909819276,0.0181376839208396,0.003));
#12634=CARTESIAN_POINT('',(-0.0248608796419931,0.0180382685062392,0.003));
#12635=CARTESIAN_POINT('',(-0.0248608796419931,0.0178635383836081,0.003));
#12636=CARTESIAN_POINT('',(-0.0248608796419931,0.0178635383836081,0.003));
#12637=CARTESIAN_POINT('',(-0.0245274733026063,0.0178522472609962,0.003));
#12638=CARTESIAN_POINT('',(-0.024800561209435,0.0176613781738808,0.003));
#12639=CARTESIAN_POINT('',(-0.0243281364403367,0.0180506671480042,0.003));
#12640=CARTESIAN_POINT('',(-0.0246052400044492,0.0175033188943416,0.003));
#12641=CARTESIAN_POINT('',(-0.0246052400044492,0.0175033188943416,0.003));
#12642=CARTESIAN_POINT('',(-0.0244709646392746,0.0174280041863111,0.003));
#12643=CARTESIAN_POINT('',(-0.0240887962922392,0.0172851214259329,0.003));
#12644=CARTESIAN_POINT('',(-0.0240887962922392,0.0172851214259329,0.003));
#12645=CARTESIAN_POINT('',(-0.0240887962922392,0.0172851214259329,0.003));
#12646=CARTESIAN_POINT('',(-0.0235646059243462,0.0170940372524152,0.003));
#12647=CARTESIAN_POINT('',(-0.0233804076669912,0.0169003708603365,0.003));
#12648=CARTESIAN_POINT('',(-0.0233804076669912,0.0169003708603365,0.003));
#12649=CARTESIAN_POINT('',(-0.0233804076669912,0.0169003708603365,0.003));
#12650=CARTESIAN_POINT('',(-0.0231962094096364,0.0167067044682577,0.003));
#12651=CARTESIAN_POINT('',(-0.0231962094096364,0.0164131922918185,0.003));
#12652=CARTESIAN_POINT('',(-0.0187440342406262,0.0162345888413458,0.003));
#12653=CARTESIAN_POINT('',(-0.0184991538470867,0.0156092615798115,0.003));
#12654=CARTESIAN_POINT('',(-0.0189889146341658,0.0168599161028801,0.003));
#12655=CARTESIAN_POINT('',(-0.0197769216650461,0.0168599161028801,0.003));
#12656=CARTESIAN_POINT('',(-0.0205649286959266,0.0168599161028801,0.003));
#12657=CARTESIAN_POINT('',(-0.0208067965011449,0.0162345888413458,0.003));
#12658=CARTESIAN_POINT('',(-0.0210486643063632,0.0156092615798115,0.003));
#12659=CARTESIAN_POINT('',(-0.0212802032373373,0.0156092615798115,0.003));
#12660=CARTESIAN_POINT('',(-0.0215117421683115,0.0156092615798115,0.003));
#12661=CARTESIAN_POINT('',(-0.0207344943814355,0.0175837980394943,0.003));
#12662=CARTESIAN_POINT('',(-0.0199572465945595,0.0195583344991771,0.003));
#12663=CARTESIAN_POINT('',(-0.0197648713117613,0.0195583344991771,0.003));
#12664=CARTESIAN_POINT('',(-0.019572496028963,0.0195583344991771,0.003));
#12665=CARTESIAN_POINT('',(-0.0187991215699286,0.0175837980394943,0.003));
#12666=CARTESIAN_POINT('',(-0.0180257471108941,0.0156092615798115,0.003));
#12667=CARTESIAN_POINT('',(-0.0182624504789904,0.0156092615798115,0.003));
#12668=CARTESIAN_POINT('',(-0.0137943516288538,0.0165681254054814,0.003));
#12669=CARTESIAN_POINT('',(-0.0137943516288538,0.0156092615798115,0.003));
#12670=CARTESIAN_POINT('',(-0.0137943516288538,0.0175269892311513,0.003));
#12671=CARTESIAN_POINT('',(-0.0137943516288538,0.0175269892311513,0.003));
#12672=CARTESIAN_POINT('',(-0.0137943516288538,0.0178798924344947,0.003));
#12673=CARTESIAN_POINT('',(-0.013944981044915,0.0180559136664063,0.003));
#12674=CARTESIAN_POINT('',(-0.013944981044915,0.0180559136664063,0.003));
#12675=CARTESIAN_POINT('',(-0.013944981044915,0.0180559136664063,0.003));
#12676=CARTESIAN_POINT('',(-0.0140956104609763,0.0182319348983179,0.003));
#12677=CARTESIAN_POINT('',(-0.0144132233439854,0.0182319348983179,0.003));
#12678=CARTESIAN_POINT('',(-0.0144132233439854,0.0182319348983179,0.003));
#12679=CARTESIAN_POINT('',(-0.0144132233439854,0.0182319348983179,0.003));
#12680=CARTESIAN_POINT('',(-0.0148298212718348,0.0182319348983179,0.003));
#12681=CARTESIAN_POINT('',(-0.0150290824707958,0.0179926493116606,0.003));
#12682=CARTESIAN_POINT('',(-0.0150290824707958,0.0179926493116606,0.003));
#12683=CARTESIAN_POINT('',(-0.0150290824707958,0.0179926493116606,0.003));
#12684=CARTESIAN_POINT('',(-0.0152283436697568,0.0177533637250033,0.003));
#12685=CARTESIAN_POINT('',(-0.0152283436697568,0.017255856282241,0.003));
#12686=CARTESIAN_POINT('',(-0.0152283436697568,0.017255856282241,0.003));
#12687=CARTESIAN_POINT('',(-0.0152283436697568,0.0164325589310263,0.003));
#12688=CARTESIAN_POINT('',(-0.0152283436697568,0.0156092615798115,0.003));
#12689=CARTESIAN_POINT('',(-0.0154517055752877,0.0156092615798115,0.003));
#12690=CARTESIAN_POINT('',(-0.0156750674808184,0.0156092615798115,0.003));
#12691=CARTESIAN_POINT('',(-0.0156750674808184,0.0165681254054814,0.003));
#12692=CARTESIAN_POINT('',(-0.0156750674808184,0.0175269892311513,0.003));
#12693=CARTESIAN_POINT('',(-0.0156750674808184,0.0175269892311513,0.003));
#12694=CARTESIAN_POINT('',(-0.0156750674808184,0.0178798924344947,0.003));
#12695=CARTESIAN_POINT('',(-0.0158256968968797,0.0180559136664063,0.003));
#12696=CARTESIAN_POINT('',(-0.0158256968968797,0.0180559136664063,0.003));
#12697=CARTESIAN_POINT('',(-0.0158256968968797,0.0180559136664063,0.003));
#12698=CARTESIAN_POINT('',(-0.0159763263129409,0.0182319348983179,0.003));
#12699=CARTESIAN_POINT('',(-0.0162965214145111,0.0182319348983179,0.003));
#12700=CARTESIAN_POINT('',(-0.0162965214145111,0.0182319348983179,0.003));
#12701=CARTESIAN_POINT('',(-0.0162965214145111,0.0182319348983179,0.003));
#12702=CARTESIAN_POINT('',(-0.0167157015609216,0.0182319348983179,0.003));
#12703=CARTESIAN_POINT('',(-0.0169106590622808,0.0179805989583757,0.003));
#12704=CARTESIAN_POINT('',(-0.0169106590622808,0.0179805989583757,0.003));
#12705=CARTESIAN_POINT('',(-0.0169106590622808,0.0179805989583757,0.003));
#12706=CARTESIAN_POINT('',(-0.01710561656364,0.0177292630184335,0.003));
#12707=CARTESIAN_POINT('',(-0.01710561656364,0.0171560104978805,0.003));
#12708=CARTESIAN_POINT('',(-0.01710561656364,0.0171560104978805,0.003));
#12709=CARTESIAN_POINT('',(-0.01710561656364,0.016382636038846,0.003));
#12710=CARTESIAN_POINT('',(-0.01710561656364,0.0156092615798115,0.003));
#12711=CARTESIAN_POINT('',(-0.0173289784691709,0.0156092615798115,0.003));
#12712=CARTESIAN_POINT('',(-0.0175523403747017,0.0156092615798115,0.003));
#12713=CARTESIAN_POINT('',(-0.0175523403747017,0.0170832780084108,0.003));
#12714=CARTESIAN_POINT('',(-0.0175523403747017,0.0185572944370101,0.003));
#12715=CARTESIAN_POINT('',(-0.0173707243359079,0.0185572944370101,0.003));
#12716=CARTESIAN_POINT('',(-0.017189108297114,0.0185572944370101,0.003));
#12717=CARTESIAN_POINT('',(-0.0171529572372593,0.0183554510194881,0.003));
#12718=CARTESIAN_POINT('',(-0.0171168061774046,0.018153607601966,0.003));
#12719=CARTESIAN_POINT('',(-0.0171060469334002,0.018153607601966,0.003));
#12720=CARTESIAN_POINT('',(-0.017095464086015,0.018153607601966,0.003));
#12721=CARTESIAN_POINT('',(-0.0163382164639995,0.0177070512950051,0.003));
#12722=CARTESIAN_POINT('',(-0.0167385303080109,0.018490192886293,0.003));
#12723=CARTESIAN_POINT('',(-0.016241104274097,0.0175234532056512,0.003));
#12724=CARTESIAN_POINT('',(-0.0162233585552813,0.0186115210267922,0.003));
#12725=CARTESIAN_POINT('',(-0.0162233585552813,0.0186115210267922,0.003));
#12726=CARTESIAN_POINT('',(-0.0155321847204403,0.0186115210267922,0.003));
#12727=CARTESIAN_POINT('',(-0.0153195820589139,0.0181105706259485,0.003));
#12728=CARTESIAN_POINT('',(-0.0153195820589139,0.0181105706259485,0.003));
#12729=CARTESIAN_POINT('',(-0.0153088228149096,0.0181105706259485,0.003));
#12730=CARTESIAN_POINT('',(-0.0152984324694943,0.0181105706259485,0.003));
#12731=CARTESIAN_POINT('',(-0.014483971722959,0.0176418567233049,0.003));
#12732=CARTESIAN_POINT('',(-0.0149163611133596,0.0184768826552452,0.003));
#12733=CARTESIAN_POINT('',(-0.0143705227739082,0.0174268773039854,0.003));
#12734=CARTESIAN_POINT('',(-0.0143460856613981,0.0186115210267922,0.003));
#12735=CARTESIAN_POINT('',(-0.0143460856613981,0.0186115210267922,0.003));
#12736=CARTESIAN_POINT('',(-0.0138459960000748,0.0186115210267922,0.003));
#12737=CARTESIAN_POINT('',(-0.0135972422786937,0.0183545902799677,0.003));
#12738=CARTESIAN_POINT('',(-0.0135972422786937,0.0183545902799677,0.003));
#12739=CARTESIAN_POINT('',(-0.0135972422786937,0.0183545902799677,0.003));
#12740=CARTESIAN_POINT('',(-0.0133484885573125,0.0180976595331433,0.003));
#12741=CARTESIAN_POINT('',(-0.0133484885573125,0.0175321536682734,0.003));
#12742=CARTESIAN_POINT('',(-0.0133484885573125,0.0175321536682734,0.003));
#12743=CARTESIAN_POINT('',(-0.0133484885573125,0.0165707076240425,0.003));
#12744=CARTESIAN_POINT('',(-0.0133484885573125,0.0156092615798115,0.003));
#12745=CARTESIAN_POINT('',(-0.0135714200930832,0.0156092615798115,0.003));
#12746=CARTESIAN_POINT('',(-0.0106599686654994,0.0158192820227769,0.003));
#12747=CARTESIAN_POINT('',(-0.0106156405802014,0.0156092615798115,0.003));
#12748=CARTESIAN_POINT('',(-0.0107042967507975,0.0160293024657423,0.003));
#12749=CARTESIAN_POINT('',(-0.0107150559948018,0.0160293024657423,0.003));
#12750=CARTESIAN_POINT('',(-0.0107258152388062,0.0160293024657423,0.003));
#12751=CARTESIAN_POINT('',(-0.0107258152388062,0.0160293024657423,0.003));
#12752=CARTESIAN_POINT('',(-0.0109461645560158,0.0157521443401896,0.003));
#12753=CARTESIAN_POINT('',(-0.0111652227639449,0.0156535896651096,0.003));
#12754=CARTESIAN_POINT('',(-0.0111652227639449,0.0156535896651096,0.003));
#12755=CARTESIAN_POINT('',(-0.0111652227639449,0.0156535896651096,0.003));
#12756=CARTESIAN_POINT('',(-0.0113842809718739,0.0155550349900295,0.003));
#12757=CARTESIAN_POINT('',(-0.0117130834686476,0.0155550349900295,0.003));
#12758=CARTESIAN_POINT('',(-0.0117130834686476,0.0155550349900295,0.003));
#12759=CARTESIAN_POINT('',(-0.0117130834686476,0.0155550349900295,0.003));
#12760=CARTESIAN_POINT('',(-0.0121511998845057,0.0155550349900295,0.003));
#12761=CARTESIAN_POINT('',(-0.0123999536058869,0.0157814094838816,0.003));
#12762=CARTESIAN_POINT('',(-0.0123999536058869,0.0157814094838816,0.003));
#12763=CARTESIAN_POINT('',(-0.0123999536058869,0.0157814094838816,0.003));
#12764=CARTESIAN_POINT('',(-0.012648707327268,0.0160077839777336,0.003));
#12765=CARTESIAN_POINT('',(-0.012648707327268,0.016424381905583,0.003));
#12766=CARTESIAN_POINT('',(-0.012648707327268,0.016424381905583,0.003));
#12767=CARTESIAN_POINT('',(-0.012648707327268,0.016424381905583,0.003));
#12768=CARTESIAN_POINT('',(-0.012648707327268,0.0173169687881859,0.003));
#12769=CARTESIAN_POINT('',(-0.0112207404630074,0.0173600057642034,0.003));
#12770=CARTESIAN_POINT('',(-0.0112207404630074,0.0173600057642034,0.003));
#12771=CARTESIAN_POINT('',(-0.0109706956323458,0.0173681827896467,0.003));
#12772=CARTESIAN_POINT('',(-0.0107206508016841,0.01737635981509,0.003));
#12773=CARTESIAN_POINT('',(-0.0107206508016841,0.0174680285740073,0.003));
#12774=CARTESIAN_POINT('',(-0.0107206508016841,0.0175596973329245,0.003));
#12775=CARTESIAN_POINT('',(-0.0107206508016841,0.0175596973329245,0.003));
#12776=CARTESIAN_POINT('',(-0.0107206508016841,0.0179065753596256,0.003));
#12777=CARTESIAN_POINT('',(-0.0108695587387047,0.0180718373475328,0.003));
#12778=CARTESIAN_POINT('',(-0.0108695587387047,0.0180718373475328,0.003));
#12779=CARTESIAN_POINT('',(-0.0108695587387047,0.0180718373475328,0.003));
#12780=CARTESIAN_POINT('',(-0.0110184666757252,0.01823709933544,0.003));
#12781=CARTESIAN_POINT('',(-0.0113472691724989,0.01823709933544,0.003));
#12782=CARTESIAN_POINT('',(-0.0113472691724989,0.01823709933544,0.003));
#12783=CARTESIAN_POINT('',(-0.0113472691724989,0.01823709933544,0.003));
#12784=CARTESIAN_POINT('',(-0.0117156656872087,0.01823709933544,0.003));
#12785=CARTESIAN_POINT('',(-0.0121804650281976,0.0180115855811083,0.003));
#12786=CARTESIAN_POINT('',(-0.0121804650281976,0.0180115855811083,0.003));
#12787=CARTESIAN_POINT('',(-0.0122493241898256,0.0181824423758978,0.003));
#12788=CARTESIAN_POINT('',(-0.0123182607266079,0.0183534911577888,0.003));
#12789=CARTESIAN_POINT('',(-0.011325363135224,0.016495922844188,0.003));
#12790=CARTESIAN_POINT('',(-0.011840876271579,0.0185382526104475,0.003));
#12791=CARTESIAN_POINT('',(-0.0113170737473021,0.0165327121465206,0.003));
#12792=CARTESIAN_POINT('',(-0.0113197255078477,0.0186054958501497,0.003));
#12793=CARTESIAN_POINT('',(-0.0113197255078477,0.0186054958501497,0.003));
#12794=CARTESIAN_POINT('',(-0.0107929529213935,0.0186054958501497,0.003));
#12795=CARTESIAN_POINT('',(-0.0105386043931301,0.0183718050703747,0.003));
#12796=CARTESIAN_POINT('',(-0.0105386043931301,0.0183718050703747,0.003));
#12797=CARTESIAN_POINT('',(-0.0105386043931301,0.0183718050703747,0.003));
#12798=CARTESIAN_POINT('',(-0.0102842558648667,0.0181381142905997,0.003));
#12799=CARTESIAN_POINT('',(-0.0102842558648667,0.0176216705783898,0.003));
#12800=CARTESIAN_POINT('',(-0.0102842558648667,0.0176216705783898,0.003));
#12801=CARTESIAN_POINT('',(-0.0102842558648667,0.0166154660791007,0.003));
#12802=CARTESIAN_POINT('',(-0.0102842558648667,0.0156092615798115,0.003));
#12803=CARTESIAN_POINT('',(-0.010449948222534,0.0156092615798115,0.003));
#12804=CARTESIAN_POINT('',(-0.00854857462208101,0.0156092615798115,0.003));
#12805=CARTESIAN_POINT('',(-0.00747910576804619,0.0156092615798115,0.003));
#12806=CARTESIAN_POINT('',(-0.00961804347611582,0.0156092615798115,0.003));
#12807=CARTESIAN_POINT('',(-0.00961804347611582,0.0157611821051533,0.003));
#12808=CARTESIAN_POINT('',(-0.00961804347611582,0.0159131026304951,0.003));
#12809=CARTESIAN_POINT('',(-0.00881368239434879,0.0170617595204021,0.003));
#12810=CARTESIAN_POINT('',(-0.00800932131258176,0.0182104164103091,0.003));
#12811=CARTESIAN_POINT('',(-0.0087637595021685,0.0182104164103091,0.003));
#12812=CARTESIAN_POINT('',(-0.00951819769175523,0.0182104164103091,0.003));
#12813=CARTESIAN_POINT('',(-0.00951819769175523,0.0183838554236597,0.003));
#12814=CARTESIAN_POINT('',(-0.00951819769175523,0.0185572944370101,0.003));
#12815=CARTESIAN_POINT('',(-0.00851887910862893,0.0185572944370101,0.003));
#12816=CARTESIAN_POINT('',(-0.00751956052550264,0.0185572944370101,0.003));
#12817=CARTESIAN_POINT('',(-0.00751956052550264,0.0183838554236597,0.003));
#12818=CARTESIAN_POINT('',(-0.00751956052550264,0.0182104164103091,0.003));
#12819=CARTESIAN_POINT('',(-0.0083131623632653,0.0170832780084108,0.003));
#12820=CARTESIAN_POINT('',(-0.00910676420102795,0.0159561396065126,0.003));
#12821=CARTESIAN_POINT('',(-0.00829293498453707,0.0159561396065126,0.003));
#12822=CARTESIAN_POINT('',(-0.00747910576804619,0.0159561396065126,0.003));
#12823=CARTESIAN_POINT('',(-0.00747910576804619,0.0157827005931621,0.003));
#12824=CARTESIAN_POINT('',(-0.00656457002767437,0.0156092615798115,0.003));
#12825=CARTESIAN_POINT('',(-0.00634120812214355,0.0156092615798115,0.003));
#12826=CARTESIAN_POINT('',(-0.00678793193320518,0.0156092615798115,0.003));
#12827=CARTESIAN_POINT('',(-0.00678793193320518,0.0170832780084108,0.003));
#12828=CARTESIAN_POINT('',(-0.00678793193320518,0.0185572944370101,0.003));
#12829=CARTESIAN_POINT('',(-0.00656457002767437,0.0185572944370101,0.003));
#12830=CARTESIAN_POINT('',(-0.00634120812214355,0.0185572944370101,0.003));
#12831=CARTESIAN_POINT('',(-0.00634120812214355,0.0170832780084108,0.003));
#12832=CARTESIAN_POINT('',(-0.00682580447210058,0.0193560607118949,0.003));
#12833=CARTESIAN_POINT('',(-0.00682580447210058,0.0195092723465172,0.003));
#12834=CARTESIAN_POINT('',(-0.00675048976406995,0.0195807137267063,0.003));
#12835=CARTESIAN_POINT('',(-0.00682580447210058,0.0193560607118949,0.003));
#12836=CARTESIAN_POINT('',(-0.00675048976406995,0.0195807137267063,0.003));
#12837=CARTESIAN_POINT('',(-0.00657080732584543,0.0193885405390888,0.003));
#12838=CARTESIAN_POINT('',(-0.0065615610329214,0.0196519247634814,0.003));
#12839=CARTESIAN_POINT('',(-0.0065571725742909,0.0193901907522564,0.003));
#12840=CARTESIAN_POINT('',(-0.00637606807271773,0.0195794226174258,0.003));
#12841=CARTESIAN_POINT('',(-0.00637606807271773,0.0195794226174258,0.003));
#12842=CARTESIAN_POINT('',(-0.00629817114612605,0.0195066901279561,0.003));
#12843=CARTESIAN_POINT('',(-0.00629817114612605,0.0193560607118949,0.003));
#12844=CARTESIAN_POINT('',(-0.00629817114612605,0.0193560607118949,0.003));
#12845=CARTESIAN_POINT('',(-0.00629817114612605,0.0193560607118949,0.003));
#12846=CARTESIAN_POINT('',(-0.00629817114612605,0.0192054312958337,0.003));
#12847=CARTESIAN_POINT('',(-0.00637606807271773,0.0191314076970836,0.003));
#12848=CARTESIAN_POINT('',(-0.00637606807271773,0.0191314076970836,0.003));
#12849=CARTESIAN_POINT('',(-0.00655757062467019,0.0193168394981912,0.003));
#12850=CARTESIAN_POINT('',(-0.00656156583996393,0.0190575934615258,0.003));
#12851=CARTESIAN_POINT('',(-0.00657007939512321,0.0193157673429923,0.003));
#12852=CARTESIAN_POINT('',(-0.00675048976406995,0.0191314076970836,0.003));
#12853=CARTESIAN_POINT('',(-0.00675048976406995,0.0191314076970836,0.003));
#12854=CARTESIAN_POINT('',(-0.00682580447210058,0.0192054312958337,0.003));
#12855=CARTESIAN_POINT('',(-0.00682580447210058,0.0193560607118949,0.003));
#12856=CARTESIAN_POINT('',(-0.00337682121405831,0.0165629609683593,0.003));
#12857=CARTESIAN_POINT('',(-0.00337682121405831,0.0156092615798115,0.003));
#12858=CARTESIAN_POINT('',(-0.00337682121405831,0.0175166603569071,0.003));
#12859=CARTESIAN_POINT('',(-0.00337682121405831,0.0175166603569071,0.003));
#12860=CARTESIAN_POINT('',(-0.00337682121405831,0.0178764494764133,0.003));
#12861=CARTESIAN_POINT('',(-0.00354079209268498,0.0180541921873656,0.003));
#12862=CARTESIAN_POINT('',(-0.00354079209268498,0.0180541921873656,0.003));
#12863=CARTESIAN_POINT('',(-0.00354079209268498,0.0180541921873656,0.003));
#12864=CARTESIAN_POINT('',(-0.00370476297131164,0.0182319348983179,0.003));
#12865=CARTESIAN_POINT('',(-0.00405508395609407,0.0182319348983179,0.003));
#12866=CARTESIAN_POINT('',(-0.00405508395609407,0.0182319348983179,0.003));
#12867=CARTESIAN_POINT('',(-0.00405508395609407,0.0182319348983179,0.003));
#12868=CARTESIAN_POINT('',(-0.004517301078522,0.0182319348983179,0.003));
#12869=CARTESIAN_POINT('',(-0.00473248595860949,0.0179818900676562,0.003));
#12870=CARTESIAN_POINT('',(-0.00473248595860949,0.0179818900676562,0.003));
#12871=CARTESIAN_POINT('',(-0.00473248595860949,0.0179818900676562,0.003));
#12872=CARTESIAN_POINT('',(-0.00494767083869697,0.0177318452369946,0.003));
#12873=CARTESIAN_POINT('',(-0.00494767083869697,0.0171560104978805,0.003));
#12874=CARTESIAN_POINT('',(-0.00494767083869697,0.0171560104978805,0.003));
#12875=CARTESIAN_POINT('',(-0.00494767083869697,0.016382636038846,0.003));
#12876=CARTESIAN_POINT('',(-0.00494767083869697,0.0156092615798115,0.003));
#12877=CARTESIAN_POINT('',(-0.00517103274422779,0.0156092615798115,0.003));
#12878=CARTESIAN_POINT('',(-0.00539439464975861,0.0156092615798115,0.003));
#12879=CARTESIAN_POINT('',(-0.00539439464975861,0.0170832780084108,0.003));
#12880=CARTESIAN_POINT('',(-0.00539439464975861,0.0185572944370101,0.003));
#12881=CARTESIAN_POINT('',(-0.00521277861096476,0.0185572944370101,0.003));
#12882=CARTESIAN_POINT('',(-0.00503116257217092,0.0185572944370101,0.003));
#12883=CARTESIAN_POINT('',(-0.00499501151231623,0.0183554510194881,0.003));
#12884=CARTESIAN_POINT('',(-0.00495886045246153,0.018153607601966,0.003));
#12885=CARTESIAN_POINT('',(-0.00494810120845715,0.018153607601966,0.003));
#12886=CARTESIAN_POINT('',(-0.00493771768292499,0.018153607601966,0.003));
#12887=CARTESIAN_POINT('',(-0.00416495697439763,0.0176591624489384,0.003));
#12888=CARTESIAN_POINT('',(-0.00455215597465734,0.0184914337849457,0.003));
#12889=CARTESIAN_POINT('',(-0.00402053462514216,0.0173644350161874,0.003));
#12890=CARTESIAN_POINT('',(-0.00400085736631203,0.0186115210267922,0.003));
#12891=CARTESIAN_POINT('',(-0.00400085736631203,0.0186115210267922,0.003));
#12892=CARTESIAN_POINT('',(-0.00346805960321541,0.0186115210267922,0.003));
#12893=CARTESIAN_POINT('',(-0.00319907850310604,0.0183545902799677,0.003));
#12894=CARTESIAN_POINT('',(-0.00319907850310604,0.0183545902799677,0.003));
#12895=CARTESIAN_POINT('',(-0.00319907850310604,0.0183545902799677,0.003));
#12896=CARTESIAN_POINT('',(-0.00293009740299669,0.0180976595331433,0.003));
#12897=CARTESIAN_POINT('',(-0.00293009740299669,0.0175321536682734,0.003));
#12898=CARTESIAN_POINT('',(-0.00293009740299669,0.0175321536682734,0.003));
#12899=CARTESIAN_POINT('',(-0.00293009740299669,0.0165707076240425,0.003));
#12900=CARTESIAN_POINT('',(-0.00293009740299669,0.0156092615798115,0.003));
#12901=CARTESIAN_POINT('',(-0.0031534593085275,0.0156092615798115,0.003));
#12902=CARTESIAN_POINT('',(0.000399243061716938,0.0184161331556728,0.003));
#12903=CARTESIAN_POINT('',(0.000399243061716938,0.0185572944370101,0.003));
#12904=CARTESIAN_POINT('',(0.000399243061716938,0.0182749718743354,0.003));
#12905=CARTESIAN_POINT('',(0.000126388633766003,0.0182426941423223,0.003));
#12906=CARTESIAN_POINT('',(-0.000145806659163789,0.0182104943981935,0.003));
#12907=CARTESIAN_POINT('',(-0.000909066150709406,0.0176390035388021,0.003));
#12908=CARTESIAN_POINT('',(-1.22416692937443E-5,0.0179642280175133,0.003));
#12909=CARTESIAN_POINT('',(-0.000891792835444987,0.0176376548389787,0.003));
#12910=CARTESIAN_POINT('',(4.72005978938081E-5,0.0176216705783898,0.003));
#12911=CARTESIAN_POINT('',(4.72005978938081E-5,0.0176216705783898,0.003));
#12912=CARTESIAN_POINT('',(4.72005978938081E-5,0.0171878578601334,0.003));
#12913=CARTESIAN_POINT('',(-0.000248893797106582,0.0169296360040284,0.003));
#12914=CARTESIAN_POINT('',(-0.000248893797106582,0.0169296360040284,0.003));
#12915=CARTESIAN_POINT('',(-0.000248893797106582,0.0169296360040284,0.003));
#12916=CARTESIAN_POINT('',(-0.000544988192106966,0.0166714141479234,0.003));
#12917=CARTESIAN_POINT('',(-0.00106143190431693,0.0166714141479234,0.003));
#12918=CARTESIAN_POINT('',(-0.00106143190431693,0.0166714141479234,0.003));
#12919=CARTESIAN_POINT('',(-0.00106963186397641,0.0180200986995016,0.003));
#12920=CARTESIAN_POINT('',(-0.00130846414665737,0.0166929326359322,0.003));
#12921=CARTESIAN_POINT('',(-0.00130846414665737,0.0166929326359322,0.003));
#12922=CARTESIAN_POINT('',(-0.0015933689278932,0.0165423032198709,0.003));
#12923=CARTESIAN_POINT('',(-0.0015933689278932,0.0163142072469782,0.003));
#12924=CARTESIAN_POINT('',(-0.0015933689278932,0.0163142072469782,0.003));
#12925=CARTESIAN_POINT('',(-0.00140134649166142,0.0163029945390594,0.003));
#12926=CARTESIAN_POINT('',(-0.00149395351329279,0.0161351734267454,0.003));
#12927=CARTESIAN_POINT('',(-0.00149395351329279,0.0161351734267454,0.003));
#12928=CARTESIAN_POINT('',(-0.00139453809869237,0.0160775038788819,0.003));
#12929=CARTESIAN_POINT('',(-0.00115267029347403,0.0160775038788819,0.003));
#12930=CARTESIAN_POINT('',(-0.00115267029347403,0.0160775038788819,0.003));
#12931=CARTESIAN_POINT('',(-0.000891866218807994,0.0160775038788819,0.003));
#12932=CARTESIAN_POINT('',(-0.000631062144141957,0.0160775038788819,0.003));
#12933=CARTESIAN_POINT('',(-0.000631062144141957,0.0160775038788819,0.003));
#12934=CARTESIAN_POINT('',(-0.000151630231307036,0.0160775038788819,0.003));
#12935=CARTESIAN_POINT('',(0.000104870145757253,0.0158756604613599,0.003));
#12936=CARTESIAN_POINT('',(0.000104870145757253,0.0158756604613599,0.003));
#12937=CARTESIAN_POINT('',(0.000104870145757253,0.0158756604613599,0.003));
#12938=CARTESIAN_POINT('',(0.000361370522821536,0.0156738170438378,0.003));
#12939=CARTESIAN_POINT('',(0.000361370522821536,0.0152890664782414,0.003));
#12940=CARTESIAN_POINT('',(0.000361370522821536,0.0152890664782414,0.003));
#12941=CARTESIAN_POINT('',(0.000361370522821536,0.0152890664782414,0.003));
#12942=CARTESIAN_POINT('',(0.000361370522821536,0.0147993056911623,0.003));
#12943=CARTESIAN_POINT('',(-3.11266984580408E-5,0.0145423749443378,0.003));
#12944=CARTESIAN_POINT('',(-3.11266984580408E-5,0.0145423749443378,0.003));
#12945=CARTESIAN_POINT('',(-3.11266984580408E-5,0.0145423749443378,0.003));
#12946=CARTESIAN_POINT('',(-0.000423623919737617,0.0142854441975133,0.003));
#12947=CARTESIAN_POINT('',(-0.00117677100004383,0.0142854441975133,0.003));
#12948=CARTESIAN_POINT('',(-0.00117677100004383,0.0142854441975133,0.003));
#12949=CARTESIAN_POINT('',(-0.00117677100004383,0.0142854441975133,0.003));
#12950=CARTESIAN_POINT('',(-0.001755187957719,0.0142854441975133,0.003));
#12951=CARTESIAN_POINT('',(-0.00206849714312638,0.0145006290776008,0.003));
#12952=CARTESIAN_POINT('',(-0.00206849714312638,0.0145006290776008,0.003));
#12953=CARTESIAN_POINT('',(-0.00206849714312638,0.0145006290776008,0.003));
#12954=CARTESIAN_POINT('',(-0.00238180632853376,0.0147158139576883,0.003));
#12955=CARTESIAN_POINT('',(-0.00238180632853376,0.0151091719184883,0.003));
#12956=CARTESIAN_POINT('',(-0.00238180632853376,0.0151091719184883,0.003));
#12957=CARTESIAN_POINT('',(-0.00169952614296006,0.0151218669931063,0.003));
#12958=CARTESIAN_POINT('',(-0.00220965842446377,0.0155744016292374,0.003));
#12959=CARTESIAN_POINT('',(-0.00220965842446377,0.0155744016292374,0.003));
#12960=CARTESIAN_POINT('',(-0.00203751052039378,0.0157710806096374,0.003));
#12961=CARTESIAN_POINT('',(-0.0017259228140271,0.0158408005107857,0.003));
#12962=CARTESIAN_POINT('',(-0.0017259228140271,0.0158408005107857,0.003));
#12963=CARTESIAN_POINT('',(-0.00153286949200596,0.0162628673126135,0.003));
#12964=CARTESIAN_POINT('',(-0.00191527569276041,0.0159991817974945,0.003));
#12965=CARTESIAN_POINT('',(-0.00157127138602303,0.0162403369011331,0.003));
#12966=CARTESIAN_POINT('',(-0.001991678901627,0.0162496558879618,0.003));
#12967=CARTESIAN_POINT('',(-0.00151647725639529,0.0162601230683789,0.003));
#12968=CARTESIAN_POINT('',(-0.00190581737378024,0.0165319743456267,0.003));
#12969=CARTESIAN_POINT('',(-0.00190581737378024,0.0165319743456267,0.003));
#12970=CARTESIAN_POINT('',(-0.00181974342174524,0.016653338617996,0.003));
#12971=CARTESIAN_POINT('',(-0.00163382368534965,0.0167660954951619,0.003));
#12972=CARTESIAN_POINT('',(-0.00163382368534965,0.0167660954951619,0.003));
#12973=CARTESIAN_POINT('',(-0.0013279935870771,0.0174968542259093,0.003));
#12974=CARTESIAN_POINT('',(-0.00200641722101223,0.0170859212351385,0.003));
#12975=CARTESIAN_POINT('',(-0.00120807854837125,0.0175842129761328,0.003));
#12976=CARTESIAN_POINT('',(-0.00215026739755963,0.017602734308942,0.003));
#12977=CARTESIAN_POINT('',(-0.00215026739755963,0.017602734308942,0.003));
#12978=CARTESIAN_POINT('',(-0.00215026739755963,0.0180864699193788,0.003));
#12979=CARTESIAN_POINT('',(-0.00185976780944152,0.0183489954730855,0.003));
#12980=CARTESIAN_POINT('',(-0.00185976780944152,0.0183489954730855,0.003));
#12981=CARTESIAN_POINT('',(-0.00185976780944152,0.0183489954730855,0.003));
#12982=CARTESIAN_POINT('',(-0.00156926822132341,0.0186115210267922,0.003));
#12983=CARTESIAN_POINT('',(-0.00103733119774713,0.0186115210267922,0.003));
#12984=CARTESIAN_POINT('',(-0.00103733119774713,0.0186115210267922,0.003));
#12985=CARTESIAN_POINT('',(-0.00101599171924358,0.0171166061817396,0.003));
#12986=CARTESIAN_POINT('',(-0.000619811374511797,0.0185575168613203,0.003));
#12987=CARTESIAN_POINT('',(-0.000110314734330236,0.0185572944370101,0.003));
#12988=CARTESIAN_POINT('',(0.0052602695028933,0.0156092615798115,0.003));
#12989=CARTESIAN_POINT('',(0.00548879584554621,0.0156092615798115,0.003));
#12990=CARTESIAN_POINT('',(0.00503174316024039,0.0156092615798115,0.003));
#12991=CARTESIAN_POINT('',(0.00503174316024039,0.0165345565641878,0.003));
#12992=CARTESIAN_POINT('',(0.00503174316024039,0.017459851548564,0.003));
#12993=CARTESIAN_POINT('',(0.00399584314749921,0.017459851548564,0.003));
#12994=CARTESIAN_POINT('',(0.00295994313475805,0.017459851548564,0.003));
#12995=CARTESIAN_POINT('',(0.00295994313475805,0.0165345565641878,0.003));
#12996=CARTESIAN_POINT('',(0.00295994313475805,0.0156092615798115,0.003));
#12997=CARTESIAN_POINT('',(0.00273141679210513,0.0156092615798115,0.003));
#12998=CARTESIAN_POINT('',(0.00250289044945222,0.0156092615798115,0.003));
#12999=CARTESIAN_POINT('',(0.00250289044945222,0.0175756210140511,0.003));
#13000=CARTESIAN_POINT('',(0.00250289044945222,0.0195419804482905,0.003));
#13001=CARTESIAN_POINT('',(0.00273141679210513,0.0195419804482905,0.003));
#13002=CARTESIAN_POINT('',(0.00295994313475805,0.0195419804482905,0.003));
#13003=CARTESIAN_POINT('',(0.00295994313475805,0.0187053416345104,0.003));
#13004=CARTESIAN_POINT('',(0.00295994313475805,0.0178687028207302,0.003));
#13005=CARTESIAN_POINT('',(0.00399584314749921,0.0178687028207302,0.003));
#13006=CARTESIAN_POINT('',(0.00503174316024039,0.0178687028207302,0.003));
#13007=CARTESIAN_POINT('',(0.00503174316024039,0.0187053416345104,0.003));
#13008=CARTESIAN_POINT('',(0.00503174316024039,0.0195419804482905,0.003));
#13009=CARTESIAN_POINT('',(0.0052602695028933,0.0195419804482905,0.003));
#13010=CARTESIAN_POINT('',(0.00548879584554621,0.0195419804482905,0.003));
#13011=CARTESIAN_POINT('',(0.00548879584554621,0.0175756210140511,0.003));
#13012=CARTESIAN_POINT('',(0.00826855412651639,0.0158192820227769,0.003));
#13013=CARTESIAN_POINT('',(0.00831288221181441,0.0156092615798115,0.003));
#13014=CARTESIAN_POINT('',(0.00822422604121836,0.0160293024657423,0.003));
#13015=CARTESIAN_POINT('',(0.00821346679721399,0.0160293024657423,0.003));
#13016=CARTESIAN_POINT('',(0.00820270755320961,0.0160293024657423,0.003));
#13017=CARTESIAN_POINT('',(0.00820270755320961,0.0160293024657423,0.003));
#13018=CARTESIAN_POINT('',(0.00798235823600003,0.0157521443401896,0.003));
#13019=CARTESIAN_POINT('',(0.00776330002807096,0.0156535896651096,0.003));
#13020=CARTESIAN_POINT('',(0.00776330002807096,0.0156535896651096,0.003));
#13021=CARTESIAN_POINT('',(0.00776330002807096,0.0156535896651096,0.003));
#13022=CARTESIAN_POINT('',(0.0075442418201419,0.0155550349900295,0.003));
#13023=CARTESIAN_POINT('',(0.00721543932336822,0.0155550349900295,0.003));
#13024=CARTESIAN_POINT('',(0.00721543932336822,0.0155550349900295,0.003));
#13025=CARTESIAN_POINT('',(0.00721543932336822,0.0155550349900295,0.003));
#13026=CARTESIAN_POINT('',(0.00677732290751009,0.0155550349900295,0.003));
#13027=CARTESIAN_POINT('',(0.00652856918612896,0.0157814094838816,0.003));
#13028=CARTESIAN_POINT('',(0.00652856918612896,0.0157814094838816,0.003));
#13029=CARTESIAN_POINT('',(0.00652856918612896,0.0157814094838816,0.003));
#13030=CARTESIAN_POINT('',(0.00627981546474782,0.0160077839777336,0.003));
#13031=CARTESIAN_POINT('',(0.00627981546474782,0.016424381905583,0.003));
#13032=CARTESIAN_POINT('',(0.00627981546474782,0.016424381905583,0.003));
#13033=CARTESIAN_POINT('',(0.00627981546474782,0.016424381905583,0.003));
#13034=CARTESIAN_POINT('',(0.00627981546474782,0.0173169687881859,0.003));
#13035=CARTESIAN_POINT('',(0.00770778232900839,0.0173600057642034,0.003));
#13036=CARTESIAN_POINT('',(0.00770778232900839,0.0173600057642034,0.003));
#13037=CARTESIAN_POINT('',(0.00795782715967006,0.0173681827896467,0.003));
#13038=CARTESIAN_POINT('',(0.00820787199033172,0.01737635981509,0.003));
#13039=CARTESIAN_POINT('',(0.00820787199033172,0.0174680285740073,0.003));
#13040=CARTESIAN_POINT('',(0.00820787199033172,0.0175596973329245,0.003));
#13041=CARTESIAN_POINT('',(0.00820787199033172,0.0175596973329245,0.003));
#13042=CARTESIAN_POINT('',(0.00820787199033172,0.0179065753596256,0.003));
#13043=CARTESIAN_POINT('',(0.00805896405331117,0.0180718373475328,0.003));
#13044=CARTESIAN_POINT('',(0.00805896405331117,0.0180718373475328,0.003));
#13045=CARTESIAN_POINT('',(0.00805896405331117,0.0180718373475328,0.003));
#13046=CARTESIAN_POINT('',(0.00791005611629063,0.01823709933544,0.003));
#13047=CARTESIAN_POINT('',(0.00758125361951695,0.01823709933544,0.003));
#13048=CARTESIAN_POINT('',(0.00758125361951695,0.01823709933544,0.003));
#13049=CARTESIAN_POINT('',(0.00758125361951695,0.01823709933544,0.003));
#13050=CARTESIAN_POINT('',(0.00721285710480717,0.01823709933544,0.003));
#13051=CARTESIAN_POINT('',(0.00674805776381819,0.0180115855811083,0.003));
#13052=CARTESIAN_POINT('',(0.00674805776381819,0.0180115855811083,0.003));
#13053=CARTESIAN_POINT('',(0.0066791986021902,0.0181824423758978,0.003));
#13054=CARTESIAN_POINT('',(0.00661026206540791,0.0183534911577888,0.003));
#13055=CARTESIAN_POINT('',(0.00760315965679179,0.0164959228441881,0.003));
#13056=CARTESIAN_POINT('',(0.0070876465204369,0.0185382526104475,0.003));
#13057=CARTESIAN_POINT('',(0.00761144904446768,0.0165327121491144,0.003));
#13058=CARTESIAN_POINT('',(0.00760879728416815,0.0186054958501497,0.003));
#13059=CARTESIAN_POINT('',(0.00760879728416815,0.0186054958501497,0.003));
#13060=CARTESIAN_POINT('',(0.00813556987062232,0.0186054958501497,0.003));
#13061=CARTESIAN_POINT('',(0.00838991839888573,0.0183718050703747,0.003));
#13062=CARTESIAN_POINT('',(0.00838991839888573,0.0183718050703747,0.003));
#13063=CARTESIAN_POINT('',(0.00838991839888573,0.0183718050703747,0.003));
#13064=CARTESIAN_POINT('',(0.00864426692714914,0.0181381142905997,0.003));
#13065=CARTESIAN_POINT('',(0.00864426692714914,0.0176216705783898,0.003));
#13066=CARTESIAN_POINT('',(0.00864426692714914,0.0176216705783898,0.003));
#13067=CARTESIAN_POINT('',(0.00864426692714914,0.0166154660791007,0.003));
#13068=CARTESIAN_POINT('',(0.00864426692714914,0.0156092615798115,0.003));
#13069=CARTESIAN_POINT('',(0.00847857456948177,0.0156092615798115,0.003));
#13070=CARTESIAN_POINT('',(0.010741889138242,0.0155550349900295,0.003));
#13071=CARTESIAN_POINT('',(0.0101014989351016,0.0155550349900295,0.003));
#13072=CARTESIAN_POINT('',(0.00975031721079883,0.0159492536903498,0.003));
#13073=CARTESIAN_POINT('',(0.010741889138242,0.0155550349900295,0.003));
#13074=CARTESIAN_POINT('',(0.00975031721079883,0.0159492536903498,0.003));
#13075=CARTESIAN_POINT('',(0.00975031721079883,0.0159492536903498,0.003));
#13076=CARTESIAN_POINT('',(0.00939913548649605,0.0163434723906701,0.003));
#13077=CARTESIAN_POINT('',(0.00939913548649605,0.0170647721087233,0.003));
#13078=CARTESIAN_POINT('',(0.00939913548649605,0.0170647721087233,0.003));
#13079=CARTESIAN_POINT('',(0.00939913548649605,0.0170647721087233,0.003));
#13080=CARTESIAN_POINT('',(0.00939913548649605,0.017804147356704,0.003));
#13081=CARTESIAN_POINT('',(0.00975591201768111,0.0182078341917481,0.003));
#13082=CARTESIAN_POINT('',(0.00975591201768111,0.0182078341917481,0.003));
#13083=CARTESIAN_POINT('',(0.00975591201768111,0.0182078341917481,0.003));
#13084=CARTESIAN_POINT('',(0.0101126885488662,0.0186115210267922,0.003));
#13085=CARTESIAN_POINT('',(0.0107711542819339,0.0186115210267922,0.003));
#13086=CARTESIAN_POINT('',(0.0107711542819339,0.0186115210267922,0.003));
#13087=CARTESIAN_POINT('',(0.0107688909680138,0.0166084035807877,0.003));
#13088=CARTESIAN_POINT('',(0.011196291196087,0.0185650814286109,0.003));
#13089=CARTESIAN_POINT('',(0.0109327306253903,0.0171620482459518,0.003));
#13090=CARTESIAN_POINT('',(0.0115297863803187,0.0184583357949193,0.003));
#13091=CARTESIAN_POINT('',(0.0114610370074944,0.0182680859581726,0.003));
#13092=CARTESIAN_POINT('',(0.0113926544563031,0.0180788512237208,0.003));
#13093=CARTESIAN_POINT('',(0.010632175333209,0.0161515539580362,0.003));
#13094=CARTESIAN_POINT('',(0.0110697854577346,0.0181766590531542,0.003));
#13095=CARTESIAN_POINT('',(0.0107308315554511,0.0167550573869475,0.003));
#13096=CARTESIAN_POINT('',(0.0107608254076897,0.0182155808474312,0.003));
#13097=CARTESIAN_POINT('',(0.0107608254076897,0.0182155808474312,0.003));
#13098=CARTESIAN_POINT('',(0.00986221334844432,0.0182155808474312,0.003));
#13099=CARTESIAN_POINT('',(0.00986221334844432,0.0170699365458454,0.003));
#13100=CARTESIAN_POINT('',(0.00986221334844432,0.0170699365458454,0.003));
#13101=CARTESIAN_POINT('',(0.00986221334844432,0.0170699365458454,0.003));
#13102=CARTESIAN_POINT('',(0.00986221334844432,0.0165268099085046,0.003));
#13103=CARTESIAN_POINT('',(0.0100812715563734,0.0162363103203865,0.003));
#13104=CARTESIAN_POINT('',(0.0100812715563734,0.0162363103203865,0.003));
#13105=CARTESIAN_POINT('',(0.0100812715563734,0.0162363103203865,0.003));
#13106=CARTESIAN_POINT('',(0.0103003297643024,0.0159458107322684,0.003));
#13107=CARTESIAN_POINT('',(0.0107306995244774,0.0159458107322684,0.003));
#13108=CARTESIAN_POINT('',(0.0107306995244774,0.0159458107322684,0.003));
#13109=CARTESIAN_POINT('',(0.0107035241511582,0.0179366488028867,0.003));
#13110=CARTESIAN_POINT('',(0.0114864288233447,0.0161041868040128,0.003));
#13111=CARTESIAN_POINT('',(0.0114864288233447,0.0159066470840925,0.003));
#13112=CARTESIAN_POINT('',(0.0114864288233447,0.0157091073641721,0.003));
#13113=CARTESIAN_POINT('',(0.0114864288233447,0.0157091073641721,0.003));
#13114=CARTESIAN_POINT('',(0.0111911951678646,0.0155550349900295,0.003));
#13115=CARTESIAN_POINT('',(0.010741889138242,0.0155550349900295,0.003));
#13116=CARTESIAN_POINT('',(0.0168890138376103,0.0139744251089489,0.003));
#13117=CARTESIAN_POINT('',(0.0126268060770168,0.017118137958985,0.003));
#13118=CARTESIAN_POINT('',(0.012980041143221,0.0175482981199004,0.003));
#13119=CARTESIAN_POINT('',(0.0134558008459054,0.0180529010780851,0.003));
#13120=CARTESIAN_POINT('',(0.0139317898006589,0.0185572944370101,0.003));
#13121=CARTESIAN_POINT('',(0.0141968975729267,0.0185572944370101,0.003));
#13122=CARTESIAN_POINT('',(0.0144620053451945,0.0185572944370101,0.003));
#13123=CARTESIAN_POINT('',(0.0138646521180716,0.0179293849569148,0.003));
#13124=CARTESIAN_POINT('',(0.0132672988909487,0.0173014754768196,0.003));
#13125=CARTESIAN_POINT('',(0.0139063979848086,0.0164553685283156,0.003));
#13126=CARTESIAN_POINT('',(0.0145454970786684,0.0156092615798115,0.003));
#13127=CARTESIAN_POINT('',(0.0142752248692785,0.0156092615798115,0.003));
#13128=CARTESIAN_POINT('',(0.0140049526598886,0.0156092615798115,0.003));
#13129=CARTESIAN_POINT('',(0.0134842052500769,0.0163060302215348,0.003));
#13130=CARTESIAN_POINT('',(0.0129634578402652,0.0170027988632582,0.003));
#13131=CARTESIAN_POINT('',(0.012795613633797,0.016857333884319,0.003));
#13132=CARTESIAN_POINT('',(0.0126277694273287,0.0167118689053798,0.003));
#13133=CARTESIAN_POINT('',(0.0126277694273287,0.0161605652425957,0.003));
#13134=CARTESIAN_POINT('',(0.0126277694273287,0.0156092615798115,0.003));
#13135=CARTESIAN_POINT('',(0.012406989740359,0.0156092615798115,0.003));
#13136=CARTESIAN_POINT('',(0.0121862100533892,0.0156092615798115,0.003));
#13137=CARTESIAN_POINT('',(0.0121862100533892,0.0177021497235425,0.003));
#13138=CARTESIAN_POINT('',(0.0121862100533892,0.0197950378672734,0.003));
#13139=CARTESIAN_POINT('',(0.012406989740359,0.0197950378672734,0.003));
#13140=CARTESIAN_POINT('',(0.0126277694273287,0.0197950378672734,0.003));
#13141=CARTESIAN_POINT('',(0.0126277694273287,0.0186851142557821,0.003));
#13142=CARTESIAN_POINT('',(0.0126280068698191,0.0175751860556744,0.003));
#13143=CARTESIAN_POINT('',(0.0048837405535066,0.017724845317088,0.003));
#13144=CARTESIAN_POINT('',(0.01260625093932,0.017118137958985,0.003));
#13145=CARTESIAN_POINT('',(0.0126170101833243,0.017118137958985,0.003));
#13146=CARTESIAN_POINT('',(0.0164310473497709,0.016832249406113,0.003));
#13147=CARTESIAN_POINT('',(0.0164494528976825,0.0155550349900295,0.003));
#13148=CARTESIAN_POINT('',(0.0159230186035853,0.0156611237114249,0.003));
#13149=CARTESIAN_POINT('',(0.0163268709472731,0.0165581288997107,0.003));
#13150=CARTESIAN_POINT('',(0.0155246387084479,0.0159888477082859,0.003));
#13151=CARTESIAN_POINT('',(0.0155078038624197,0.0159888477082859,0.003));
#13152=CARTESIAN_POINT('',(0.015491449811533,0.0159888477082859,0.003));
#13153=CARTESIAN_POINT('',(0.0116142600732627,0.0154814936109417,0.003));
#13154=CARTESIAN_POINT('',(0.0155242357351525,0.0154990872713806,0.003));
#13155=CARTESIAN_POINT('',(0.0155241579133063,0.0148922655593601,0.003));
#13156=CARTESIAN_POINT('',(0.0155241579133063,0.0142854441975133,0.003));
#13157=CARTESIAN_POINT('',(0.0153007960077755,0.0142854441975133,0.003));
#13158=CARTESIAN_POINT('',(0.0150774341022447,0.0142854441975133,0.003));
#13159=CARTESIAN_POINT('',(0.0150774341022447,0.0164213693172617,0.003));
#13160=CARTESIAN_POINT('',(0.0150774341022447,0.0185572944370101,0.003));
#13161=CARTESIAN_POINT('',(0.0152590501410385,0.0185572944370101,0.003));
#13162=CARTESIAN_POINT('',(0.0154406661798324,0.0185572944370101,0.003));
#13163=CARTESIAN_POINT('',(0.015471652802565,0.0183554510194881,0.003));
#13164=CARTESIAN_POINT('',(0.0155026394252976,0.018153607601966,0.003));
#13165=CARTESIAN_POINT('',(0.015513398669302,0.018153607601966,0.003));
#13166=CARTESIAN_POINT('',(0.0155241579133063,0.018153607601966,0.003));
#13167=CARTESIAN_POINT('',(0.0155241579133063,0.018153607601966,0.003));
#13168=CARTESIAN_POINT('',(0.0156963058173763,0.0183963361467048,0.003));
#13169=CARTESIAN_POINT('',(0.0159248321600293,0.0185039285867484,0.003));
#13170=CARTESIAN_POINT('',(0.0159248321600293,0.0185039285867484,0.003));
#13171=CARTESIAN_POINT('',(0.0164227228519846,0.0173902125246682,0.003));
#13172=CARTESIAN_POINT('',(0.0164494528976825,0.0186115210267922,0.003));
#13173=CARTESIAN_POINT('',(0.0164494528976825,0.0186115210267922,0.003));
#13174=CARTESIAN_POINT('',(0.0170356165110409,0.0186115210267922,0.003));
#13175=CARTESIAN_POINT('',(0.0173545205033305,0.0182104164103091,0.003));
#13176=CARTESIAN_POINT('',(0.0173545205033305,0.0182104164103091,0.003));
#13177=CARTESIAN_POINT('',(0.0173545205033305,0.0182104164103091,0.003));
#13178=CARTESIAN_POINT('',(0.0176734244956201,0.0178093117938261,0.003));
#13179=CARTESIAN_POINT('',(0.0176734244956201,0.0170862905967321,0.003));
#13180=CARTESIAN_POINT('',(0.0176734244956201,0.0170862905967321,0.003));
#13181=CARTESIAN_POINT('',(0.0176734244956201,0.0170862905967321,0.003));
#13182=CARTESIAN_POINT('',(0.0176734244956201,0.0163598264415568,0.003));
#13183=CARTESIAN_POINT('',(0.0173493560662084,0.0159574307157932,0.003));
#13184=CARTESIAN_POINT('',(0.0173493560662084,0.0159574307157932,0.003));
#13185=CARTESIAN_POINT('',(0.0173493560662084,0.0159574307157932,0.003));
#13186=CARTESIAN_POINT('',(0.0170252876367967,0.0155550349900295,0.003));
#13187=CARTESIAN_POINT('',(0.0164494528976825,0.0155550349900295,0.003));
#13188=CARTESIAN_POINT('',(0.0202216438456162,0.0158192820227769,0.003));
#13189=CARTESIAN_POINT('',(0.0202659719309142,0.0156092615798115,0.003));
#13190=CARTESIAN_POINT('',(0.0201773157603181,0.0160293024657423,0.003));
#13191=CARTESIAN_POINT('',(0.0201665565163138,0.0160293024657423,0.003));
#13192=CARTESIAN_POINT('',(0.0201557972723094,0.0160293024657423,0.003));
#13193=CARTESIAN_POINT('',(0.0201557972723094,0.0160293024657423,0.003));
#13194=CARTESIAN_POINT('',(0.0199354479550999,0.0157521443401896,0.003));
#13195=CARTESIAN_POINT('',(0.0197163897471707,0.0156535896651096,0.003));
#13196=CARTESIAN_POINT('',(0.0197163897471707,0.0156535896651096,0.003));
#13197=CARTESIAN_POINT('',(0.0197163897471707,0.0156535896651096,0.003));
#13198=CARTESIAN_POINT('',(0.0194973315392417,0.0155550349900295,0.003));
#13199=CARTESIAN_POINT('',(0.0191685290424681,0.0155550349900295,0.003));
#13200=CARTESIAN_POINT('',(0.0191685290424681,0.0155550349900295,0.003));
#13201=CARTESIAN_POINT('',(0.0191685290424681,0.0155550349900295,0.003));
#13202=CARTESIAN_POINT('',(0.0187304126266099,0.0155550349900295,0.003));
#13203=CARTESIAN_POINT('',(0.0184816589052288,0.0157814094838816,0.003));
#13204=CARTESIAN_POINT('',(0.0184816589052288,0.0157814094838816,0.003));
#13205=CARTESIAN_POINT('',(0.0184816589052288,0.0157814094838816,0.003));
#13206=CARTESIAN_POINT('',(0.0182329051838477,0.0160077839777336,0.003));
#13207=CARTESIAN_POINT('',(0.0182329051838477,0.016424381905583,0.003));
#13208=CARTESIAN_POINT('',(0.0182329051838477,0.016424381905583,0.003));
#13209=CARTESIAN_POINT('',(0.0182329051838477,0.016424381905583,0.003));
#13210=CARTESIAN_POINT('',(0.0182329051838477,0.0173169687881859,0.003));
#13211=CARTESIAN_POINT('',(0.0196608720481082,0.0173600057642034,0.003));
#13212=CARTESIAN_POINT('',(0.0196608720481082,0.0173600057642034,0.003));
#13213=CARTESIAN_POINT('',(0.0199109168787698,0.0173681827896467,0.003));
#13214=CARTESIAN_POINT('',(0.0201609617094315,0.01737635981509,0.003));
#13215=CARTESIAN_POINT('',(0.0201609617094315,0.0174680285740073,0.003));
#13216=CARTESIAN_POINT('',(0.0201609617094315,0.0175596973329245,0.003));
#13217=CARTESIAN_POINT('',(0.0201609617094315,0.0175596973329245,0.003));
#13218=CARTESIAN_POINT('',(0.0201609617094315,0.0179065753596256,0.003));
#13219=CARTESIAN_POINT('',(0.020012053772411,0.0180718373475328,0.003));
#13220=CARTESIAN_POINT('',(0.020012053772411,0.0180718373475328,0.003));
#13221=CARTESIAN_POINT('',(0.020012053772411,0.0180718373475328,0.003));
#13222=CARTESIAN_POINT('',(0.0198631458353904,0.01823709933544,0.003));
#13223=CARTESIAN_POINT('',(0.0195343433386167,0.01823709933544,0.003));
#13224=CARTESIAN_POINT('',(0.0195343433386167,0.01823709933544,0.003));
#13225=CARTESIAN_POINT('',(0.0195343433386167,0.01823709933544,0.003));
#13226=CARTESIAN_POINT('',(0.019165946823907,0.01823709933544,0.003));
#13227=CARTESIAN_POINT('',(0.018701147482918,0.0180115855811083,0.003));
#13228=CARTESIAN_POINT('',(0.018701147482918,0.0180115855811083,0.003));
#13229=CARTESIAN_POINT('',(0.01863228832129,0.0181824423758978,0.003));
#13230=CARTESIAN_POINT('',(0.0185633517845077,0.0183534911577888,0.003));
#13231=CARTESIAN_POINT('',(0.0195562493758919,0.0164959228441873,0.003));
#13232=CARTESIAN_POINT('',(0.0190407362395366,0.0185382526104475,0.003));
#13233=CARTESIAN_POINT('',(0.0195645387638136,0.0165327121465207,0.003));
#13234=CARTESIAN_POINT('',(0.0195618870032679,0.0186054958501497,0.003));
#13235=CARTESIAN_POINT('',(0.0195618870032679,0.0186054958501497,0.003));
#13236=CARTESIAN_POINT('',(0.0200886595897222,0.0186054958501497,0.003));
#13237=CARTESIAN_POINT('',(0.0203430081179856,0.0183718050703747,0.003));
#13238=CARTESIAN_POINT('',(0.0203430081179856,0.0183718050703747,0.003));
#13239=CARTESIAN_POINT('',(0.0203430081179856,0.0183718050703747,0.003));
#13240=CARTESIAN_POINT('',(0.020597356646249,0.0181381142905997,0.003));
#13241=CARTESIAN_POINT('',(0.020597356646249,0.0176216705783898,0.003));
#13242=CARTESIAN_POINT('',(0.020597356646249,0.0176216705783898,0.003));
#13243=CARTESIAN_POINT('',(0.020597356646249,0.0166154660791007,0.003));
#13244=CARTESIAN_POINT('',(0.020597356646249,0.0156092615798115,0.003));
#13245=CARTESIAN_POINT('',(0.0204316642885816,0.0156092615798115,0.003));
#13246=CARTESIAN_POINT('',(0.0235109599226336,0.0160043410196522,0.003));
#13247=CARTESIAN_POINT('',(0.0235230102759184,0.0160043410196522,0.003));
#13248=CARTESIAN_POINT('',(0.0234989095693486,0.0160043410196522,0.003));
#13249=CARTESIAN_POINT('',(0.0234989095693486,0.0160043410196522,0.003));
#13250=CARTESIAN_POINT('',(0.023189904081543,0.0155550349900295,0.003));
#13251=CARTESIAN_POINT('',(0.0225736145849724,0.0155550349900295,0.003));
#13252=CARTESIAN_POINT('',(0.0225736145849724,0.0155550349900295,0.003));
#13253=CARTESIAN_POINT('',(0.0225736145849724,0.0155550349900295,0.003));
#13254=CARTESIAN_POINT('',(0.0219951976272972,0.0155550349900295,0.003));
#13255=CARTESIAN_POINT('',(0.0216737114164465,0.0159505447996303,0.003));
#13256=CARTESIAN_POINT('',(0.0216737114164465,0.0159505447996303,0.003));
#13257=CARTESIAN_POINT('',(0.0216737114164465,0.0159505447996303,0.003));
#13258=CARTESIAN_POINT('',(0.0213522252055959,0.0163460546092312,0.003));
#13259=CARTESIAN_POINT('',(0.0213522252055959,0.0170751009829676,0.003));
#13260=CARTESIAN_POINT('',(0.0213522252055959,0.0170751009829676,0.003));
#13261=CARTESIAN_POINT('',(0.0213522252055959,0.0170751009829676,0.003));
#13262=CARTESIAN_POINT('',(0.0213522252055959,0.017804147356704,0.003));
#13263=CARTESIAN_POINT('',(0.0216750025257271,0.0182078341917481,0.003));
#13264=CARTESIAN_POINT('',(0.0216750025257271,0.0182078341917481,0.003));
#13265=CARTESIAN_POINT('',(0.0216750025257271,0.0182078341917481,0.003));
#13266=CARTESIAN_POINT('',(0.0219977798458583,0.0186115210267922,0.003));
#13267=CARTESIAN_POINT('',(0.0225736145849724,0.0186115210267922,0.003));
#13268=CARTESIAN_POINT('',(0.0225736145849724,0.0186115210267922,0.003));
#13269=CARTESIAN_POINT('',(0.0225736145849724,0.0186115210267922,0.003));
#13270=CARTESIAN_POINT('',(0.0231735500306564,0.0186115210267922,0.003));
#13271=CARTESIAN_POINT('',(0.0234937451322266,0.0181751260899748,0.003));
#13272=CARTESIAN_POINT('',(0.0234937451322266,0.0181751260899748,0.003));
#13273=CARTESIAN_POINT('',(0.0235113902923937,0.0181751260899748,0.003));
#13274=CARTESIAN_POINT('',(0.0235290354525609,0.0181751260899748,0.003));
#13275=CARTESIAN_POINT('',(0.023519567317837,0.018281427420738,0.003));
#13276=CARTESIAN_POINT('',(0.0235100991831132,0.0183877287515012,0.003));
#13277=CARTESIAN_POINT('',(0.0235045043762309,0.0184914478637034,0.003));
#13278=CARTESIAN_POINT('',(0.0234989095693486,0.0185951669759056,0.003));
#13279=CARTESIAN_POINT('',(0.0234989095693486,0.0191951024215895,0.003));
#13280=CARTESIAN_POINT('',(0.0234989095693486,0.0197950378672734,0.003));
#13281=CARTESIAN_POINT('',(0.0237222714748795,0.0197950378672734,0.003));
#13282=CARTESIAN_POINT('',(0.0239456333804103,0.0197950378672734,0.003));
#13283=CARTESIAN_POINT('',(0.0239456333804103,0.0177021497235425,0.003));
#13284=CARTESIAN_POINT('',(0.0239456333804103,0.0156092615798115,0.003));
#13285=CARTESIAN_POINT('',(0.0237640173416164,0.0156092615798115,0.003));
#13286=CARTESIAN_POINT('',(0.0235824013028226,0.0156092615798115,0.003));
#13287=CARTESIAN_POINT('',(0.0235527057893705,0.0158068012997319,0.003));
#13288=CARTESIAN_POINT('',(6.93889390390723E-18,0.033629972845316,0.003));
#13289=CARTESIAN_POINT('',(-0.0465,0.0336299728453159,0.003));
#13290=CARTESIAN_POINT('',(0.0465,0.0336299728453159,0.003));
#13291=CARTESIAN_POINT('',(-0.0465,0.00562997284531592,0.003));
#13292=CARTESIAN_POINT('',(-0.0465,-0.0223700271546841,0.003));
#13293=CARTESIAN_POINT('',(6.93889390390723E-18,-0.0223700271546841,0.003));
#13294=CARTESIAN_POINT('',(0.0465,-0.022370027154684,0.003));
#13295=CARTESIAN_POINT('',(0.0465,0.00562997284531593,0.003));
#13296=CARTESIAN_POINT('',(0.,0.043629972845316,0.013));
#13297=CARTESIAN_POINT('',(0.,0.043629972845316,0.));
#13298=CARTESIAN_POINT('',(-0.0515,0.043629972845316,0.));
#13299=CARTESIAN_POINT('',(0.0515,0.043629972845316,0.));
#13300=CARTESIAN_POINT('',(-0.0515,0.043629972845316,0.013));
#13301=CARTESIAN_POINT('',(-0.0515,0.043629972845316,0.013));
#13302=CARTESIAN_POINT('',(0.,0.043629972845316,0.013));
#13303=CARTESIAN_POINT('',(-0.03975,0.043629972845316,0.013));
#13304=CARTESIAN_POINT('',(-0.03975,0.043629972845316,0.0055));
#13305=CARTESIAN_POINT('',(-0.03975,0.043629972845316,0.0055));
#13306=CARTESIAN_POINT('',(0.,0.043629972845316,0.0055));
#13307=CARTESIAN_POINT('',(-0.02125,0.043629972845316,0.0055));
#13308=CARTESIAN_POINT('',(-0.02125,0.043629972845316,0.0055));
#13309=CARTESIAN_POINT('',(-0.02125,0.043629972845316,0.013));
#13310=CARTESIAN_POINT('',(0.,0.043629972845316,0.013));
#13311=CARTESIAN_POINT('',(0.0515,0.043629972845316,0.013));
#13312=CARTESIAN_POINT('',(0.0515,0.043629972845316,0.013));
#13313=CARTESIAN_POINT('',(0.0515,0.038629972845316,0.013));
#13314=CARTESIAN_POINT('',(0.0515,0.038629972845316,0.013));
#13315=CARTESIAN_POINT('',(0.0532,0.038629972845316,0.013));
#13316=CARTESIAN_POINT('',(0.0515,0.038629972845316,0.0031));
#13317=CARTESIAN_POINT('',(0.0532,0.038629972845316,0.0031));
#13318=CARTESIAN_POINT('',(0.,0.00562997284531593,0.013));
#13319=CARTESIAN_POINT('',(-0.0565,0.00562997284531593,0.013));
#13320=CARTESIAN_POINT('',(-0.0565,0.038629972845316,0.013));
#13321=CARTESIAN_POINT('',(-0.0565,-0.027370027154684,0.013));
#13322=CARTESIAN_POINT('',(-0.0515,-0.027370027154684,0.013));
#13323=CARTESIAN_POINT('',(-0.0515,-0.032370027154684,0.013));
#13324=CARTESIAN_POINT('',(6.93889390390723E-18,-0.032370027154684,0.013));
#13325=CARTESIAN_POINT('',(0.0515,-0.032370027154684,0.013));
#13326=CARTESIAN_POINT('',(0.0515,-0.027370027154684,0.013));
#13327=CARTESIAN_POINT('',(0.0565,-0.027370027154684,0.013));
#13328=CARTESIAN_POINT('',(0.0565,0.00562997284531594,0.013));
#13329=CARTESIAN_POINT('',(0.0565,0.038629972845316,0.013));
#13330=CARTESIAN_POINT('',(0.0515,0.038629972845316,0.013));
#13331=CARTESIAN_POINT('',(-0.02125,0.038629972845316,0.013));
#13332=CARTESIAN_POINT('',(-0.02125,0.0336299728453159,0.013));
#13333=CARTESIAN_POINT('',(6.93889390390723E-18,0.033629972845316,0.013));
#13334=CARTESIAN_POINT('',(0.0465,0.0336299728453159,0.013));
#13335=CARTESIAN_POINT('',(0.0465,0.00562997284531593,0.013));
#13336=CARTESIAN_POINT('',(0.0465,-0.022370027154684,0.013));
#13337=CARTESIAN_POINT('',(6.93889390390723E-18,-0.0223700271546841,0.013));
#13338=CARTESIAN_POINT('',(-0.0465,-0.0223700271546841,0.013));
#13339=CARTESIAN_POINT('',(-0.0465,0.00562997284531592,0.013));
#13340=CARTESIAN_POINT('',(-0.0465,0.0336299728453159,0.013));
#13341=CARTESIAN_POINT('',(6.93889390390723E-18,0.033629972845316,0.013));
#13342=CARTESIAN_POINT('',(-0.03975,0.0336299728453159,0.013));
#13343=CARTESIAN_POINT('',(-0.03975,0.038629972845316,0.013));
#13344=CARTESIAN_POINT('',(-0.0515,0.038629972845316,0.013));
#13345=CARTESIAN_POINT('',(-0.0515,0.038629972845316,0.013));
#13346=CARTESIAN_POINT('',(-0.0498,0.038629972845316,0.013));
#13347=CARTESIAN_POINT('',(-0.0515,-0.0273700271546841,0.013));
#13348=CARTESIAN_POINT('',(-0.0498,-0.0273700271546841,0.013));
#13349=CARTESIAN_POINT('',(0.0515,-0.0273700271546841,0.013));
#13350=CARTESIAN_POINT('',(0.0532,-0.0273700271546841,0.013));
#13351=CARTESIAN_POINT('',(0.,0.00562997284531593,0.0031));
#13352=CARTESIAN_POINT('',(0.0515,0.038629972845316,0.0031));
#13353=CARTESIAN_POINT('',(0.0545,0.038629972845316,0.0031));
#13354=CARTESIAN_POINT('',(0.,0.00562997284531593,0.003));
#13355=CARTESIAN_POINT('',(0.0515,0.038629972845316,0.003));
#13356=CARTESIAN_POINT('',(0.0545,0.038629972845316,0.003));
#13357=CARTESIAN_POINT('',(0.0515,0.038629972845316,0.013));
#13358=CARTESIAN_POINT('',(-0.0515,0.038629972845316,0.013));
#13359=CARTESIAN_POINT('',(-0.0515,0.038629972845316,0.0031));
#13360=CARTESIAN_POINT('',(-0.0498,0.038629972845316,0.0031));
#13361=CARTESIAN_POINT('',(0.,0.00562997284531593,0.0031));
#13362=CARTESIAN_POINT('',(-0.0515,0.038629972845316,0.0031));
#13363=CARTESIAN_POINT('',(-0.0485,0.038629972845316,0.0031));
#13364=CARTESIAN_POINT('',(0.,0.00562997284531593,0.003));
#13365=CARTESIAN_POINT('',(-0.0515,0.038629972845316,0.003));
#13366=CARTESIAN_POINT('',(-0.0485,0.038629972845316,0.003));
#13367=CARTESIAN_POINT('',(-0.0515,0.038629972845316,0.013));
#13368=CARTESIAN_POINT('',(-0.0515,-0.0273700271546841,0.013));
#13369=CARTESIAN_POINT('',(-0.0515,-0.0273700271546841,0.0031));
#13370=CARTESIAN_POINT('',(-0.0498,-0.0273700271546841,0.0031));
#13371=CARTESIAN_POINT('',(0.,0.00562997284531593,0.0031));
#13372=CARTESIAN_POINT('',(-0.0515,-0.027370027154684,0.0031));
#13373=CARTESIAN_POINT('',(-0.0485,-0.027370027154684,0.0031));
#13374=CARTESIAN_POINT('',(0.,0.00562997284531593,0.003));
#13375=CARTESIAN_POINT('',(-0.0515,-0.027370027154684,0.003));
#13376=CARTESIAN_POINT('',(-0.0485,-0.027370027154684,0.003));
#13377=CARTESIAN_POINT('',(-0.0515,-0.027370027154684,0.013));
#13378=CARTESIAN_POINT('',(0.0515,-0.0273700271546841,0.013));
#13379=CARTESIAN_POINT('',(0.0515,-0.0273700271546841,0.0031));
#13380=CARTESIAN_POINT('',(0.0532,-0.0273700271546841,0.0031));
#13381=CARTESIAN_POINT('',(0.,0.00562997284531593,0.0031));
#13382=CARTESIAN_POINT('',(0.0515,-0.027370027154684,0.0031));
#13383=CARTESIAN_POINT('',(0.0545,-0.027370027154684,0.0031));
#13384=CARTESIAN_POINT('',(0.,0.00562997284531593,0.003));
#13385=CARTESIAN_POINT('',(0.0515,-0.027370027154684,0.003));
#13386=CARTESIAN_POINT('',(0.0545,-0.027370027154684,0.003));
#13387=CARTESIAN_POINT('',(0.0515,-0.027370027154684,0.013));
#13388=CARTESIAN_POINT('',(-0.0565,0.00562997284531593,0.013));
#13389=CARTESIAN_POINT('',(-0.0565,0.00562997284531593,0.));
#13390=CARTESIAN_POINT('',(-0.0565,0.038629972845316,0.));
#13391=CARTESIAN_POINT('',(-0.0565,-0.027370027154684,0.));
#13392=CARTESIAN_POINT('',(-0.0565,-0.027370027154684,0.013));
#13393=CARTESIAN_POINT('',(-0.0565,0.038629972845316,0.));
#13394=CARTESIAN_POINT('',(6.93889390390723E-18,-0.032370027154684,0.013));
#13395=CARTESIAN_POINT('',(-0.0515,-0.032370027154684,0.013));
#13396=CARTESIAN_POINT('',(-0.0515,-0.032370027154684,0.));
#13397=CARTESIAN_POINT('',(6.93889390390723E-18,-0.032370027154684,0.));
#13398=CARTESIAN_POINT('',(0.0515,-0.032370027154684,0.));
#13399=CARTESIAN_POINT('',(0.0515,-0.032370027154684,0.013));
#13400=CARTESIAN_POINT('',(-0.0465,0.00562997284531592,0.013));
#13401=CARTESIAN_POINT('',(-0.0465,0.0336299728453159,0.013));
#13402=CARTESIAN_POINT('',(-0.0465,-0.0223700271546841,0.013));
#13403=CARTESIAN_POINT('',(6.93889390390723E-18,0.033629972845316,0.013));
#13404=CARTESIAN_POINT('',(6.93889390390723E-18,0.033629972845316,0.0055));
#13405=CARTESIAN_POINT('',(-0.03975,0.0336299728453159,0.0055));
#13406=CARTESIAN_POINT('',(-0.02125,0.0336299728453159,0.0055));
#13407=CARTESIAN_POINT('',(-0.03975,0.0336299728453159,0.0055));
#13408=CARTESIAN_POINT('',(0.0465,0.0336299728453159,0.013));
#13409=CARTESIAN_POINT('',(-0.02125,0.0336299728453159,0.0055));
#13410=CARTESIAN_POINT('',(0.0465,0.00562997284531593,0.013));
#13411=CARTESIAN_POINT('',(0.0465,-0.022370027154684,0.013));
#13412=CARTESIAN_POINT('',(6.93889390390723E-18,-0.0223700271546841,0.013));
#13413=CARTESIAN_POINT('',(0.0565,0.00562997284531594,0.013));
#13414=CARTESIAN_POINT('',(0.0565,0.00562997284531594,0.));
#13415=CARTESIAN_POINT('',(0.0565,0.038629972845316,0.));
#13416=CARTESIAN_POINT('',(0.0565,-0.027370027154684,0.));
#13417=CARTESIAN_POINT('',(0.0565,0.038629972845316,0.013));
#13418=CARTESIAN_POINT('',(0.0565,-0.027370027154684,0.));
#13419=CARTESIAN_POINT('',(0.,0.00562997284531593,0.));
#13420=CARTESIAN_POINT('',(-0.0515,-0.027370027154684,0.));
#13421=CARTESIAN_POINT('',(-0.0515,0.038629972845316,0.));
#13422=CARTESIAN_POINT('',(0.0515,0.038629972845316,0.));
#13423=CARTESIAN_POINT('',(0.0515,-0.027370027154684,0.));
#13424=CARTESIAN_POINT('',(-0.03975,0.038629972845316,0.0055));
#13425=CARTESIAN_POINT('',(-0.03975,0.038629972845316,0.0055));
#13426=CARTESIAN_POINT('',(-0.02125,0.038629972845316,0.0055));
#13427=CARTESIAN_POINT('',(-0.02125,0.038629972845316,0.0055));
#13428=CARTESIAN_POINT('',(0.,0.00562997284531594,0.0055));
#13429=CARTESIAN_POINT('',(-0.0515,-0.027370027154684,0.013));
#13430=CARTESIAN_POINT('',(-0.0515,0.038629972845316,0.013));
#13431=CARTESIAN_POINT('',(0.0515,0.038629972845316,0.013));
#13432=CARTESIAN_POINT('',(0.0515,-0.027370027154684,0.013));
#13433=CARTESIAN_POINT('',(0.0226304233933156,0.0159294566813817,0.0032));
#13434=CARTESIAN_POINT('',(0.0226304233933156,0.0159294566813817,0.003));
#13435=CARTESIAN_POINT('',(0.0229351251835194,0.0159294566813817,0.0032));
#13436=CARTESIAN_POINT('',(0.0229351251835194,0.0159294566813817,0.003));
#13437=CARTESIAN_POINT('',(0.0231560483270759,0.0160123745885088,0.0032));
#13438=CARTESIAN_POINT('',(0.0231560483270759,0.0160123745885088,0.003));
#13439=CARTESIAN_POINT('',(0.023293192823985,0.0161782104027629,0.0032));
#13440=CARTESIAN_POINT('',(0.023293192823985,0.0161782104027629,0.003));
#13441=CARTESIAN_POINT('',(0.0226304233933156,0.0159294566813817,0.003));
#13442=CARTESIAN_POINT('',(0.0230874760786213,0.0159294566813817,0.003));
#13443=CARTESIAN_POINT('',(0.023293192823985,0.0161782104027629,0.003));
#13444=CARTESIAN_POINT('',(0.0226304233933156,0.0159294566813817,0.003));
#13445=CARTESIAN_POINT('',(0.023293192823985,0.0161782104027629,0.003));
#13446=CARTESIAN_POINT('',(0.0226304233933156,0.0159294566813817,0.0032));
#13447=CARTESIAN_POINT('',(0.0226304233933156,0.0159294566813817,0.0032));
#13448=CARTESIAN_POINT('',(0.0226304233933156,0.0159294566813817,0.0032));
#13449=CARTESIAN_POINT('',(0.0230874760786213,0.0159294566813817,0.0032));
#13450=CARTESIAN_POINT('',(0.023293192823985,0.0161782104027629,0.0032));
#13451=CARTESIAN_POINT('',(0.023293192823985,0.0161782104027629,0.0032));
#13452=CARTESIAN_POINT('',(0.023293192823985,0.0161782104027629,0.0032));
#13453=CARTESIAN_POINT('',(0.0220223109221883,0.0162173740509388,0.0032));
#13454=CARTESIAN_POINT('',(0.0220223109221883,0.0162173740509388,0.003));
#13455=CARTESIAN_POINT('',(0.0221603161586177,0.0160254291379008,0.0032));
#13456=CARTESIAN_POINT('',(0.0221603161586177,0.0160254291379008,0.003));
#13457=CARTESIAN_POINT('',(0.0223630203156601,0.0159294566813817,0.0032));
#13458=CARTESIAN_POINT('',(0.0223630203156601,0.0159294566813817,0.003));
#13459=CARTESIAN_POINT('',(0.0226304233933156,0.0159294566813817,0.0032));
#13460=CARTESIAN_POINT('',(0.0226304233933156,0.0159294566813817,0.003));
#13461=CARTESIAN_POINT('',(0.0220223109221883,0.0162173740509388,0.003));
#13462=CARTESIAN_POINT('',(0.0222293187768325,0.0159294566813817,0.003));
#13463=CARTESIAN_POINT('',(0.0226304233933156,0.0159294566813817,0.003));
#13464=CARTESIAN_POINT('',(0.0220223109221883,0.0162173740509388,0.003));
#13465=CARTESIAN_POINT('',(0.0220223109221883,0.0162173740509388,0.0032));
#13466=CARTESIAN_POINT('',(0.0220223109221883,0.0162173740509388,0.0032));
#13467=CARTESIAN_POINT('',(0.0220223109221883,0.0162173740509388,0.0032));
#13468=CARTESIAN_POINT('',(0.0222293187768325,0.0159294566813817,0.0032));
#13469=CARTESIAN_POINT('',(0.0226304233933156,0.0159294566813817,0.0032));
#13470=CARTESIAN_POINT('',(0.0218153030675442,0.0170699365458454,0.0032));
#13471=CARTESIAN_POINT('',(0.0218153030675442,0.0170699365458454,0.003));
#13472=CARTESIAN_POINT('',(0.0218153030675442,0.0166935064622791,0.0032));
#13473=CARTESIAN_POINT('',(0.0218153030675442,0.0166935064622791,0.003));
#13474=CARTESIAN_POINT('',(0.0218843056857589,0.0164093189639769,0.0032));
#13475=CARTESIAN_POINT('',(0.0218843056857589,0.0164093189639769,0.003));
#13476=CARTESIAN_POINT('',(0.0220223109221883,0.0162173740509388,0.0032));
#13477=CARTESIAN_POINT('',(0.0220223109221883,0.0162173740509388,0.003));
#13478=CARTESIAN_POINT('',(0.0218153030675442,0.0170699365458454,0.003));
#13479=CARTESIAN_POINT('',(0.0218153030675442,0.0165052914204959,0.003));
#13480=CARTESIAN_POINT('',(0.0220223109221883,0.0162173740509388,0.003));
#13481=CARTESIAN_POINT('',(0.0218153030675442,0.0170699365458454,0.003));
#13482=CARTESIAN_POINT('',(0.0218153030675442,0.0170699365458454,0.0032));
#13483=CARTESIAN_POINT('',(0.0218153030675442,0.0170699365458454,0.0032));
#13484=CARTESIAN_POINT('',(0.0218153030675442,0.0170699365458454,0.0032));
#13485=CARTESIAN_POINT('',(0.0218153030675442,0.0165052914204959,0.0032));
#13486=CARTESIAN_POINT('',(0.0220223109221883,0.0162173740509388,0.0032));
#13487=CARTESIAN_POINT('',(0.0220236020314688,0.0179319671754759,0.0032));
#13488=CARTESIAN_POINT('',(0.0220236020314688,0.0179319671754759,0.003));
#13489=CARTESIAN_POINT('',(0.021884736055519,0.0177285457354999,0.0032));
#13490=CARTESIAN_POINT('',(0.021884736055519,0.0177285457354999,0.003));
#13491=CARTESIAN_POINT('',(0.0218153030675442,0.0174412021922897,0.0032));
#13492=CARTESIAN_POINT('',(0.0218153030675442,0.0174412021922897,0.003));
#13493=CARTESIAN_POINT('',(0.0218153030675442,0.0170699365458454,0.0032));
#13494=CARTESIAN_POINT('',(0.0218153030675442,0.0170699365458454,0.003));
#13495=CARTESIAN_POINT('',(0.0220236020314688,0.0179319671754759,0.003));
#13496=CARTESIAN_POINT('',(0.0218153030675442,0.0176268350155119,0.003));
#13497=CARTESIAN_POINT('',(0.0218153030675442,0.0170699365458454,0.003));
#13498=CARTESIAN_POINT('',(0.0220236020314688,0.0179319671754759,0.003));
#13499=CARTESIAN_POINT('',(0.0220236020314688,0.0179319671754759,0.0032));
#13500=CARTESIAN_POINT('',(0.0220236020314688,0.0179319671754759,0.0032));
#13501=CARTESIAN_POINT('',(0.0220236020314688,0.0179319671754759,0.0032));
#13502=CARTESIAN_POINT('',(0.0218153030675442,0.0176268350155119,0.0032));
#13503=CARTESIAN_POINT('',(0.0218153030675442,0.0170699365458454,0.0032));
#13504=CARTESIAN_POINT('',(0.0226252589561934,0.01823709933544,0.0032));
#13505=CARTESIAN_POINT('',(0.0226252589561934,0.01823709933544,0.003));
#13506=CARTESIAN_POINT('',(0.0223630203156601,0.01823709933544,0.0032));
#13507=CARTESIAN_POINT('',(0.0223630203156601,0.01823709933544,0.003));
#13508=CARTESIAN_POINT('',(0.0221624680074186,0.018135388615452,0.0032));
#13509=CARTESIAN_POINT('',(0.0221624680074186,0.018135388615452,0.003));
#13510=CARTESIAN_POINT('',(0.0220236020314688,0.0179319671754759,0.0032));
#13511=CARTESIAN_POINT('',(0.0220236020314688,0.0179319671754759,0.003));
#13512=CARTESIAN_POINT('',(0.0226252589561934,0.01823709933544,0.003));
#13513=CARTESIAN_POINT('',(0.0222319009953935,0.01823709933544,0.003));
#13514=CARTESIAN_POINT('',(0.0220236020314688,0.0179319671754759,0.003));
#13515=CARTESIAN_POINT('',(0.0226252589561934,0.01823709933544,0.003));
#13516=CARTESIAN_POINT('',(0.0226252589561934,0.01823709933544,0.0032));
#13517=CARTESIAN_POINT('',(0.0226252589561934,0.01823709933544,0.0032));
#13518=CARTESIAN_POINT('',(0.0226252589561934,0.01823709933544,0.0032));
#13519=CARTESIAN_POINT('',(0.0222319009953935,0.01823709933544,0.0032));
#13520=CARTESIAN_POINT('',(0.0220236020314688,0.0179319671754759,0.0032));
#13521=CARTESIAN_POINT('',(0.023290610605424,0.0179694093446111,0.0032));
#13522=CARTESIAN_POINT('',(0.023290610605424,0.0179694093446111,0.003));
#13523=CARTESIAN_POINT('',(0.0231517446294742,0.018147869338497,0.0032));
#13524=CARTESIAN_POINT('',(0.0231517446294742,0.018147869338497,0.003));
#13525=CARTESIAN_POINT('',(0.0229299607463973,0.01823709933544,0.0032));
#13526=CARTESIAN_POINT('',(0.0229299607463973,0.01823709933544,0.003));
#13527=CARTESIAN_POINT('',(0.0226252589561934,0.01823709933544,0.0032));
#13528=CARTESIAN_POINT('',(0.0226252589561934,0.01823709933544,0.003));
#13529=CARTESIAN_POINT('',(0.023290610605424,0.0179694093446111,0.003));
#13530=CARTESIAN_POINT('',(0.0230823116414992,0.01823709933544,0.003));
#13531=CARTESIAN_POINT('',(0.0226252589561934,0.01823709933544,0.003));
#13532=CARTESIAN_POINT('',(0.023290610605424,0.0179694093446111,0.003));
#13533=CARTESIAN_POINT('',(0.023290610605424,0.0179694093446111,0.0032));
#13534=CARTESIAN_POINT('',(0.023290610605424,0.0179694093446111,0.0032));
#13535=CARTESIAN_POINT('',(0.023290610605424,0.0179694093446111,0.0032));
#13536=CARTESIAN_POINT('',(0.0230823116414992,0.01823709933544,0.0032));
#13537=CARTESIAN_POINT('',(0.0226252589561934,0.01823709933544,0.0032));
#13538=CARTESIAN_POINT('',(0.0234989095693486,0.0170751009829676,0.0032));
#13539=CARTESIAN_POINT('',(0.0234989095693486,0.0170751009829676,0.003));
#13540=CARTESIAN_POINT('',(0.0234989095693486,0.0174928465635107,0.0032));
#13541=CARTESIAN_POINT('',(0.0234989095693486,0.0174928465635107,0.003));
#13542=CARTESIAN_POINT('',(0.0234294765813737,0.0177909493507252,0.0032));
#13543=CARTESIAN_POINT('',(0.0234294765813737,0.0177909493507252,0.003));
#13544=CARTESIAN_POINT('',(0.023290610605424,0.0179694093446111,0.0032));
#13545=CARTESIAN_POINT('',(0.023290610605424,0.0179694093446111,0.003));
#13546=CARTESIAN_POINT('',(0.0234989095693486,0.0170751009829676,0.003));
#13547=CARTESIAN_POINT('',(0.0234989095693486,0.0177017193537823,0.003));
#13548=CARTESIAN_POINT('',(0.023290610605424,0.0179694093446111,0.003));
#13549=CARTESIAN_POINT('',(0.0234989095693486,0.0170751009829676,0.003));
#13550=CARTESIAN_POINT('',(0.0234989095693486,0.0170751009829676,0.0032));
#13551=CARTESIAN_POINT('',(0.0234989095693486,0.0170751009829676,0.0032));
#13552=CARTESIAN_POINT('',(0.0234989095693486,0.0170751009829676,0.0032));
#13553=CARTESIAN_POINT('',(0.0234989095693486,0.0177017193537823,0.0032));
#13554=CARTESIAN_POINT('',(0.023290610605424,0.0179694093446111,0.0032));
#13555=CARTESIAN_POINT('',(0.0234989095693486,0.0170281906791084,0.0032));
#13556=CARTESIAN_POINT('',(0.0234989095693486,0.0170281906791084,0.003));
#13557=CARTESIAN_POINT('',(0.0234989095693486,0.0169812803752494,0.003));
#13558=CARTESIAN_POINT('',(0.0234989095693486,0.0169812803752494,0.0032));
#13559=CARTESIAN_POINT('',(0.0234989095693486,0.0169812803752494,0.0032));
#13560=CARTESIAN_POINT('',(0.0234989095693486,0.0170281906791084,0.0032));
#13561=CARTESIAN_POINT('',(0.0235109599226336,0.0160043410196522,0.0032));
#13562=CARTESIAN_POINT('',(0.0235230102759184,0.0160043410196522,0.0032));
#13563=CARTESIAN_POINT('',(0.0235230102759184,0.0160043410196522,0.0032));
#13564=CARTESIAN_POINT('',(0.0235109599226336,0.0160043410196522,0.0032));
#13565=CARTESIAN_POINT('',(0.0234989095693486,0.0160043410196522,0.0032));
#13566=CARTESIAN_POINT('',(0.0234989095693486,0.0160043410196522,0.0032));
#13567=CARTESIAN_POINT('',(0.0235527057893705,0.0158068012997319,0.0032));
#13568=CARTESIAN_POINT('',(0.0235824013028226,0.0156092615798115,0.0032));
#13569=CARTESIAN_POINT('',(0.0235824013028226,0.0156092615798115,0.0032));
#13570=CARTESIAN_POINT('',(0.0235527057893705,0.0158068012997319,0.0032));
#13571=CARTESIAN_POINT('',(0.0237640173416164,0.0156092615798115,0.0032));
#13572=CARTESIAN_POINT('',(0.0239456333804103,0.0156092615798115,0.0032));
#13573=CARTESIAN_POINT('',(0.0239456333804103,0.0156092615798115,0.0032));
#13574=CARTESIAN_POINT('',(0.0237640173416164,0.0156092615798115,0.0032));
#13575=CARTESIAN_POINT('',(0.0239456333804103,0.0177021497235425,0.0032));
#13576=CARTESIAN_POINT('',(0.0239456333804103,0.0197950378672734,0.0032));
#13577=CARTESIAN_POINT('',(0.0239456333804103,0.0197950378672734,0.0032));
#13578=CARTESIAN_POINT('',(0.0239456333804103,0.0177021497235425,0.0032));
#13579=CARTESIAN_POINT('',(0.0237222714748795,0.0197950378672734,0.0032));
#13580=CARTESIAN_POINT('',(0.0234989095693486,0.0197950378672734,0.0032));
#13581=CARTESIAN_POINT('',(0.0234989095693486,0.0197950378672734,0.0032));
#13582=CARTESIAN_POINT('',(0.0237222714748795,0.0197950378672734,0.0032));
#13583=CARTESIAN_POINT('',(0.0234989095693486,0.0191951024215895,0.0032));
#13584=CARTESIAN_POINT('',(0.0234989095693486,0.0185951669759056,0.0032));
#13585=CARTESIAN_POINT('',(0.0234989095693486,0.0185951669759056,0.0032));
#13586=CARTESIAN_POINT('',(0.0234989095693486,0.0191951024215895,0.0032));
#13587=CARTESIAN_POINT('',(0.0235045043762309,0.0184914478637034,0.0032));
#13588=CARTESIAN_POINT('',(0.0235100991831132,0.0183877287515012,0.0032));
#13589=CARTESIAN_POINT('',(0.0235100991831132,0.0183877287515012,0.0032));
#13590=CARTESIAN_POINT('',(0.0235045043762309,0.0184914478637034,0.0032));
#13591=CARTESIAN_POINT('',(0.023519567317837,0.018281427420738,0.0032));
#13592=CARTESIAN_POINT('',(0.0235290354525609,0.0181751260899748,0.0032));
#13593=CARTESIAN_POINT('',(0.0235290354525609,0.0181751260899748,0.0032));
#13594=CARTESIAN_POINT('',(0.023519567317837,0.018281427420738,0.0032));
#13595=CARTESIAN_POINT('',(0.0235113902923937,0.0181751260899748,0.0032));
#13596=CARTESIAN_POINT('',(0.0234937451322266,0.0181751260899748,0.0032));
#13597=CARTESIAN_POINT('',(0.0234937451322266,0.0181751260899748,0.0032));
#13598=CARTESIAN_POINT('',(0.0235113902923937,0.0181751260899748,0.0032));
#13599=CARTESIAN_POINT('',(0.0225736145849724,0.0186115210267922,0.0032));
#13600=CARTESIAN_POINT('',(0.0225736145849724,0.0186115210267922,0.003));
#13601=CARTESIAN_POINT('',(0.0229735715487617,0.0186115210267922,0.0032));
#13602=CARTESIAN_POINT('',(0.0229735715487617,0.0186115210267922,0.003));
#13603=CARTESIAN_POINT('',(0.0232802817311798,0.0184660560478531,0.0032));
#13604=CARTESIAN_POINT('',(0.0232802817311798,0.0184660560478531,0.003));
#13605=CARTESIAN_POINT('',(0.0234937451322266,0.0181751260899748,0.0032));
#13606=CARTESIAN_POINT('',(0.0234937451322266,0.0181751260899748,0.003));
#13607=CARTESIAN_POINT('',(0.0225736145849724,0.0186115210267922,0.0032));
#13608=CARTESIAN_POINT('',(0.0225736145849724,0.0186115210267922,0.0032));
#13609=CARTESIAN_POINT('',(0.0225736145849724,0.0186115210267922,0.0032));
#13610=CARTESIAN_POINT('',(0.0231735500306564,0.0186115210267922,0.0032));
#13611=CARTESIAN_POINT('',(0.0234937451322266,0.0181751260899748,0.0032));
#13612=CARTESIAN_POINT('',(0.0216750025257271,0.0182078341917481,0.0032));
#13613=CARTESIAN_POINT('',(0.0216750025257271,0.0182078341917481,0.003));
#13614=CARTESIAN_POINT('',(0.0218901874058146,0.0184769587484442,0.0032));
#13615=CARTESIAN_POINT('',(0.0218901874058146,0.0184769587484442,0.003));
#13616=CARTESIAN_POINT('',(0.0221897247588963,0.0186115210267922,0.0032));
#13617=CARTESIAN_POINT('',(0.0221897247588963,0.0186115210267922,0.003));
#13618=CARTESIAN_POINT('',(0.0225736145849724,0.0186115210267922,0.0032));
#13619=CARTESIAN_POINT('',(0.0225736145849724,0.0186115210267922,0.003));
#13620=CARTESIAN_POINT('',(0.0216750025257271,0.0182078341917481,0.0032));
#13621=CARTESIAN_POINT('',(0.0216750025257271,0.0182078341917481,0.0032));
#13622=CARTESIAN_POINT('',(0.0216750025257271,0.0182078341917481,0.0032));
#13623=CARTESIAN_POINT('',(0.0219977798458583,0.0186115210267922,0.0032));
#13624=CARTESIAN_POINT('',(0.0225736145849724,0.0186115210267922,0.0032));
#13625=CARTESIAN_POINT('',(0.0213522252055959,0.0170751009829676,0.0032));
#13626=CARTESIAN_POINT('',(0.0213522252055959,0.0170751009829676,0.003));
#13627=CARTESIAN_POINT('',(0.0213522252055959,0.0175611318987918,0.0032));
#13628=CARTESIAN_POINT('',(0.0213522252055959,0.0175611318987918,0.003));
#13629=CARTESIAN_POINT('',(0.0214598176456396,0.017938709635052,0.0032));
#13630=CARTESIAN_POINT('',(0.0214598176456396,0.017938709635052,0.003));
#13631=CARTESIAN_POINT('',(0.0216750025257271,0.0182078341917481,0.0032));
#13632=CARTESIAN_POINT('',(0.0216750025257271,0.0182078341917481,0.003));
#13633=CARTESIAN_POINT('',(0.0213522252055959,0.0170751009829676,0.0032));
#13634=CARTESIAN_POINT('',(0.0213522252055959,0.0170751009829676,0.0032));
#13635=CARTESIAN_POINT('',(0.0213522252055959,0.0170751009829676,0.0032));
#13636=CARTESIAN_POINT('',(0.0213522252055959,0.017804147356704,0.0032));
#13637=CARTESIAN_POINT('',(0.0216750025257271,0.0182078341917481,0.0032));
#13638=CARTESIAN_POINT('',(0.0216737114164465,0.0159505447996303,0.0032));
#13639=CARTESIAN_POINT('',(0.0216737114164465,0.0159505447996303,0.003));
#13640=CARTESIAN_POINT('',(0.0214593872758794,0.0162142180060309,0.0032));
#13641=CARTESIAN_POINT('',(0.0214593872758794,0.0162142180060309,0.003));
#13642=CARTESIAN_POINT('',(0.0213522252055959,0.0165890700671433,0.0032));
#13643=CARTESIAN_POINT('',(0.0213522252055959,0.0165890700671433,0.003));
#13644=CARTESIAN_POINT('',(0.0213522252055959,0.0170751009829676,0.0032));
#13645=CARTESIAN_POINT('',(0.0213522252055959,0.0170751009829676,0.003));
#13646=CARTESIAN_POINT('',(0.0216737114164465,0.0159505447996303,0.0032));
#13647=CARTESIAN_POINT('',(0.0216737114164465,0.0159505447996303,0.0032));
#13648=CARTESIAN_POINT('',(0.0216737114164465,0.0159505447996303,0.0032));
#13649=CARTESIAN_POINT('',(0.0213522252055959,0.0163460546092312,0.0032));
#13650=CARTESIAN_POINT('',(0.0213522252055959,0.0170751009829676,0.0032));
#13651=CARTESIAN_POINT('',(0.0225736145849724,0.0155550349900295,0.0032));
#13652=CARTESIAN_POINT('',(0.0225736145849724,0.0155550349900295,0.003));
#13653=CARTESIAN_POINT('',(0.0221880032798557,0.0155550349900295,0.0032));
#13654=CARTESIAN_POINT('',(0.0221880032798557,0.0155550349900295,0.003));
#13655=CARTESIAN_POINT('',(0.0218880355570137,0.0156868715932298,0.0032));
#13656=CARTESIAN_POINT('',(0.0218880355570137,0.0156868715932298,0.003));
#13657=CARTESIAN_POINT('',(0.0216737114164465,0.0159505447996303,0.0032));
#13658=CARTESIAN_POINT('',(0.0216737114164465,0.0159505447996303,0.003));
#13659=CARTESIAN_POINT('',(0.0225736145849724,0.0155550349900295,0.0032));
#13660=CARTESIAN_POINT('',(0.0225736145849724,0.0155550349900295,0.0032));
#13661=CARTESIAN_POINT('',(0.0225736145849724,0.0155550349900295,0.0032));
#13662=CARTESIAN_POINT('',(0.0219951976272972,0.0155550349900295,0.0032));
#13663=CARTESIAN_POINT('',(0.0216737114164465,0.0159505447996303,0.0032));
#13664=CARTESIAN_POINT('',(0.0234989095693486,0.0160043410196522,0.0032));
#13665=CARTESIAN_POINT('',(0.0234989095693486,0.0160043410196522,0.003));
#13666=CARTESIAN_POINT('',(0.0232929059108116,0.0157048036665704,0.0032));
#13667=CARTESIAN_POINT('',(0.0232929059108116,0.0157048036665704,0.003));
#13668=CARTESIAN_POINT('',(0.0229844742493528,0.0155550349900295,0.0032));
#13669=CARTESIAN_POINT('',(0.0229844742493528,0.0155550349900295,0.003));
#13670=CARTESIAN_POINT('',(0.0225736145849724,0.0155550349900295,0.0032));
#13671=CARTESIAN_POINT('',(0.0225736145849724,0.0155550349900295,0.003));
#13672=CARTESIAN_POINT('',(0.0234989095693486,0.0160043410196522,0.0032));
#13673=CARTESIAN_POINT('',(0.023189904081543,0.0155550349900295,0.0032));
#13674=CARTESIAN_POINT('',(0.0225736145849724,0.0155550349900295,0.0032));
#13675=CARTESIAN_POINT('',(0.023293192823985,0.0161782104027629,0.0032));
#13676=CARTESIAN_POINT('',(0.023293192823985,0.0161782104027629,0.003));
#13677=CARTESIAN_POINT('',(0.0234303373208941,0.016344046217017,0.0032));
#13678=CARTESIAN_POINT('',(0.0234303373208941,0.016344046217017,0.003));
#13679=CARTESIAN_POINT('',(0.0234989095693486,0.0166117362078458,0.0032));
#13680=CARTESIAN_POINT('',(0.0234989095693486,0.0166117362078458,0.003));
#13681=CARTESIAN_POINT('',(0.0234989095693486,0.0169812803752494,0.0032));
#13682=CARTESIAN_POINT('',(0.0234989095693486,0.0169812803752494,0.003));
#13683=CARTESIAN_POINT('',(0.023293192823985,0.0161782104027629,0.003));
#13684=CARTESIAN_POINT('',(0.0234989095693486,0.016426964124144,0.003));
#13685=CARTESIAN_POINT('',(0.0234989095693486,0.0169812803752494,0.003));
#13686=CARTESIAN_POINT('',(0.023293192823985,0.0161782104027629,0.0032));
#13687=CARTESIAN_POINT('',(0.0234989095693486,0.016426964124144,0.0032));
#13688=CARTESIAN_POINT('',(0.0234989095693486,0.0169812803752494,0.0032));
#13689=CARTESIAN_POINT('',(6.93889390390723E-18,0.00562997284531592,0.0032));
#13690=CARTESIAN_POINT('',(0.,0.00562997284531593,0.003));
#13691=CARTESIAN_POINT('',(0.019257185213064,0.0159242922442597,0.0032));
#13692=CARTESIAN_POINT('',(0.019257185213064,0.0159242922442597,0.003));
#13693=CARTESIAN_POINT('',(0.0195354909913105,0.0159242922442597,0.0032));
#13694=CARTESIAN_POINT('',(0.0195354909913105,0.0159242922442597,0.003));
#13695=CARTESIAN_POINT('',(0.0197539753728927,0.0160004676918106,0.0032));
#13696=CARTESIAN_POINT('',(0.0197539753728927,0.0160004676918106,0.003));
#13697=CARTESIAN_POINT('',(0.0199126383578106,0.0161528185869125,0.0032));
#13698=CARTESIAN_POINT('',(0.0199126383578106,0.0161528185869125,0.003));
#13699=CARTESIAN_POINT('',(0.019257185213064,0.0159242922442597,0.003));
#13700=CARTESIAN_POINT('',(0.0196746438804338,0.0159242922442597,0.003));
#13701=CARTESIAN_POINT('',(0.0199126383578106,0.0161528185869125,0.003));
#13702=CARTESIAN_POINT('',(0.019257185213064,0.0159242922442597,0.003));
#13703=CARTESIAN_POINT('',(0.0199126383578106,0.0161528185869125,0.003));
#13704=CARTESIAN_POINT('',(0.019257185213064,0.0159242922442597,0.0032));
#13705=CARTESIAN_POINT('',(0.019257185213064,0.0159242922442597,0.0032));
#13706=CARTESIAN_POINT('',(0.019257185213064,0.0159242922442597,0.0032));
#13707=CARTESIAN_POINT('',(0.0196746438804338,0.0159242922442597,0.0032));
#13708=CARTESIAN_POINT('',(0.0199126383578106,0.0161528185869125,0.0032));
#13709=CARTESIAN_POINT('',(0.0199126383578106,0.0161528185869125,0.0032));
#13710=CARTESIAN_POINT('',(0.0199126383578106,0.0161528185869125,0.0032));
#13711=CARTESIAN_POINT('',(0.0188474732013775,0.0160503905839909,0.0032));
#13712=CARTESIAN_POINT('',(0.0188474732013775,0.0160503905839909,0.003));
#13713=CARTESIAN_POINT('',(0.0189450236803505,0.0159663250241701,0.0032));
#13714=CARTESIAN_POINT('',(0.0189450236803505,0.0159663250241701,0.003));
#13715=CARTESIAN_POINT('',(0.0190815943509127,0.0159242922442597,0.0032));
#13716=CARTESIAN_POINT('',(0.0190815943509127,0.0159242922442597,0.003));
#13717=CARTESIAN_POINT('',(0.019257185213064,0.0159242922442597,0.0032));
#13718=CARTESIAN_POINT('',(0.019257185213064,0.0159242922442597,0.003));
#13719=CARTESIAN_POINT('',(0.0188474732013775,0.0160503905839909,0.003));
#13720=CARTESIAN_POINT('',(0.018993798919837,0.0159242922442597,0.003));
#13721=CARTESIAN_POINT('',(0.019257185213064,0.0159242922442597,0.003));
#13722=CARTESIAN_POINT('',(0.0188474732013775,0.0160503905839909,0.003));
#13723=CARTESIAN_POINT('',(0.0188474732013775,0.0160503905839909,0.0032));
#13724=CARTESIAN_POINT('',(0.0188474732013775,0.0160503905839909,0.0032));
#13725=CARTESIAN_POINT('',(0.0188474732013775,0.0160503905839909,0.0032));
#13726=CARTESIAN_POINT('',(0.018993798919837,0.0159242922442597,0.0032));
#13727=CARTESIAN_POINT('',(0.019257185213064,0.0159242922442597,0.0032));
#13728=CARTESIAN_POINT('',(0.018701147482918,0.0164192174684609,0.0032));
#13729=CARTESIAN_POINT('',(0.018701147482918,0.0164192174684609,0.003));
#13730=CARTESIAN_POINT('',(0.018701147482918,0.0162573984386351,0.0032));
#13731=CARTESIAN_POINT('',(0.018701147482918,0.0162573984386351,0.003));
#13732=CARTESIAN_POINT('',(0.0187499227224045,0.0161344561438118,0.0032));
#13733=CARTESIAN_POINT('',(0.0187499227224045,0.0161344561438118,0.003));
#13734=CARTESIAN_POINT('',(0.0188474732013775,0.0160503905839909,0.0032));
#13735=CARTESIAN_POINT('',(0.0188474732013775,0.0160503905839909,0.003));
#13736=CARTESIAN_POINT('',(0.018701147482918,0.0164192174684609,0.003));
#13737=CARTESIAN_POINT('',(0.018701147482918,0.0161764889237222,0.003));
#13738=CARTESIAN_POINT('',(0.0188474732013775,0.0160503905839909,0.003));
#13739=CARTESIAN_POINT('',(0.018701147482918,0.0164192174684609,0.003));
#13740=CARTESIAN_POINT('',(0.018701147482918,0.0164192174684609,0.0032));
#13741=CARTESIAN_POINT('',(0.018701147482918,0.0164192174684609,0.0032));
#13742=CARTESIAN_POINT('',(0.018701147482918,0.0164192174684609,0.0032));
#13743=CARTESIAN_POINT('',(0.018701147482918,0.0161764889237222,0.0032));
#13744=CARTESIAN_POINT('',(0.0188474732013775,0.0160503905839909,0.0032));
#13745=CARTESIAN_POINT('',(0.0189361293719735,0.0168749790444862,0.0032));
#13746=CARTESIAN_POINT('',(0.0189361293719735,0.0168749790444862,0.003));
#13747=CARTESIAN_POINT('',(0.0187794747792699,0.0167771416523397,0.0032));
#13748=CARTESIAN_POINT('',(0.0187794747792699,0.0167771416523397,0.003));
#13749=CARTESIAN_POINT('',(0.018701147482918,0.016625221126998,0.0032));
#13750=CARTESIAN_POINT('',(0.018701147482918,0.016625221126998,0.003));
#13751=CARTESIAN_POINT('',(0.018701147482918,0.0164192174684609,0.0032));
#13752=CARTESIAN_POINT('',(0.018701147482918,0.0164192174684609,0.003));
#13753=CARTESIAN_POINT('',(0.0189361293719735,0.0168749790444862,0.003));
#13754=CARTESIAN_POINT('',(0.018701147482918,0.0167282229562665,0.003));
#13755=CARTESIAN_POINT('',(0.018701147482918,0.0164192174684609,0.003));
#13756=CARTESIAN_POINT('',(0.0189361293719735,0.0168749790444862,0.003));
#13757=CARTESIAN_POINT('',(0.0189361293719735,0.0168749790444862,0.0032));
#13758=CARTESIAN_POINT('',(0.0189361293719735,0.0168749790444862,0.0032));
#13759=CARTESIAN_POINT('',(0.0189361293719735,0.0168749790444862,0.0032));
#13760=CARTESIAN_POINT('',(0.018701147482918,0.0167282229562665,0.0032));
#13761=CARTESIAN_POINT('',(0.018701147482918,0.0164192174684609,0.0032));
#13762=CARTESIAN_POINT('',(0.0197039090241257,0.0170406714021536,0.0032));
#13763=CARTESIAN_POINT('',(0.0197039090241257,0.0170406714021536,0.003));
#13764=CARTESIAN_POINT('',(0.0193487105153946,0.0170280472225217,0.0032));
#13765=CARTESIAN_POINT('',(0.0193487105153946,0.0170280472225217,0.003));
#13766=CARTESIAN_POINT('',(0.0190927839646772,0.0169728164366326,0.0032));
#13767=CARTESIAN_POINT('',(0.0190927839646772,0.0169728164366326,0.003));
#13768=CARTESIAN_POINT('',(0.0189361293719735,0.0168749790444862,0.0032));
#13769=CARTESIAN_POINT('',(0.0189361293719735,0.0168749790444862,0.003));
#13770=CARTESIAN_POINT('',(0.0197039090241257,0.0170406714021536,0.003));
#13771=CARTESIAN_POINT('',(0.0191711112610291,0.0170217351327058,0.003));
#13772=CARTESIAN_POINT('',(0.0189361293719735,0.0168749790444862,0.003));
#13773=CARTESIAN_POINT('',(0.0197039090241257,0.0170406714021536,0.003));
#13774=CARTESIAN_POINT('',(0.0197039090241257,0.0170406714021536,0.0032));
#13775=CARTESIAN_POINT('',(0.0197039090241257,0.0170406714021536,0.0032));
#13776=CARTESIAN_POINT('',(0.0197039090241257,0.0170406714021536,0.0032));
#13777=CARTESIAN_POINT('',(0.0191711112610291,0.0170217351327058,0.0032));
#13778=CARTESIAN_POINT('',(0.0189361293719735,0.0168749790444862,0.0032));
#13779=CARTESIAN_POINT('',(0.0199272709296565,0.0170497091671172,0.0032));
#13780=CARTESIAN_POINT('',(0.0199272709296565,0.0170497091671172,0.003));
#13781=CARTESIAN_POINT('',(0.0201506328351873,0.0170587469320809,0.003));
#13782=CARTESIAN_POINT('',(0.0201506328351873,0.0170587469320809,0.0032));
#13783=CARTESIAN_POINT('',(0.0201506328351873,0.0170587469320809,0.0032));
#13784=CARTESIAN_POINT('',(0.0199272709296565,0.0170497091671172,0.0032));
#13785=CARTESIAN_POINT('',(0.0201506328351873,0.0169257626761869,0.0032));
#13786=CARTESIAN_POINT('',(0.0201506328351873,0.0169257626761869,0.003));
#13787=CARTESIAN_POINT('',(0.0201506328351873,0.0167927784202927,0.003));
#13788=CARTESIAN_POINT('',(0.0201506328351873,0.0167927784202927,0.0032));
#13789=CARTESIAN_POINT('',(0.0201506328351873,0.0167927784202927,0.0032));
#13790=CARTESIAN_POINT('',(0.0201506328351873,0.0169257626761869,0.0032));
#13791=CARTESIAN_POINT('',(0.0202216438456162,0.0158192820227769,0.0032));
#13792=CARTESIAN_POINT('',(0.0202659719309142,0.0156092615798115,0.0032));
#13793=CARTESIAN_POINT('',(0.0202659719309142,0.0156092615798115,0.0032));
#13794=CARTESIAN_POINT('',(0.0202216438456162,0.0158192820227769,0.0032));
#13795=CARTESIAN_POINT('',(0.0201773157603181,0.0160293024657423,0.0032));
#13796=CARTESIAN_POINT('',(0.0201773157603181,0.0160293024657423,0.0032));
#13797=CARTESIAN_POINT('',(0.0204316642885816,0.0156092615798115,0.0032));
#13798=CARTESIAN_POINT('',(0.020597356646249,0.0156092615798115,0.0032));
#13799=CARTESIAN_POINT('',(0.020597356646249,0.0156092615798115,0.0032));
#13800=CARTESIAN_POINT('',(0.0204316642885816,0.0156092615798115,0.0032));
#13801=CARTESIAN_POINT('',(0.020597356646249,0.0166154660791007,0.0032));
#13802=CARTESIAN_POINT('',(0.020597356646249,0.0176216705783898,0.0032));
#13803=CARTESIAN_POINT('',(0.020597356646249,0.0176216705783898,0.0032));
#13804=CARTESIAN_POINT('',(0.020597356646249,0.0166154660791007,0.0032));
#13805=CARTESIAN_POINT('',(0.0203430081179856,0.0183718050703747,0.0032));
#13806=CARTESIAN_POINT('',(0.0203430081179856,0.0183718050703747,0.003));
#13807=CARTESIAN_POINT('',(0.0205125738034945,0.0182160112171914,0.0032));
#13808=CARTESIAN_POINT('',(0.0205125738034945,0.0182160112171914,0.003));
#13809=CARTESIAN_POINT('',(0.020597356646249,0.0179659663865297,0.0032));
#13810=CARTESIAN_POINT('',(0.020597356646249,0.0179659663865297,0.003));
#13811=CARTESIAN_POINT('',(0.020597356646249,0.0176216705783898,0.0032));
#13812=CARTESIAN_POINT('',(0.020597356646249,0.0176216705783898,0.003));
#13813=CARTESIAN_POINT('',(0.0203430081179856,0.0183718050703747,0.0032));
#13814=CARTESIAN_POINT('',(0.0203430081179856,0.0183718050703747,0.0032));
#13815=CARTESIAN_POINT('',(0.0203430081179856,0.0183718050703747,0.0032));
#13816=CARTESIAN_POINT('',(0.020597356646249,0.0181381142905997,0.0032));
#13817=CARTESIAN_POINT('',(0.020597356646249,0.0176216705783898,0.0032));
#13818=CARTESIAN_POINT('',(0.0195618870032679,0.0186054958501497,0.0032));
#13819=CARTESIAN_POINT('',(0.0195618870032679,0.0186054958501497,0.003));
#13820=CARTESIAN_POINT('',(0.0199130687275707,0.0186054958501497,0.0032));
#13821=CARTESIAN_POINT('',(0.0199130687275707,0.0186054958501497,0.003));
#13822=CARTESIAN_POINT('',(0.0201734424324766,0.0185275989235581,0.0032));
#13823=CARTESIAN_POINT('',(0.0201734424324766,0.0185275989235581,0.003));
#13824=CARTESIAN_POINT('',(0.0203430081179856,0.0183718050703747,0.0032));
#13825=CARTESIAN_POINT('',(0.0203430081179856,0.0183718050703747,0.003));
#13826=CARTESIAN_POINT('',(0.0195618870032679,0.0186054958501497,0.0032));
#13827=CARTESIAN_POINT('',(0.0195618870032679,0.0186054958501497,0.0032));
#13828=CARTESIAN_POINT('',(0.0195618870032679,0.0186054958501497,0.0032));
#13829=CARTESIAN_POINT('',(0.0200886595897222,0.0186054958501497,0.0032));
#13830=CARTESIAN_POINT('',(0.0203430081179856,0.0183718050703747,0.0032));
#13831=CARTESIAN_POINT('',(0.0195645387638136,0.0165327121465207,0.00320000000000003));
#13832=CARTESIAN_POINT('',(0.0190407092236961,0.0185383581675625,0.0032));
#13833=CARTESIAN_POINT('',(0.0190407362395366,0.0185382526104475,0.0032));
#13834=CARTESIAN_POINT('',(0.0195645387638136,0.0165327121465207,0.0032));
#13835=CARTESIAN_POINT('',(0.0195562493758919,0.0164959228441873,0.0032));
#13836=CARTESIAN_POINT('',(0.0185633517845077,0.0183534911577888,0.0032));
#13837=CARTESIAN_POINT('',(0.0185633517845077,0.0183534911577888,0.0032));
#13838=CARTESIAN_POINT('',(0.0195562493758919,0.0164959228441873,0.0032));
#13839=CARTESIAN_POINT('',(0.01863228832129,0.0181824423758978,0.0032));
#13840=CARTESIAN_POINT('',(0.018701147482918,0.0180115855811083,0.0032));
#13841=CARTESIAN_POINT('',(0.018701147482918,0.0180115855811083,0.0032));
#13842=CARTESIAN_POINT('',(0.01863228832129,0.0181824423758978,0.0032));
#13843=CARTESIAN_POINT('',(0.0195343433386167,0.01823709933544,0.0032));
#13844=CARTESIAN_POINT('',(0.0195343433386167,0.01823709933544,0.003));
#13845=CARTESIAN_POINT('',(0.0192887456621436,0.01823709933544,0.0032));
#13846=CARTESIAN_POINT('',(0.0192887456621436,0.01823709933544,0.003));
#13847=CARTESIAN_POINT('',(0.019011013710244,0.0181619280839961,0.0032));
#13848=CARTESIAN_POINT('',(0.019011013710244,0.0181619280839961,0.003));
#13849=CARTESIAN_POINT('',(0.018701147482918,0.0180115855811083,0.0032));
#13850=CARTESIAN_POINT('',(0.018701147482918,0.0180115855811083,0.003));
#13851=CARTESIAN_POINT('',(0.0195343433386167,0.01823709933544,0.0032));
#13852=CARTESIAN_POINT('',(0.0195343433386167,0.01823709933544,0.0032));
#13853=CARTESIAN_POINT('',(0.0195343433386167,0.01823709933544,0.0032));
#13854=CARTESIAN_POINT('',(0.019165946823907,0.01823709933544,0.0032));
#13855=CARTESIAN_POINT('',(0.018701147482918,0.0180115855811083,0.0032));
#13856=CARTESIAN_POINT('',(0.020012053772411,0.0180718373475328,0.0032));
#13857=CARTESIAN_POINT('',(0.020012053772411,0.0180718373475328,0.003));
#13858=CARTESIAN_POINT('',(0.0199127818143973,0.0181820120061376,0.0032));
#13859=CARTESIAN_POINT('',(0.0199127818143973,0.0181820120061376,0.003));
#13860=CARTESIAN_POINT('',(0.0197535450031326,0.01823709933544,0.0032));
#13861=CARTESIAN_POINT('',(0.0197535450031326,0.01823709933544,0.003));
#13862=CARTESIAN_POINT('',(0.0195343433386167,0.01823709933544,0.0032));
#13863=CARTESIAN_POINT('',(0.0195343433386167,0.01823709933544,0.003));
#13864=CARTESIAN_POINT('',(0.020012053772411,0.0180718373475328,0.0032));
#13865=CARTESIAN_POINT('',(0.020012053772411,0.0180718373475328,0.0032));
#13866=CARTESIAN_POINT('',(0.020012053772411,0.0180718373475328,0.0032));
#13867=CARTESIAN_POINT('',(0.0198631458353904,0.01823709933544,0.0032));
#13868=CARTESIAN_POINT('',(0.0195343433386167,0.01823709933544,0.0032));
#13869=CARTESIAN_POINT('',(0.0201609617094315,0.0175596973329245,0.0032));
#13870=CARTESIAN_POINT('',(0.0201609617094315,0.0175596973329245,0.003));
#13871=CARTESIAN_POINT('',(0.0201609617094315,0.0177909493507252,0.0032));
#13872=CARTESIAN_POINT('',(0.0201609617094315,0.0177909493507252,0.003));
#13873=CARTESIAN_POINT('',(0.0201113257304247,0.017961662688928,0.0032));
#13874=CARTESIAN_POINT('',(0.0201113257304247,0.017961662688928,0.003));
#13875=CARTESIAN_POINT('',(0.020012053772411,0.0180718373475328,0.0032));
#13876=CARTESIAN_POINT('',(0.020012053772411,0.0180718373475328,0.003));
#13877=CARTESIAN_POINT('',(0.0201609617094315,0.0175596973329245,0.0032));
#13878=CARTESIAN_POINT('',(0.0201609617094315,0.0175596973329245,0.0032));
#13879=CARTESIAN_POINT('',(0.0201609617094315,0.0175596973329245,0.0032));
#13880=CARTESIAN_POINT('',(0.0201609617094315,0.0179065753596256,0.0032));
#13881=CARTESIAN_POINT('',(0.020012053772411,0.0180718373475328,0.0032));
#13882=CARTESIAN_POINT('',(0.0201609617094315,0.0174680285740073,0.0032));
#13883=CARTESIAN_POINT('',(0.0201609617094315,0.01737635981509,0.0032));
#13884=CARTESIAN_POINT('',(0.0201609617094315,0.01737635981509,0.0032));
#13885=CARTESIAN_POINT('',(0.0201609617094315,0.0174680285740073,0.0032));
#13886=CARTESIAN_POINT('',(0.0199109168787698,0.0173681827896467,0.0032));
#13887=CARTESIAN_POINT('',(0.0196608720481082,0.0173600057642034,0.0032));
#13888=CARTESIAN_POINT('',(0.0196608720481082,0.0173600057642034,0.0032));
#13889=CARTESIAN_POINT('',(0.0199109168787698,0.0173681827896467,0.0032));
#13890=CARTESIAN_POINT('',(0.0182329051838477,0.016424381905583,0.0032));
#13891=CARTESIAN_POINT('',(0.0182329051838477,0.016424381905583,0.003));
#13892=CARTESIAN_POINT('',(0.0182329051838477,0.0170194398273183,0.0032));
#13893=CARTESIAN_POINT('',(0.0182329051838477,0.0170194398273183,0.003));
#13894=CARTESIAN_POINT('',(0.0187088941386012,0.0173313144468584,0.0032));
#13895=CARTESIAN_POINT('',(0.0187088941386012,0.0173313144468584,0.003));
#13896=CARTESIAN_POINT('',(0.0196608720481082,0.0173600057642034,0.0032));
#13897=CARTESIAN_POINT('',(0.0196608720481082,0.0173600057642034,0.003));
#13898=CARTESIAN_POINT('',(0.0182329051838477,0.016424381905583,0.0032));
#13899=CARTESIAN_POINT('',(0.0182329051838477,0.016424381905583,0.0032));
#13900=CARTESIAN_POINT('',(0.0182329051838477,0.016424381905583,0.0032));
#13901=CARTESIAN_POINT('',(0.0182329051838477,0.0173169687881859,0.0032));
#13902=CARTESIAN_POINT('',(0.0196608720481082,0.0173600057642034,0.0032));
#13903=CARTESIAN_POINT('',(0.0184816589052288,0.0157814094838816,0.0032));
#13904=CARTESIAN_POINT('',(0.0184816589052288,0.0157814094838816,0.003));
#13905=CARTESIAN_POINT('',(0.0183158230909747,0.0159323258131162,0.0032));
#13906=CARTESIAN_POINT('',(0.0183158230909747,0.0159323258131162,0.003));
#13907=CARTESIAN_POINT('',(0.0182329051838477,0.0161466499536834,0.0032));
#13908=CARTESIAN_POINT('',(0.0182329051838477,0.0161466499536834,0.003));
#13909=CARTESIAN_POINT('',(0.0182329051838477,0.016424381905583,0.0032));
#13910=CARTESIAN_POINT('',(0.0182329051838477,0.016424381905583,0.003));
#13911=CARTESIAN_POINT('',(0.0184816589052288,0.0157814094838816,0.0032));
#13912=CARTESIAN_POINT('',(0.0184816589052288,0.0157814094838816,0.0032));
#13913=CARTESIAN_POINT('',(0.0184816589052288,0.0157814094838816,0.0032));
#13914=CARTESIAN_POINT('',(0.0182329051838477,0.0160077839777336,0.0032));
#13915=CARTESIAN_POINT('',(0.0182329051838477,0.016424381905583,0.0032));
#13916=CARTESIAN_POINT('',(0.0191685290424681,0.0155550349900295,0.0032));
#13917=CARTESIAN_POINT('',(0.0191685290424681,0.0155550349900295,0.003));
#13918=CARTESIAN_POINT('',(0.018876451431896,0.0155550349900295,0.0032));
#13919=CARTESIAN_POINT('',(0.018876451431896,0.0155550349900295,0.003));
#13920=CARTESIAN_POINT('',(0.0186474947194829,0.0156304931546469,0.0032));
#13921=CARTESIAN_POINT('',(0.0186474947194829,0.0156304931546469,0.003));
#13922=CARTESIAN_POINT('',(0.0184816589052288,0.0157814094838816,0.0032));
#13923=CARTESIAN_POINT('',(0.0184816589052288,0.0157814094838816,0.003));
#13924=CARTESIAN_POINT('',(0.0191685290424681,0.0155550349900295,0.0032));
#13925=CARTESIAN_POINT('',(0.0191685290424681,0.0155550349900295,0.0032));
#13926=CARTESIAN_POINT('',(0.0191685290424681,0.0155550349900295,0.0032));
#13927=CARTESIAN_POINT('',(0.0187304126266099,0.0155550349900295,0.0032));
#13928=CARTESIAN_POINT('',(0.0184816589052288,0.0157814094838816,0.0032));
#13929=CARTESIAN_POINT('',(0.0197163897471707,0.0156535896651096,0.0032));
#13930=CARTESIAN_POINT('',(0.0197163897471707,0.0156535896651096,0.003));
#13931=CARTESIAN_POINT('',(0.0195703509418847,0.0155878865483896,0.0032));
#13932=CARTESIAN_POINT('',(0.0195703509418847,0.0155878865483896,0.003));
#13933=CARTESIAN_POINT('',(0.0193877307069838,0.0155550349900295,0.0032));
#13934=CARTESIAN_POINT('',(0.0193877307069838,0.0155550349900295,0.003));
#13935=CARTESIAN_POINT('',(0.0191685290424681,0.0155550349900295,0.0032));
#13936=CARTESIAN_POINT('',(0.0191685290424681,0.0155550349900295,0.003));
#13937=CARTESIAN_POINT('',(0.0197163897471707,0.0156535896651096,0.0032));
#13938=CARTESIAN_POINT('',(0.0197163897471707,0.0156535896651096,0.0032));
#13939=CARTESIAN_POINT('',(0.0197163897471707,0.0156535896651096,0.0032));
#13940=CARTESIAN_POINT('',(0.0194973315392417,0.0155550349900295,0.0032));
#13941=CARTESIAN_POINT('',(0.0191685290424681,0.0155550349900295,0.0032));
#13942=CARTESIAN_POINT('',(0.0201557972723094,0.0160293024657423,0.0032));
#13943=CARTESIAN_POINT('',(0.0201557972723094,0.0160293024657423,0.003));
#13944=CARTESIAN_POINT('',(0.020008897727503,0.0158445303820406,0.0032));
#13945=CARTESIAN_POINT('',(0.020008897727503,0.0158445303820406,0.003));
#13946=CARTESIAN_POINT('',(0.0198624285524568,0.0157192927818296,0.0032));
#13947=CARTESIAN_POINT('',(0.0198624285524568,0.0157192927818296,0.003));
#13948=CARTESIAN_POINT('',(0.0197163897471707,0.0156535896651096,0.0032));
#13949=CARTESIAN_POINT('',(0.0197163897471707,0.0156535896651096,0.003));
#13950=CARTESIAN_POINT('',(0.0201557972723094,0.0160293024657423,0.0032));
#13951=CARTESIAN_POINT('',(0.0201557972723094,0.0160293024657423,0.0032));
#13952=CARTESIAN_POINT('',(0.0201557972723094,0.0160293024657423,0.0032));
#13953=CARTESIAN_POINT('',(0.0199354479550999,0.0157521443401896,0.0032));
#13954=CARTESIAN_POINT('',(0.0197163897471707,0.0156535896651096,0.0032));
#13955=CARTESIAN_POINT('',(0.0201665565163138,0.0160293024657423,0.0032));
#13956=CARTESIAN_POINT('',(0.0201665565163138,0.0160293024657423,0.0032));
#13957=CARTESIAN_POINT('',(0.0199126383578106,0.0161528185869125,0.0032));
#13958=CARTESIAN_POINT('',(0.0199126383578106,0.0161528185869125,0.003));
#13959=CARTESIAN_POINT('',(0.0200713013427284,0.0163051694820145,0.0032));
#13960=CARTESIAN_POINT('',(0.0200713013427284,0.0163051694820145,0.003));
#13961=CARTESIAN_POINT('',(0.0201506328351873,0.0165184894264746,0.0032));
#13962=CARTESIAN_POINT('',(0.0201506328351873,0.0165184894264746,0.003));
#13963=CARTESIAN_POINT('',(0.0201506328351873,0.0167927784202927,0.0032));
#13964=CARTESIAN_POINT('',(0.0201506328351873,0.0167927784202927,0.003));
#13965=CARTESIAN_POINT('',(0.0199126383578106,0.0161528185869125,0.003));
#13966=CARTESIAN_POINT('',(0.0201506328351873,0.0163813449295655,0.003));
#13967=CARTESIAN_POINT('',(0.0201506328351873,0.0167927784202927,0.003));
#13968=CARTESIAN_POINT('',(0.0199126383578106,0.0161528185869125,0.0032));
#13969=CARTESIAN_POINT('',(0.0201506328351873,0.0163813449295655,0.0032));
#13970=CARTESIAN_POINT('',(0.0201506328351873,0.0167927784202927,0.0032));
#13971=CARTESIAN_POINT('',(6.93889390390723E-18,0.00562997284531592,0.0032));
#13972=CARTESIAN_POINT('',(0.,0.00562997284531593,0.003));
#13973=CARTESIAN_POINT('',(0.0163848974336562,0.0182319348983179,0.0032));
#13974=CARTESIAN_POINT('',(0.0163848974336562,0.0182319348983179,0.003));
#13975=CARTESIAN_POINT('',(0.0160836386015338,0.0182319348983179,0.0032));
#13976=CARTESIAN_POINT('',(0.0160836386015338,0.0182319348983179,0.003));
#13977=CARTESIAN_POINT('',(0.0158657280462985,0.0181485866214307,0.0032));
#13978=CARTESIAN_POINT('',(0.0158657280462985,0.0181485866214307,0.003));
#13979=CARTESIAN_POINT('',(0.0157311657679505,0.0179818900676562,0.0032));
#13980=CARTESIAN_POINT('',(0.0157311657679505,0.0179818900676562,0.003));
#13981=CARTESIAN_POINT('',(0.0163848974336562,0.0182319348983179,0.003));
#13982=CARTESIAN_POINT('',(0.0159330091854725,0.0182319348983179,0.003));
#13983=CARTESIAN_POINT('',(0.0157311657679505,0.0179818900676562,0.003));
#13984=CARTESIAN_POINT('',(0.0163848974336562,0.0182319348983179,0.003));
#13985=CARTESIAN_POINT('',(0.0157311657679505,0.0179818900676562,0.003));
#13986=CARTESIAN_POINT('',(0.0163848974336562,0.0182319348983179,0.0032));
#13987=CARTESIAN_POINT('',(0.0163848974336562,0.0182319348983179,0.0032));
#13988=CARTESIAN_POINT('',(0.0163848974336562,0.0182319348983179,0.0032));
#13989=CARTESIAN_POINT('',(0.0159330091854725,0.0182319348983179,0.0032));
#13990=CARTESIAN_POINT('',(0.0157311657679505,0.0179818900676562,0.0032));
#13991=CARTESIAN_POINT('',(0.0157311657679505,0.0179818900676562,0.0032));
#13992=CARTESIAN_POINT('',(0.0157311657679505,0.0179818900676562,0.0032));
#13993=CARTESIAN_POINT('',(0.0169938706443038,0.0179375619823582,0.0032));
#13994=CARTESIAN_POINT('',(0.0169938706443038,0.0179375619823582,0.003));
#13995=CARTESIAN_POINT('',(0.0168495533180585,0.018133810592998,0.0032));
#13996=CARTESIAN_POINT('',(0.0168495533180585,0.018133810592998,0.003));
#13997=CARTESIAN_POINT('',(0.0166465622478426,0.0182319348983179,0.0032));
#13998=CARTESIAN_POINT('',(0.0166465622478426,0.0182319348983179,0.003));
#13999=CARTESIAN_POINT('',(0.0163848974336562,0.0182319348983179,0.0032));
#14000=CARTESIAN_POINT('',(0.0163848974336562,0.0182319348983179,0.003));
#14001=CARTESIAN_POINT('',(0.0169938706443038,0.0179375619823582,0.003));
#14002=CARTESIAN_POINT('',(0.0167773946549358,0.0182319348983179,0.003));
#14003=CARTESIAN_POINT('',(0.0163848974336562,0.0182319348983179,0.003));
#14004=CARTESIAN_POINT('',(0.0169938706443038,0.0179375619823582,0.003));
#14005=CARTESIAN_POINT('',(0.0169938706443038,0.0179375619823582,0.0032));
#14006=CARTESIAN_POINT('',(0.0169938706443038,0.0179375619823582,0.0032));
#14007=CARTESIAN_POINT('',(0.0169938706443038,0.0179375619823582,0.0032));
#14008=CARTESIAN_POINT('',(0.0167773946549358,0.0182319348983179,0.0032));
#14009=CARTESIAN_POINT('',(0.0163848974336562,0.0182319348983179,0.0032));
#14010=CARTESIAN_POINT('',(0.0172103466336719,0.0170914550338542,0.0032));
#14011=CARTESIAN_POINT('',(0.0172103466336719,0.0170914550338542,0.003));
#14012=CARTESIAN_POINT('',(0.0172103466336719,0.0174592777222171,0.0032));
#14013=CARTESIAN_POINT('',(0.0172103466336719,0.0174592777222171,0.003));
#14014=CARTESIAN_POINT('',(0.0171381879705492,0.0177413133717184,0.0032));
#14015=CARTESIAN_POINT('',(0.0171381879705492,0.0177413133717184,0.003));
#14016=CARTESIAN_POINT('',(0.0169938706443038,0.0179375619823582,0.0032));
#14017=CARTESIAN_POINT('',(0.0169938706443038,0.0179375619823582,0.003));
#14018=CARTESIAN_POINT('',(0.0172103466336719,0.0170914550338542,0.003));
#14019=CARTESIAN_POINT('',(0.0172103466336719,0.0176431890663985,0.003));
#14020=CARTESIAN_POINT('',(0.0169938706443038,0.0179375619823582,0.003));
#14021=CARTESIAN_POINT('',(0.0172103466336719,0.0170914550338542,0.003));
#14022=CARTESIAN_POINT('',(0.0172103466336719,0.0170914550338542,0.0032));
#14023=CARTESIAN_POINT('',(0.0172103466336719,0.0170914550338542,0.0032));
#14024=CARTESIAN_POINT('',(0.0172103466336719,0.0170914550338542,0.0032));
#14025=CARTESIAN_POINT('',(0.0172103466336719,0.0176431890663985,0.0032));
#14026=CARTESIAN_POINT('',(0.0169938706443038,0.0179375619823582,0.0032));
#14027=CARTESIAN_POINT('',(0.0169938706443038,0.0162388925389476,0.0032));
#14028=CARTESIAN_POINT('',(0.0169938706443038,0.0162388925389476,0.003));
#14029=CARTESIAN_POINT('',(0.0171381879705492,0.0164451831106581,0.0032));
#14030=CARTESIAN_POINT('',(0.0171381879705492,0.0164451831106581,0.003));
#14031=CARTESIAN_POINT('',(0.0172103466336719,0.0167293706089603,0.0032));
#14032=CARTESIAN_POINT('',(0.0172103466336719,0.0167293706089603,0.003));
#14033=CARTESIAN_POINT('',(0.0172103466336719,0.0170914550338542,0.0032));
#14034=CARTESIAN_POINT('',(0.0172103466336719,0.0170914550338542,0.003));
#14035=CARTESIAN_POINT('',(0.0169938706443038,0.0162388925389476,0.003));
#14036=CARTESIAN_POINT('',(0.0172103466336719,0.0165483283965133,0.003));
#14037=CARTESIAN_POINT('',(0.0172103466336719,0.0170914550338542,0.003));
#14038=CARTESIAN_POINT('',(0.0169938706443038,0.0162388925389476,0.003));
#14039=CARTESIAN_POINT('',(0.0169938706443038,0.0162388925389476,0.0032));
#14040=CARTESIAN_POINT('',(0.0169938706443038,0.0162388925389476,0.0032));
#14041=CARTESIAN_POINT('',(0.0169938706443038,0.0162388925389476,0.0032));
#14042=CARTESIAN_POINT('',(0.0172103466336719,0.0165483283965133,0.0032));
#14043=CARTESIAN_POINT('',(0.0172103466336719,0.0170914550338542,0.0032));
#14044=CARTESIAN_POINT('',(0.0163952263079005,0.0159294566813817,0.0032));
#14045=CARTESIAN_POINT('',(0.0163952263079005,0.0159294566813817,0.003));
#14046=CARTESIAN_POINT('',(0.0166500052059241,0.0159294566813817,0.0032));
#14047=CARTESIAN_POINT('',(0.0166500052059241,0.0159294566813817,0.003));
#14048=CARTESIAN_POINT('',(0.0168495533180585,0.016032601967237,0.0032));
#14049=CARTESIAN_POINT('',(0.0168495533180585,0.016032601967237,0.003));
#14050=CARTESIAN_POINT('',(0.0169938706443038,0.0162388925389476,0.0032));
#14051=CARTESIAN_POINT('',(0.0169938706443038,0.0162388925389476,0.003));
#14052=CARTESIAN_POINT('',(0.0163952263079005,0.0159294566813817,0.003));
#14053=CARTESIAN_POINT('',(0.0167773946549358,0.0159294566813817,0.003));
#14054=CARTESIAN_POINT('',(0.0169938706443038,0.0162388925389476,0.003));
#14055=CARTESIAN_POINT('',(0.0163952263079005,0.0159294566813817,0.003));
#14056=CARTESIAN_POINT('',(0.0163952263079005,0.0159294566813817,0.0032));
#14057=CARTESIAN_POINT('',(0.0163952263079005,0.0159294566813817,0.0032));
#14058=CARTESIAN_POINT('',(0.0163952263079005,0.0159294566813817,0.0032));
#14059=CARTESIAN_POINT('',(0.0167773946549358,0.0159294566813817,0.0032));
#14060=CARTESIAN_POINT('',(0.0169938706443038,0.0162388925389476,0.0032));
#14061=CARTESIAN_POINT('',(0.0157311657679505,0.0161971466722106,0.0032));
#14062=CARTESIAN_POINT('',(0.0157311657679505,0.0161971466722106,0.003));
#14063=CARTESIAN_POINT('',(0.0158691710043799,0.0160186866783247,0.0032));
#14064=CARTESIAN_POINT('',(0.0158691710043799,0.0160186866783247,0.003));
#14065=CARTESIAN_POINT('',(0.0160905245176966,0.0159294566813817,0.0032));
#14066=CARTESIAN_POINT('',(0.0160905245176966,0.0159294566813817,0.003));
#14067=CARTESIAN_POINT('',(0.0163952263079005,0.0159294566813817,0.0032));
#14068=CARTESIAN_POINT('',(0.0163952263079005,0.0159294566813817,0.003));
#14069=CARTESIAN_POINT('',(0.0157311657679505,0.0161971466722106,0.003));
#14070=CARTESIAN_POINT('',(0.0159381736225946,0.0159294566813817,0.003));
#14071=CARTESIAN_POINT('',(0.0163952263079005,0.0159294566813817,0.003));
#14072=CARTESIAN_POINT('',(0.0157311657679505,0.0161971466722106,0.003));
#14073=CARTESIAN_POINT('',(0.0157311657679505,0.0161971466722106,0.0032));
#14074=CARTESIAN_POINT('',(0.0157311657679505,0.0161971466722106,0.0032));
#14075=CARTESIAN_POINT('',(0.0157311657679505,0.0161971466722106,0.0032));
#14076=CARTESIAN_POINT('',(0.0159381736225946,0.0159294566813817,0.0032));
#14077=CARTESIAN_POINT('',(0.0163952263079005,0.0159294566813817,0.0032));
#14078=CARTESIAN_POINT('',(0.0155241579133063,0.0170862905967321,0.0032));
#14079=CARTESIAN_POINT('',(0.0155241579133063,0.0170862905967321,0.003));
#14080=CARTESIAN_POINT('',(0.0155241579133063,0.0166719879742703,0.0032));
#14081=CARTESIAN_POINT('',(0.0155241579133063,0.0166719879742703,0.003));
#14082=CARTESIAN_POINT('',(0.015593160531521,0.0163756066660965,0.0032));
#14083=CARTESIAN_POINT('',(0.015593160531521,0.0163756066660965,0.003));
#14084=CARTESIAN_POINT('',(0.0157311657679505,0.0161971466722106,0.0032));
#14085=CARTESIAN_POINT('',(0.0157311657679505,0.0161971466722106,0.003));
#14086=CARTESIAN_POINT('',(0.0155241579133063,0.0170862905967321,0.003));
#14087=CARTESIAN_POINT('',(0.0155241579133063,0.0164648366630394,0.003));
#14088=CARTESIAN_POINT('',(0.0157311657679505,0.0161971466722106,0.003));
#14089=CARTESIAN_POINT('',(0.0155241579133063,0.0170862905967321,0.003));
#14090=CARTESIAN_POINT('',(0.0155241579133063,0.0170862905967321,0.0032));
#14091=CARTESIAN_POINT('',(0.0155241579133063,0.0170862905967321,0.0032));
#14092=CARTESIAN_POINT('',(0.0155241579133063,0.0170862905967321,0.0032));
#14093=CARTESIAN_POINT('',(0.0155241579133063,0.0164648366630394,0.0032));
#14094=CARTESIAN_POINT('',(0.0157311657679505,0.0161971466722106,0.0032));
#14095=CARTESIAN_POINT('',(0.0155241579133063,0.0171357831191522,0.0032));
#14096=CARTESIAN_POINT('',(0.0155241579133063,0.0171357831191522,0.003));
#14097=CARTESIAN_POINT('',(0.0155241579133063,0.0171852756415724,0.003));
#14098=CARTESIAN_POINT('',(0.0155241579133063,0.0171852756415724,0.0032));
#14099=CARTESIAN_POINT('',(0.0155241579133063,0.0171852756415724,0.0032));
#14100=CARTESIAN_POINT('',(0.0155241579133063,0.0171357831191522,0.0032));
#14101=CARTESIAN_POINT('',(0.0164310473497709,0.016832249406113,0.0032));
#14102=CARTESIAN_POINT('',(0.0164494528976825,0.0155550349900295,0.0032));
#14103=CARTESIAN_POINT('',(0.0164494528976825,0.0155550349900295,0.0032));
#14104=CARTESIAN_POINT('',(0.0164310473497709,0.016832249406113,0.0032));
#14105=CARTESIAN_POINT('',(0.0159230184915207,0.0156611238024595,0.0032));
#14106=CARTESIAN_POINT('',(0.0159231106809886,0.0156613363207928,0.0032));
#14107=CARTESIAN_POINT('',(0.0173493560662084,0.0159574307157932,0.0032));
#14108=CARTESIAN_POINT('',(0.0173493560662084,0.0159574307157932,0.003));
#14109=CARTESIAN_POINT('',(0.0171333104466006,0.0156891668986174,0.0032));
#14110=CARTESIAN_POINT('',(0.0171333104466006,0.0156891668986174,0.003));
#14111=CARTESIAN_POINT('',(0.0168333427237586,0.0155550349900295,0.0032));
#14112=CARTESIAN_POINT('',(0.0168333427237586,0.0155550349900295,0.003));
#14113=CARTESIAN_POINT('',(0.0164494528976825,0.0155550349900295,0.0032));
#14114=CARTESIAN_POINT('',(0.0164494528976825,0.0155550349900295,0.003));
#14115=CARTESIAN_POINT('',(0.0173493560662084,0.0159574307157932,0.0032));
#14116=CARTESIAN_POINT('',(0.0173493560662084,0.0159574307157932,0.0032));
#14117=CARTESIAN_POINT('',(0.0173493560662084,0.0159574307157932,0.0032));
#14118=CARTESIAN_POINT('',(0.0170252876367967,0.0155550349900295,0.0032));
#14119=CARTESIAN_POINT('',(0.0164494528976825,0.0155550349900295,0.0032));
#14120=CARTESIAN_POINT('',(0.0176734244956201,0.0170862905967321,0.0032));
#14121=CARTESIAN_POINT('',(0.0176734244956201,0.0170862905967321,0.003));
#14122=CARTESIAN_POINT('',(0.0176734244956201,0.0166019811599485,0.0032));
#14123=CARTESIAN_POINT('',(0.0176734244956201,0.0166019811599485,0.003));
#14124=CARTESIAN_POINT('',(0.0175654016858162,0.0162256945329689,0.0032));
#14125=CARTESIAN_POINT('',(0.0175654016858162,0.0162256945329689,0.003));
#14126=CARTESIAN_POINT('',(0.0173493560662084,0.0159574307157932,0.0032));
#14127=CARTESIAN_POINT('',(0.0173493560662084,0.0159574307157932,0.003));
#14128=CARTESIAN_POINT('',(0.0176734244956201,0.0170862905967321,0.0032));
#14129=CARTESIAN_POINT('',(0.0176734244956201,0.0170862905967321,0.0032));
#14130=CARTESIAN_POINT('',(0.0176734244956201,0.0170862905967321,0.0032));
#14131=CARTESIAN_POINT('',(0.0176734244956201,0.0163598264415568,0.0032));
#14132=CARTESIAN_POINT('',(0.0173493560662084,0.0159574307157932,0.0032));
#14133=CARTESIAN_POINT('',(0.0173545205033305,0.0182104164103091,0.0032));
#14134=CARTESIAN_POINT('',(0.0173545205033305,0.0182104164103091,0.003));
#14135=CARTESIAN_POINT('',(0.0175671231648569,0.0179430133326537,0.0032));
#14136=CARTESIAN_POINT('',(0.0175671231648569,0.0179430133326537,0.003));
#14137=CARTESIAN_POINT('',(0.0176734244956201,0.0175683047281281,0.0032));
#14138=CARTESIAN_POINT('',(0.0176734244956201,0.0175683047281281,0.003));
#14139=CARTESIAN_POINT('',(0.0176734244956201,0.0170862905967321,0.0032));
#14140=CARTESIAN_POINT('',(0.0176734244956201,0.0170862905967321,0.003));
#14141=CARTESIAN_POINT('',(0.0173545205033305,0.0182104164103091,0.0032));
#14142=CARTESIAN_POINT('',(0.0173545205033305,0.0182104164103091,0.0032));
#14143=CARTESIAN_POINT('',(0.0173545205033305,0.0182104164103091,0.0032));
#14144=CARTESIAN_POINT('',(0.0176734244956201,0.0178093117938261,0.0032));
#14145=CARTESIAN_POINT('',(0.0176734244956201,0.0170862905967321,0.0032));
#14146=CARTESIAN_POINT('',(0.0164494528976825,0.0186115210267922,0.0032));
#14147=CARTESIAN_POINT('',(0.0164494528976825,0.0186115210267922,0.003));
#14148=CARTESIAN_POINT('',(0.0168402286399214,0.0186115210267922,0.0032));
#14149=CARTESIAN_POINT('',(0.0168402286399214,0.0186115210267922,0.003));
#14150=CARTESIAN_POINT('',(0.0171419178418041,0.0184778194879645,0.0032));
#14151=CARTESIAN_POINT('',(0.0171419178418041,0.0184778194879645,0.003));
#14152=CARTESIAN_POINT('',(0.0173545205033305,0.0182104164103091,0.0032));
#14153=CARTESIAN_POINT('',(0.0173545205033305,0.0182104164103091,0.003));
#14154=CARTESIAN_POINT('',(0.0164494528976825,0.0186115210267922,0.0032));
#14155=CARTESIAN_POINT('',(0.0164494528976825,0.0186115210267922,0.0032));
#14156=CARTESIAN_POINT('',(0.0164494528976825,0.0186115210267922,0.0032));
#14157=CARTESIAN_POINT('',(0.0170356165110409,0.0186115210267922,0.0032));
#14158=CARTESIAN_POINT('',(0.0173545205033305,0.0182104164103091,0.0032));
#14159=CARTESIAN_POINT('',(0.0164227228519846,0.0173902125246682,0.0032));
#14160=CARTESIAN_POINT('',(0.0159248321600293,0.0185039285867484,0.0032));
#14161=CARTESIAN_POINT('',(0.0159248321600293,0.0185039285867484,0.0032));
#14162=CARTESIAN_POINT('',(0.0164227228519846,0.0173902125246682,0.0032));
#14163=CARTESIAN_POINT('',(0.0155241579133063,0.018153607601966,0.0032));
#14164=CARTESIAN_POINT('',(0.0155241579133063,0.018153607601966,0.003));
#14165=CARTESIAN_POINT('',(0.0156389231826863,0.0183154266317919,0.0032));
#14166=CARTESIAN_POINT('',(0.0156389231826863,0.0183154266317919,0.003));
#14167=CARTESIAN_POINT('',(0.0157724812649273,0.018432200293386,0.0032));
#14168=CARTESIAN_POINT('',(0.0157724812649273,0.018432200293386,0.003));
#14169=CARTESIAN_POINT('',(0.0159248321600293,0.0185039285867484,0.0032));
#14170=CARTESIAN_POINT('',(0.0159248321600293,0.0185039285867484,0.003));
#14171=CARTESIAN_POINT('',(0.0155241579133063,0.018153607601966,0.0032));
#14172=CARTESIAN_POINT('',(0.0155241579133063,0.018153607601966,0.0032));
#14173=CARTESIAN_POINT('',(0.0155241579133063,0.018153607601966,0.0032));
#14174=CARTESIAN_POINT('',(0.0156963058173763,0.0183963361467048,0.0032));
#14175=CARTESIAN_POINT('',(0.0159248321600293,0.0185039285867484,0.0032));
#14176=CARTESIAN_POINT('',(0.015513398669302,0.018153607601966,0.0032));
#14177=CARTESIAN_POINT('',(0.0155026394252976,0.018153607601966,0.0032));
#14178=CARTESIAN_POINT('',(0.0155026394252976,0.018153607601966,0.0032));
#14179=CARTESIAN_POINT('',(0.015513398669302,0.018153607601966,0.0032));
#14180=CARTESIAN_POINT('',(0.015471652802565,0.0183554510194881,0.0032));
#14181=CARTESIAN_POINT('',(0.0154406661798324,0.0185572944370101,0.0032));
#14182=CARTESIAN_POINT('',(0.0154406661798324,0.0185572944370101,0.0032));
#14183=CARTESIAN_POINT('',(0.015471652802565,0.0183554510194881,0.0032));
#14184=CARTESIAN_POINT('',(0.0152590501410385,0.0185572944370101,0.0032));
#14185=CARTESIAN_POINT('',(0.0150774341022447,0.0185572944370101,0.0032));
#14186=CARTESIAN_POINT('',(0.0150774341022447,0.0185572944370101,0.0032));
#14187=CARTESIAN_POINT('',(0.0152590501410385,0.0185572944370101,0.0032));
#14188=CARTESIAN_POINT('',(0.0150774341022447,0.0164213693172617,0.0032));
#14189=CARTESIAN_POINT('',(0.0150774341022447,0.0142854441975133,0.0032));
#14190=CARTESIAN_POINT('',(0.0150774341022447,0.0142854441975133,0.0032));
#14191=CARTESIAN_POINT('',(0.0150774341022447,0.0164213693172617,0.0032));
#14192=CARTESIAN_POINT('',(0.0153007960077755,0.0142854441975133,0.0032));
#14193=CARTESIAN_POINT('',(0.0155241579133063,0.0142854441975133,0.0032));
#14194=CARTESIAN_POINT('',(0.0155241579133063,0.0142854441975133,0.0032));
#14195=CARTESIAN_POINT('',(0.0153007960077755,0.0142854441975133,0.0032));
#14196=CARTESIAN_POINT('',(0.0155241579133063,0.0148922655593601,0.0032));
#14197=CARTESIAN_POINT('',(0.0155241579133063,0.0154990869212068,0.0032));
#14198=CARTESIAN_POINT('',(0.0155242357351525,0.0154990872713806,0.0032));
#14199=CARTESIAN_POINT('',(0.0155241579133063,0.0148922655593601,0.0032));
#14200=CARTESIAN_POINT('',(0.0116142600732627,0.0154814936109417,0.0032));
#14201=CARTESIAN_POINT('',(0.0154912975524203,0.0159888477082859,0.0032));
#14202=CARTESIAN_POINT('',(0.015491449811533,0.0159888477082859,0.0032));
#14203=CARTESIAN_POINT('',(0.0116142600732627,0.0154814936109417,0.0032));
#14204=CARTESIAN_POINT('',(0.0155078038624197,0.0159888477082859,0.0032));
#14205=CARTESIAN_POINT('',(0.0155246387084479,0.0159888477082859,0.0032));
#14206=CARTESIAN_POINT('',(0.0155246387084479,0.0159888477082859,0.0032));
#14207=CARTESIAN_POINT('',(0.0155078038624197,0.0159888477082859,0.0032));
#14208=CARTESIAN_POINT('',(0.0163268709472731,0.0165581288997107,0.0032));
#14209=CARTESIAN_POINT('',(0.0163268709472731,0.0165581288997107,0.0032));
#14210=CARTESIAN_POINT('',(0.0157311657679505,0.0179818900676562,0.0032));
#14211=CARTESIAN_POINT('',(0.0157311657679505,0.0179818900676562,0.003));
#14212=CARTESIAN_POINT('',(0.0155966034896024,0.0178151935138818,0.0032));
#14213=CARTESIAN_POINT('',(0.0155966034896024,0.0178151935138818,0.003));
#14214=CARTESIAN_POINT('',(0.0155276008713877,0.0175496553718538,0.0032));
#14215=CARTESIAN_POINT('',(0.0155276008713877,0.0175496553718538,0.003));
#14216=CARTESIAN_POINT('',(0.0155241579133063,0.0171852756415724,0.0032));
#14217=CARTESIAN_POINT('',(0.0155241579133063,0.0171852756415724,0.003));
#14218=CARTESIAN_POINT('',(0.0157311657679505,0.0179818900676562,0.003));
#14219=CARTESIAN_POINT('',(0.0155293223504284,0.0177318452369946,0.003));
#14220=CARTESIAN_POINT('',(0.0155241579133063,0.0171852756415724,0.003));
#14221=CARTESIAN_POINT('',(0.0157311657679505,0.0179818900676562,0.0032));
#14222=CARTESIAN_POINT('',(0.0155293223504284,0.0177318452369946,0.0032));
#14223=CARTESIAN_POINT('',(0.0155241579133063,0.0171852756415724,0.0032));
#14224=CARTESIAN_POINT('',(6.93889390390723E-18,0.00562997284531592,0.0032));
#14225=CARTESIAN_POINT('',(0.,0.00562997284531593,0.003));
#14226=CARTESIAN_POINT('',(0.0168890138376103,0.0139744251089489,0.0032));
#14227=CARTESIAN_POINT('',(0.0126268060770168,0.017118137958985,0.0032));
#14228=CARTESIAN_POINT('',(0.0126268060770168,0.017118137958985,0.0032));
#14229=CARTESIAN_POINT('',(0.0168890138376103,0.0139744251089489,0.0032));
#14230=CARTESIAN_POINT('',(0.012980041143221,0.0175482981199004,0.0032));
#14231=CARTESIAN_POINT('',(0.0129798118911519,0.01754850771916,0.0032));
#14232=CARTESIAN_POINT('',(0.0126170101833243,0.017118137958985,0.0032));
#14233=CARTESIAN_POINT('',(0.0126058933569508,0.017118137958985,0.0032));
#14234=CARTESIAN_POINT('',(0.01260625093932,0.017118137958985,0.0032));
#14235=CARTESIAN_POINT('',(0.0126170101833243,0.017118137958985,0.0032));
#14236=CARTESIAN_POINT('',(0.0048837405535066,0.017724845317088,0.0032));
#14237=CARTESIAN_POINT('',(0.0126277694273287,0.0175751906442908,0.0032));
#14238=CARTESIAN_POINT('',(0.0126280068698191,0.0175751860556744,0.00319999975));
#14239=CARTESIAN_POINT('',(0.0048837405535066,0.017724845317088,0.0032));
#14240=CARTESIAN_POINT('',(0.0126277694273287,0.0186851142557821,0.0032));
#14241=CARTESIAN_POINT('',(0.0126277694273287,0.0197950378672734,0.0032));
#14242=CARTESIAN_POINT('',(0.0126277694273287,0.0197950378672734,0.0032));
#14243=CARTESIAN_POINT('',(0.0126277694273287,0.0186851142557821,0.0032));
#14244=CARTESIAN_POINT('',(0.012406989740359,0.0197950378672734,0.0032));
#14245=CARTESIAN_POINT('',(0.0121862100533892,0.0197950378672734,0.0032));
#14246=CARTESIAN_POINT('',(0.0121862100533892,0.0197950378672734,0.0032));
#14247=CARTESIAN_POINT('',(0.012406989740359,0.0197950378672734,0.0032));
#14248=CARTESIAN_POINT('',(0.0121862100533892,0.0177021497235425,0.0032));
#14249=CARTESIAN_POINT('',(0.0121862100533892,0.0156092615798116,0.0032));
#14250=CARTESIAN_POINT('',(0.0121862100533892,0.0156092615798116,0.0032));
#14251=CARTESIAN_POINT('',(0.0121862100533892,0.0177021497235425,0.0032));
#14252=CARTESIAN_POINT('',(0.012406989740359,0.0156092615798115,0.0032));
#14253=CARTESIAN_POINT('',(0.0126277694273287,0.0156092615798115,0.0032));
#14254=CARTESIAN_POINT('',(0.0126277694273287,0.0156092615798115,0.0032));
#14255=CARTESIAN_POINT('',(0.012406989740359,0.0156092615798115,0.0032));
#14256=CARTESIAN_POINT('',(0.0126277694273287,0.0161605652425957,0.0032));
#14257=CARTESIAN_POINT('',(0.0126277694273287,0.0167118689053798,0.0032));
#14258=CARTESIAN_POINT('',(0.0126277694273287,0.0167118689053798,0.0032));
#14259=CARTESIAN_POINT('',(0.0126277694273287,0.0161605652425957,0.0032));
#14260=CARTESIAN_POINT('',(0.012795613633797,0.016857333884319,0.0032));
#14261=CARTESIAN_POINT('',(0.0129634578402652,0.0170027988632582,0.0032));
#14262=CARTESIAN_POINT('',(0.0129634578402652,0.0170027988632582,0.0032));
#14263=CARTESIAN_POINT('',(0.012795613633797,0.016857333884319,0.0032));
#14264=CARTESIAN_POINT('',(0.0134842052500769,0.0163060302215348,0.0032));
#14265=CARTESIAN_POINT('',(0.0140049526598886,0.0156092615798115,0.0032));
#14266=CARTESIAN_POINT('',(0.0140049526598886,0.0156092615798115,0.0032));
#14267=CARTESIAN_POINT('',(0.0134842052500769,0.0163060302215348,0.0032));
#14268=CARTESIAN_POINT('',(0.0142752248692785,0.0156092615798115,0.0032));
#14269=CARTESIAN_POINT('',(0.0145454970786684,0.0156092615798115,0.0032));
#14270=CARTESIAN_POINT('',(0.0145454970786684,0.0156092615798115,0.0032));
#14271=CARTESIAN_POINT('',(0.0142752248692785,0.0156092615798115,0.0032));
#14272=CARTESIAN_POINT('',(0.0139063979848086,0.0164553685283156,0.0032));
#14273=CARTESIAN_POINT('',(0.0132672988909487,0.0173014754768196,0.0032));
#14274=CARTESIAN_POINT('',(0.0132672988909487,0.0173014754768196,0.0032));
#14275=CARTESIAN_POINT('',(0.0139063979848086,0.0164553685283156,0.0032));
#14276=CARTESIAN_POINT('',(0.0138646521180716,0.0179293849569148,0.0032));
#14277=CARTESIAN_POINT('',(0.0144620053451945,0.0185572944370101,0.0032));
#14278=CARTESIAN_POINT('',(0.0144620053451945,0.0185572944370101,0.0032));
#14279=CARTESIAN_POINT('',(0.0138646521180716,0.0179293849569148,0.0032));
#14280=CARTESIAN_POINT('',(0.0141968975729267,0.0185572944370101,0.0032));
#14281=CARTESIAN_POINT('',(0.0139317898006589,0.0185572944370101,0.0032));
#14282=CARTESIAN_POINT('',(0.0139317898006589,0.0185572944370101,0.0032));
#14283=CARTESIAN_POINT('',(0.0141968975729267,0.0185572944370101,0.0032));
#14284=CARTESIAN_POINT('',(0.0134558008459054,0.0180529010780851,0.0032));
#14285=CARTESIAN_POINT('',(0.0134558008459054,0.0180529010780851,0.0032));
#14286=CARTESIAN_POINT('',(6.93889390390723E-18,0.00562997284531592,0.0032));
#14287=CARTESIAN_POINT('',(0.010741889138242,0.0155550349900295,0.0032));
#14288=CARTESIAN_POINT('',(0.010741889138242,0.0155550349900295,0.003));
#14289=CARTESIAN_POINT('',(0.0103149623361484,0.0155550349900295,0.0032));
#14290=CARTESIAN_POINT('',(0.0103149623361484,0.0155550349900295,0.003));
#14291=CARTESIAN_POINT('',(0.00998443836033402,0.0156864412234696,0.0032));
#14292=CARTESIAN_POINT('',(0.00998443836033402,0.0156864412234696,0.003));
#14293=CARTESIAN_POINT('',(0.00975031721079883,0.0159492536903498,0.0032));
#14294=CARTESIAN_POINT('',(0.00975031721079883,0.0159492536903498,0.003));
#14295=CARTESIAN_POINT('',(0.010741889138242,0.0155550349900295,0.0032));
#14296=CARTESIAN_POINT('',(0.010741889138242,0.0155550349900295,0.0032));
#14297=CARTESIAN_POINT('',(0.010741889138242,0.0155550349900295,0.0032));
#14298=CARTESIAN_POINT('',(0.0101014989351016,0.0155550349900295,0.0032));
#14299=CARTESIAN_POINT('',(0.00975031721079883,0.0159492536903498,0.0032));
#14300=CARTESIAN_POINT('',(0.00975031721079883,0.0159492536903498,0.0032));
#14301=CARTESIAN_POINT('',(0.00975031721079883,0.0159492536903498,0.0032));
#14302=CARTESIAN_POINT('',(0.0114864288233447,0.0157091073641721,0.0032));
#14303=CARTESIAN_POINT('',(0.0114864288233447,0.0157091073641721,0.003));
#14304=CARTESIAN_POINT('',(0.011289606386358,0.0156063924480771,0.0032));
#14305=CARTESIAN_POINT('',(0.011289606386358,0.0156063924480771,0.003));
#14306=CARTESIAN_POINT('',(0.0110414264913238,0.0155550349900295,0.0032));
#14307=CARTESIAN_POINT('',(0.0110414264913238,0.0155550349900295,0.003));
#14308=CARTESIAN_POINT('',(0.010741889138242,0.0155550349900295,0.0032));
#14309=CARTESIAN_POINT('',(0.010741889138242,0.0155550349900295,0.003));
#14310=CARTESIAN_POINT('',(0.0114864288233447,0.0157091073641721,0.0032));
#14311=CARTESIAN_POINT('',(0.0114864288233447,0.0157091073641721,0.0032));
#14312=CARTESIAN_POINT('',(0.0114864288233447,0.0157091073641721,0.0032));
#14313=CARTESIAN_POINT('',(0.0111911951678646,0.0155550349900295,0.0032));
#14314=CARTESIAN_POINT('',(0.010741889138242,0.0155550349900295,0.0032));
#14315=CARTESIAN_POINT('',(0.0114864288233447,0.0159066470840925,0.0032));
#14316=CARTESIAN_POINT('',(0.0114864288233447,0.0161051386943443,0.0032));
#14317=CARTESIAN_POINT('',(0.0114864288233447,0.0161041868040128,0.0032));
#14318=CARTESIAN_POINT('',(0.0114864288233447,0.0159066470840925,0.0032));
#14319=CARTESIAN_POINT('',(0.0107035241511582,0.0179366488028867,0.0032));
#14320=CARTESIAN_POINT('',(0.0107306995244774,0.0159458107322684,0.0032));
#14321=CARTESIAN_POINT('',(0.0107306995244774,0.0159458107322684,0.0032));
#14322=CARTESIAN_POINT('',(0.0107035241511582,0.0179366488028867,0.0032));
#14323=CARTESIAN_POINT('',(0.0100812715563734,0.0162363103203865,0.0032));
#14324=CARTESIAN_POINT('',(0.0100812715563734,0.0162363103203865,0.003));
#14325=CARTESIAN_POINT('',(0.0102273103616594,0.0160426439283078,0.0032));
#14326=CARTESIAN_POINT('',(0.0102273103616594,0.0160426439283078,0.003));
#14327=CARTESIAN_POINT('',(0.0104437863510274,0.0159458107322684,0.0032));
#14328=CARTESIAN_POINT('',(0.0104437863510274,0.0159458107322684,0.003));
#14329=CARTESIAN_POINT('',(0.0107306995244774,0.0159458107322684,0.0032));
#14330=CARTESIAN_POINT('',(0.0107306995244774,0.0159458107322684,0.003));
#14331=CARTESIAN_POINT('',(0.0100812715563734,0.0162363103203865,0.0032));
#14332=CARTESIAN_POINT('',(0.0100812715563734,0.0162363103203865,0.0032));
#14333=CARTESIAN_POINT('',(0.0100812715563734,0.0162363103203865,0.0032));
#14334=CARTESIAN_POINT('',(0.0103003297643024,0.0159458107322684,0.0032));
#14335=CARTESIAN_POINT('',(0.0107306995244774,0.0159458107322684,0.0032));
#14336=CARTESIAN_POINT('',(0.00986221334844432,0.0170699365458454,0.0032));
#14337=CARTESIAN_POINT('',(0.00986221334844432,0.0170699365458454,0.003));
#14338=CARTESIAN_POINT('',(0.00986221334844432,0.0167078521209516,0.0032));
#14339=CARTESIAN_POINT('',(0.00986221334844432,0.0167078521209516,0.003));
#14340=CARTESIAN_POINT('',(0.00993523275108735,0.0164299767124652,0.0032));
#14341=CARTESIAN_POINT('',(0.00993523275108735,0.0164299767124652,0.003));
#14342=CARTESIAN_POINT('',(0.0100812715563734,0.0162363103203865,0.0032));
#14343=CARTESIAN_POINT('',(0.0100812715563734,0.0162363103203865,0.003));
#14344=CARTESIAN_POINT('',(0.00986221334844432,0.0170699365458454,0.0032));
#14345=CARTESIAN_POINT('',(0.00986221334844432,0.0170699365458454,0.0032));
#14346=CARTESIAN_POINT('',(0.00986221334844432,0.0170699365458454,0.0032));
#14347=CARTESIAN_POINT('',(0.00986221334844432,0.0165268099085046,0.0032));
#14348=CARTESIAN_POINT('',(0.0100812715563734,0.0162363103203865,0.0032));
#14349=CARTESIAN_POINT('',(0.0107608254076897,0.0182155808474312,0.0032));
#14350=CARTESIAN_POINT('',(0.0107608254076897,0.0182155808474312,0.003));
#14351=CARTESIAN_POINT('',(0.0101617507015261,0.0182155808474312,0.0032));
#14352=CARTESIAN_POINT('',(0.0101617507015261,0.0182155808474312,0.003));
#14353=CARTESIAN_POINT('',(0.00986221334844432,0.0178336994135693,0.0032));
#14354=CARTESIAN_POINT('',(0.00986221334844432,0.0178336994135693,0.003));
#14355=CARTESIAN_POINT('',(0.00986221334844432,0.0170699365458454,0.0032));
#14356=CARTESIAN_POINT('',(0.00986221334844432,0.0170699365458454,0.003));
#14357=CARTESIAN_POINT('',(0.0107608254076897,0.0182155808474312,0.0032));
#14358=CARTESIAN_POINT('',(0.0107608254076897,0.0182155808474312,0.0032));
#14359=CARTESIAN_POINT('',(0.0107608254076897,0.0182155808474312,0.0032));
#14360=CARTESIAN_POINT('',(0.00986221334844432,0.0182155808474312,0.0032));
#14361=CARTESIAN_POINT('',(0.00986221334844432,0.0170699365458454,0.0032));
#14362=CARTESIAN_POINT('',(0.0107308315554511,0.0167550573869475,0.0032));
#14363=CARTESIAN_POINT('',(0.0110698308954953,0.0181768475690155,0.0032));
#14364=CARTESIAN_POINT('',(0.0110697854577346,0.0181766590531542,0.0032));
#14365=CARTESIAN_POINT('',(0.0107308315554511,0.0167550573869475,0.0032));
#14366=CARTESIAN_POINT('',(0.010632175333209,0.0161515539580362,0.0032));
#14367=CARTESIAN_POINT('',(0.011392654456992,0.0180788512240319,0.0032));
#14368=CARTESIAN_POINT('',(0.0113926544563031,0.0180788512237208,0.0032));
#14369=CARTESIAN_POINT('',(0.010632175333209,0.0161515539580362,0.0032));
#14370=CARTESIAN_POINT('',(0.0114610370074944,0.0182680859581726,0.0032));
#14371=CARTESIAN_POINT('',(0.0115297863803187,0.0184583357949193,0.0032));
#14372=CARTESIAN_POINT('',(0.0115297863803187,0.0184583357949193,0.0032));
#14373=CARTESIAN_POINT('',(0.0114610370074944,0.0182680859581726,0.0032));
#14374=CARTESIAN_POINT('',(0.0109327306253903,0.0171620482459518,0.0032));
#14375=CARTESIAN_POINT('',(0.0111963596049867,0.0185654714624535,0.0032));
#14376=CARTESIAN_POINT('',(0.011196291196087,0.0185650814286109,0.0032));
#14377=CARTESIAN_POINT('',(0.0109327306253903,0.0171620482459518,0.0032));
#14378=CARTESIAN_POINT('',(0.0107688909680138,0.0166084035807877,0.0032));
#14379=CARTESIAN_POINT('',(0.0107711542819339,0.0186115210267922,0.0032));
#14380=CARTESIAN_POINT('',(0.0107711542819339,0.0186115210267922,0.0032));
#14381=CARTESIAN_POINT('',(0.0107688909680138,0.0166084035807877,0.0032));
#14382=CARTESIAN_POINT('',(0.00975591201768111,0.0182078341917481,0.0032));
#14383=CARTESIAN_POINT('',(0.00975591201768111,0.0182078341917481,0.003));
#14384=CARTESIAN_POINT('',(0.00999376303847114,0.0184769587484442,0.0032));
#14385=CARTESIAN_POINT('',(0.00999376303847114,0.0184769587484442,0.003));
#14386=CARTESIAN_POINT('',(0.0103321771265554,0.0186115210267922,0.0032));
#14387=CARTESIAN_POINT('',(0.0103321771265554,0.0186115210267922,0.003));
#14388=CARTESIAN_POINT('',(0.0107711542819339,0.0186115210267922,0.0032));
#14389=CARTESIAN_POINT('',(0.0107711542819339,0.0186115210267922,0.003));
#14390=CARTESIAN_POINT('',(0.00975591201768111,0.0182078341917481,0.0032));
#14391=CARTESIAN_POINT('',(0.00975591201768111,0.0182078341917481,0.0032));
#14392=CARTESIAN_POINT('',(0.00975591201768111,0.0182078341917481,0.0032));
#14393=CARTESIAN_POINT('',(0.0101126885488662,0.0186115210267922,0.0032));
#14394=CARTESIAN_POINT('',(0.0107711542819339,0.0186115210267922,0.0032));
#14395=CARTESIAN_POINT('',(0.00939913548649605,0.0170647721087233,0.0032));
#14396=CARTESIAN_POINT('',(0.00939913548649605,0.0170647721087233,0.003));
#14397=CARTESIAN_POINT('',(0.00939913548649605,0.0175576889407104,0.0032));
#14398=CARTESIAN_POINT('',(0.00939913548649605,0.0175576889407104,0.003));
#14399=CARTESIAN_POINT('',(0.00951806099689107,0.017938709635052,0.0032));
#14400=CARTESIAN_POINT('',(0.00951806099689107,0.017938709635052,0.003));
#14401=CARTESIAN_POINT('',(0.00975591201768111,0.0182078341917481,0.0032));
#14402=CARTESIAN_POINT('',(0.00975591201768111,0.0182078341917481,0.003));
#14403=CARTESIAN_POINT('',(0.00939913548649605,0.0170647721087233,0.0032));
#14404=CARTESIAN_POINT('',(0.00939913548649605,0.0170647721087233,0.0032));
#14405=CARTESIAN_POINT('',(0.00939913548649605,0.0170647721087233,0.0032));
#14406=CARTESIAN_POINT('',(0.00939913548649605,0.017804147356704,0.0032));
#14407=CARTESIAN_POINT('',(0.00975591201768111,0.0182078341917481,0.0032));
#14408=CARTESIAN_POINT('',(0.00975031721079883,0.0159492536903498,0.0032));
#14409=CARTESIAN_POINT('',(0.00975031721079883,0.0159492536903498,0.003));
#14410=CARTESIAN_POINT('',(0.00951619606126364,0.01621206615723,0.0032));
#14411=CARTESIAN_POINT('',(0.00951619606126364,0.01621206615723,0.003));
#14412=CARTESIAN_POINT('',(0.00939913548649605,0.0165839056300212,0.0032));
#14413=CARTESIAN_POINT('',(0.00939913548649605,0.0165839056300212,0.003));
#14414=CARTESIAN_POINT('',(0.00939913548649605,0.0170647721087233,0.0032));
#14415=CARTESIAN_POINT('',(0.00939913548649605,0.0170647721087233,0.003));
#14416=CARTESIAN_POINT('',(0.00975031721079883,0.0159492536903498,0.0032));
#14417=CARTESIAN_POINT('',(0.00939913548649605,0.0163434723906701,0.0032));
#14418=CARTESIAN_POINT('',(0.00939913548649605,0.0170647721087233,0.0032));
#14419=CARTESIAN_POINT('',(6.93889390390723E-18,0.00562997284531592,0.0032));
#14420=CARTESIAN_POINT('',(0.00730409549396426,0.0159242922442597,0.0032));
#14421=CARTESIAN_POINT('',(0.00730409549396426,0.0159242922442597,0.003));
#14422=CARTESIAN_POINT('',(0.00758240127221075,0.0159242922442597,0.0032));
#14423=CARTESIAN_POINT('',(0.00758240127221075,0.0159242922442597,0.003));
#14424=CARTESIAN_POINT('',(0.00780088565379291,0.0160004676918106,0.0032));
#14425=CARTESIAN_POINT('',(0.00780088565379291,0.0160004676918106,0.003));
#14426=CARTESIAN_POINT('',(0.00795954863871076,0.0161528185869125,0.0032));
#14427=CARTESIAN_POINT('',(0.00795954863871076,0.0161528185869125,0.003));
#14428=CARTESIAN_POINT('',(0.00730409549396426,0.0159242922442597,0.003));
#14429=CARTESIAN_POINT('',(0.00772155416133399,0.0159242922442597,0.003));
#14430=CARTESIAN_POINT('',(0.00795954863871076,0.0161528185869125,0.003));
#14431=CARTESIAN_POINT('',(0.00730409549396426,0.0159242922442597,0.003));
#14432=CARTESIAN_POINT('',(0.00795954863871076,0.0161528185869125,0.003));
#14433=CARTESIAN_POINT('',(0.00730409549396426,0.0159242922442597,0.0032));
#14434=CARTESIAN_POINT('',(0.00730409549396426,0.0159242922442597,0.0032));
#14435=CARTESIAN_POINT('',(0.00730409549396426,0.0159242922442597,0.0032));
#14436=CARTESIAN_POINT('',(0.00772155416133399,0.0159242922442597,0.0032));
#14437=CARTESIAN_POINT('',(0.00795954863871076,0.0161528185869125,0.0032));
#14438=CARTESIAN_POINT('',(0.00795954863871076,0.0161528185869125,0.0032));
#14439=CARTESIAN_POINT('',(0.00795954863871076,0.0161528185869125,0.0032));
#14440=CARTESIAN_POINT('',(0.00689438348227769,0.0160503905839909,0.0032));
#14441=CARTESIAN_POINT('',(0.00689438348227769,0.0160503905839909,0.003));
#14442=CARTESIAN_POINT('',(0.00699193396125068,0.0159663250241701,0.0032));
#14443=CARTESIAN_POINT('',(0.00699193396125068,0.0159663250241701,0.003));
#14444=CARTESIAN_POINT('',(0.00712850463181287,0.0159242922442597,0.0032));
#14445=CARTESIAN_POINT('',(0.00712850463181287,0.0159242922442597,0.003));
#14446=CARTESIAN_POINT('',(0.00730409549396426,0.0159242922442597,0.0032));
#14447=CARTESIAN_POINT('',(0.00730409549396426,0.0159242922442597,0.003));
#14448=CARTESIAN_POINT('',(0.00689438348227769,0.0160503905839909,0.003));
#14449=CARTESIAN_POINT('',(0.00704070920073718,0.0159242922442597,0.003));
#14450=CARTESIAN_POINT('',(0.00730409549396426,0.0159242922442597,0.003));
#14451=CARTESIAN_POINT('',(0.00689438348227769,0.0160503905839909,0.003));
#14452=CARTESIAN_POINT('',(0.00689438348227769,0.0160503905839909,0.0032));
#14453=CARTESIAN_POINT('',(0.00689438348227769,0.0160503905839909,0.0032));
#14454=CARTESIAN_POINT('',(0.00689438348227769,0.0160503905839909,0.0032));
#14455=CARTESIAN_POINT('',(0.00704070920073718,0.0159242922442597,0.0032));
#14456=CARTESIAN_POINT('',(0.00730409549396426,0.0159242922442597,0.0032));
#14457=CARTESIAN_POINT('',(0.00674805776381819,0.0164192174684609,0.0032));
#14458=CARTESIAN_POINT('',(0.00674805776381819,0.0164192174684609,0.003));
#14459=CARTESIAN_POINT('',(0.00674805776381819,0.0162573984386351,0.0032));
#14460=CARTESIAN_POINT('',(0.00674805776381819,0.0162573984386351,0.003));
#14461=CARTESIAN_POINT('',(0.00679683300330469,0.0161344561438118,0.0032));
#14462=CARTESIAN_POINT('',(0.00679683300330469,0.0161344561438118,0.003));
#14463=CARTESIAN_POINT('',(0.00689438348227769,0.0160503905839909,0.0032));
#14464=CARTESIAN_POINT('',(0.00689438348227769,0.0160503905839909,0.003));
#14465=CARTESIAN_POINT('',(0.00674805776381819,0.0164192174684609,0.003));
#14466=CARTESIAN_POINT('',(0.00674805776381819,0.0161764889237222,0.003));
#14467=CARTESIAN_POINT('',(0.00689438348227769,0.0160503905839909,0.003));
#14468=CARTESIAN_POINT('',(0.00674805776381819,0.0164192174684609,0.003));
#14469=CARTESIAN_POINT('',(0.00674805776381819,0.0164192174684609,0.0032));
#14470=CARTESIAN_POINT('',(0.00674805776381819,0.0164192174684609,0.0032));
#14471=CARTESIAN_POINT('',(0.00674805776381819,0.0164192174684609,0.0032));
#14472=CARTESIAN_POINT('',(0.00674805776381819,0.0161764889237222,0.0032));
#14473=CARTESIAN_POINT('',(0.00689438348227769,0.0160503905839909,0.0032));
#14474=CARTESIAN_POINT('',(0.00698303965287373,0.0168749790444862,0.0032));
#14475=CARTESIAN_POINT('',(0.00698303965287373,0.0168749790444862,0.003));
#14476=CARTESIAN_POINT('',(0.00682638506017004,0.0167771416523397,0.0032));
#14477=CARTESIAN_POINT('',(0.00682638506017004,0.0167771416523397,0.003));
#14478=CARTESIAN_POINT('',(0.00674805776381819,0.016625221126998,0.0032));
#14479=CARTESIAN_POINT('',(0.00674805776381819,0.016625221126998,0.003));
#14480=CARTESIAN_POINT('',(0.00674805776381819,0.0164192174684609,0.0032));
#14481=CARTESIAN_POINT('',(0.00674805776381819,0.0164192174684609,0.003));
#14482=CARTESIAN_POINT('',(0.00698303965287373,0.0168749790444862,0.003));
#14483=CARTESIAN_POINT('',(0.00674805776381819,0.0167282229562665,0.003));
#14484=CARTESIAN_POINT('',(0.00674805776381819,0.0164192174684609,0.003));
#14485=CARTESIAN_POINT('',(0.00698303965287373,0.0168749790444862,0.003));
#14486=CARTESIAN_POINT('',(0.00698303965287373,0.0168749790444862,0.0032));
#14487=CARTESIAN_POINT('',(0.00698303965287373,0.0168749790444862,0.0032));
#14488=CARTESIAN_POINT('',(0.00698303965287373,0.0168749790444862,0.0032));
#14489=CARTESIAN_POINT('',(0.00674805776381819,0.0167282229562665,0.0032));
#14490=CARTESIAN_POINT('',(0.00674805776381819,0.0164192174684609,0.0032));
#14491=CARTESIAN_POINT('',(0.00775081930502589,0.0170406714021536,0.0032));
#14492=CARTESIAN_POINT('',(0.00775081930502589,0.0170406714021536,0.003));
#14493=CARTESIAN_POINT('',(0.00739562079629481,0.0170280472225217,0.0032));
#14494=CARTESIAN_POINT('',(0.00739562079629481,0.0170280472225217,0.003));
#14495=CARTESIAN_POINT('',(0.00713969424557742,0.0169728164366326,0.0032));
#14496=CARTESIAN_POINT('',(0.00713969424557742,0.0169728164366326,0.003));
#14497=CARTESIAN_POINT('',(0.00698303965287373,0.0168749790444862,0.0032));
#14498=CARTESIAN_POINT('',(0.00698303965287373,0.0168749790444862,0.003));
#14499=CARTESIAN_POINT('',(0.00775081930502589,0.0170406714021536,0.003));
#14500=CARTESIAN_POINT('',(0.00721802154192927,0.0170217351327058,0.003));
#14501=CARTESIAN_POINT('',(0.00698303965287373,0.0168749790444862,0.003));
#14502=CARTESIAN_POINT('',(0.00775081930502589,0.0170406714021536,0.003));
#14503=CARTESIAN_POINT('',(0.00775081930502589,0.0170406714021536,0.0032));
#14504=CARTESIAN_POINT('',(0.00775081930502589,0.0170406714021536,0.0032));
#14505=CARTESIAN_POINT('',(0.00775081930502589,0.0170406714021536,0.0032));
#14506=CARTESIAN_POINT('',(0.00721802154192927,0.0170217351327058,0.0032));
#14507=CARTESIAN_POINT('',(0.00698303965287373,0.0168749790444862,0.0032));
#14508=CARTESIAN_POINT('',(0.0079741812105567,0.0170497091671172,0.0032));
#14509=CARTESIAN_POINT('',(0.0079741812105567,0.0170497091671172,0.003));
#14510=CARTESIAN_POINT('',(0.00819754311608752,0.0170587469320809,0.003));
#14511=CARTESIAN_POINT('',(0.00819754311608752,0.0170587469320809,0.0032));
#14512=CARTESIAN_POINT('',(0.00819754311608752,0.0170587469320809,0.0032));
#14513=CARTESIAN_POINT('',(0.0079741812105567,0.0170497091671172,0.0032));
#14514=CARTESIAN_POINT('',(0.00819754311608752,0.0169257626761869,0.0032));
#14515=CARTESIAN_POINT('',(0.00819754311608752,0.0169257626761869,0.003));
#14516=CARTESIAN_POINT('',(0.00819754311608752,0.0167927784202927,0.003));
#14517=CARTESIAN_POINT('',(0.00819754311608752,0.0167927784202927,0.0032));
#14518=CARTESIAN_POINT('',(0.00819754311608752,0.0167927784202927,0.0032));
#14519=CARTESIAN_POINT('',(0.00819754311608752,0.0169257626761869,0.0032));
#14520=CARTESIAN_POINT('',(0.00826855412651639,0.0158192820227769,0.0032));
#14521=CARTESIAN_POINT('',(0.00831288221181441,0.0156092615798115,0.0032));
#14522=CARTESIAN_POINT('',(0.00831288221181441,0.0156092615798115,0.0032));
#14523=CARTESIAN_POINT('',(0.00826855412651639,0.0158192820227769,0.0032));
#14524=CARTESIAN_POINT('',(0.00822422604121836,0.0160293024657423,0.0032));
#14525=CARTESIAN_POINT('',(0.00822422604121836,0.0160293024657423,0.0032));
#14526=CARTESIAN_POINT('',(0.00847857456948177,0.0156092615798115,0.0032));
#14527=CARTESIAN_POINT('',(0.00864426692714914,0.0156092615798115,0.0032));
#14528=CARTESIAN_POINT('',(0.00864426692714914,0.0156092615798115,0.0032));
#14529=CARTESIAN_POINT('',(0.00847857456948177,0.0156092615798115,0.0032));
#14530=CARTESIAN_POINT('',(0.00864426692714914,0.0166154660791007,0.0032));
#14531=CARTESIAN_POINT('',(0.00864426692714914,0.0176216705783898,0.0032));
#14532=CARTESIAN_POINT('',(0.00864426692714914,0.0176216705783898,0.0032));
#14533=CARTESIAN_POINT('',(0.00864426692714914,0.0166154660791007,0.0032));
#14534=CARTESIAN_POINT('',(0.00838991839888573,0.0183718050703747,0.0032));
#14535=CARTESIAN_POINT('',(0.00838991839888573,0.0183718050703747,0.003));
#14536=CARTESIAN_POINT('',(0.00855948408439467,0.0182160112171914,0.0032));
#14537=CARTESIAN_POINT('',(0.00855948408439467,0.0182160112171914,0.003));
#14538=CARTESIAN_POINT('',(0.00864426692714914,0.0179659663865297,0.0032));
#14539=CARTESIAN_POINT('',(0.00864426692714914,0.0179659663865297,0.003));
#14540=CARTESIAN_POINT('',(0.00864426692714914,0.0176216705783898,0.0032));
#14541=CARTESIAN_POINT('',(0.00864426692714914,0.0176216705783898,0.003));
#14542=CARTESIAN_POINT('',(0.00838991839888573,0.0183718050703747,0.0032));
#14543=CARTESIAN_POINT('',(0.00838991839888573,0.0183718050703747,0.0032));
#14544=CARTESIAN_POINT('',(0.00838991839888573,0.0183718050703747,0.0032));
#14545=CARTESIAN_POINT('',(0.00864426692714914,0.0181381142905997,0.0032));
#14546=CARTESIAN_POINT('',(0.00864426692714914,0.0176216705783898,0.0032));
#14547=CARTESIAN_POINT('',(0.00760879728416815,0.0186054958501497,0.0032));
#14548=CARTESIAN_POINT('',(0.00760879728416815,0.0186054958501497,0.003));
#14549=CARTESIAN_POINT('',(0.00795997900847093,0.0186054958501497,0.0032));
#14550=CARTESIAN_POINT('',(0.00795997900847093,0.0186054958501497,0.003));
#14551=CARTESIAN_POINT('',(0.00822035271337679,0.0185275989235581,0.0032));
#14552=CARTESIAN_POINT('',(0.00822035271337679,0.0185275989235581,0.003));
#14553=CARTESIAN_POINT('',(0.00838991839888573,0.0183718050703747,0.0032));
#14554=CARTESIAN_POINT('',(0.00838991839888573,0.0183718050703747,0.003));
#14555=CARTESIAN_POINT('',(0.00760879728416815,0.0186054958501497,0.0032));
#14556=CARTESIAN_POINT('',(0.00760879728416815,0.0186054958501497,0.0032));
#14557=CARTESIAN_POINT('',(0.00760879728416815,0.0186054958501497,0.0032));
#14558=CARTESIAN_POINT('',(0.00813556987062232,0.0186054958501497,0.0032));
#14559=CARTESIAN_POINT('',(0.00838991839888573,0.0183718050703747,0.0032));
#14560=CARTESIAN_POINT('',(0.00761144904446768,0.0165327121491144,0.00320000000000003));
#14561=CARTESIAN_POINT('',(0.00708761950459625,0.0185383581675625,0.0032));
#14562=CARTESIAN_POINT('',(0.0070876465204369,0.0185382526104475,0.0032));
#14563=CARTESIAN_POINT('',(0.00761144904446768,0.0165327121491144,0.0032));
#14564=CARTESIAN_POINT('',(0.00760315965679179,0.0164959228441881,0.0032));
#14565=CARTESIAN_POINT('',(0.00661026206540791,0.0183534911577888,0.0032));
#14566=CARTESIAN_POINT('',(0.00661026206540791,0.0183534911577888,0.0032));
#14567=CARTESIAN_POINT('',(0.00760315965679179,0.0164959228441881,0.0032));
#14568=CARTESIAN_POINT('',(0.0066791986021902,0.0181824423758978,0.0032));
#14569=CARTESIAN_POINT('',(0.00674805776381819,0.0180115855811083,0.0032));
#14570=CARTESIAN_POINT('',(0.00674805776381819,0.0180115855811083,0.0032));
#14571=CARTESIAN_POINT('',(0.0066791986021902,0.0181824423758978,0.0032));
#14572=CARTESIAN_POINT('',(0.00758125361951695,0.01823709933544,0.0032));
#14573=CARTESIAN_POINT('',(0.00758125361951695,0.01823709933544,0.003));
#14574=CARTESIAN_POINT('',(0.00733565594304376,0.01823709933544,0.0032));
#14575=CARTESIAN_POINT('',(0.00733565594304376,0.01823709933544,0.003));
#14576=CARTESIAN_POINT('',(0.00705792399114418,0.0181619280839961,0.0032));
#14577=CARTESIAN_POINT('',(0.00705792399114418,0.0181619280839961,0.003));
#14578=CARTESIAN_POINT('',(0.00674805776381819,0.0180115855811083,0.0032));
#14579=CARTESIAN_POINT('',(0.00674805776381819,0.0180115855811083,0.003));
#14580=CARTESIAN_POINT('',(0.00758125361951695,0.01823709933544,0.0032));
#14581=CARTESIAN_POINT('',(0.00758125361951695,0.01823709933544,0.0032));
#14582=CARTESIAN_POINT('',(0.00758125361951695,0.01823709933544,0.0032));
#14583=CARTESIAN_POINT('',(0.00721285710480717,0.01823709933544,0.0032));
#14584=CARTESIAN_POINT('',(0.00674805776381819,0.0180115855811083,0.0032));
#14585=CARTESIAN_POINT('',(0.00805896405331117,0.0180718373475328,0.0032));
#14586=CARTESIAN_POINT('',(0.00805896405331117,0.0180718373475328,0.003));
#14587=CARTESIAN_POINT('',(0.00795969209529748,0.0181820120061376,0.0032));
#14588=CARTESIAN_POINT('',(0.00795969209529748,0.0181820120061376,0.003));
#14589=CARTESIAN_POINT('',(0.00780045528403274,0.01823709933544,0.0032));
#14590=CARTESIAN_POINT('',(0.00780045528403274,0.01823709933544,0.003));
#14591=CARTESIAN_POINT('',(0.00758125361951695,0.01823709933544,0.0032));
#14592=CARTESIAN_POINT('',(0.00758125361951695,0.01823709933544,0.003));
#14593=CARTESIAN_POINT('',(0.00805896405331117,0.0180718373475328,0.0032));
#14594=CARTESIAN_POINT('',(0.00805896405331117,0.0180718373475328,0.0032));
#14595=CARTESIAN_POINT('',(0.00805896405331117,0.0180718373475328,0.0032));
#14596=CARTESIAN_POINT('',(0.00791005611629063,0.01823709933544,0.0032));
#14597=CARTESIAN_POINT('',(0.00758125361951695,0.01823709933544,0.0032));
#14598=CARTESIAN_POINT('',(0.00820787199033172,0.0175596973329245,0.0032));
#14599=CARTESIAN_POINT('',(0.00820787199033172,0.0175596973329245,0.003));
#14600=CARTESIAN_POINT('',(0.00820787199033172,0.0177909493507252,0.0032));
#14601=CARTESIAN_POINT('',(0.00820787199033172,0.0177909493507252,0.003));
#14602=CARTESIAN_POINT('',(0.00815823601132487,0.017961662688928,0.0032));
#14603=CARTESIAN_POINT('',(0.00815823601132487,0.017961662688928,0.003));
#14604=CARTESIAN_POINT('',(0.00805896405331117,0.0180718373475328,0.0032));
#14605=CARTESIAN_POINT('',(0.00805896405331117,0.0180718373475328,0.003));
#14606=CARTESIAN_POINT('',(0.00820787199033172,0.0175596973329245,0.0032));
#14607=CARTESIAN_POINT('',(0.00820787199033172,0.0175596973329245,0.0032));
#14608=CARTESIAN_POINT('',(0.00820787199033172,0.0175596973329245,0.0032));
#14609=CARTESIAN_POINT('',(0.00820787199033172,0.0179065753596256,0.0032));
#14610=CARTESIAN_POINT('',(0.00805896405331117,0.0180718373475328,0.0032));
#14611=CARTESIAN_POINT('',(0.00820787199033172,0.0174680285740073,0.0032));
#14612=CARTESIAN_POINT('',(0.00820787199033172,0.01737635981509,0.0032));
#14613=CARTESIAN_POINT('',(0.00820787199033172,0.01737635981509,0.0032));
#14614=CARTESIAN_POINT('',(0.00820787199033172,0.0174680285740073,0.0032));
#14615=CARTESIAN_POINT('',(0.00795782715967006,0.0173681827896467,0.0032));
#14616=CARTESIAN_POINT('',(0.00770778232900839,0.0173600057642034,0.0032));
#14617=CARTESIAN_POINT('',(0.00770778232900839,0.0173600057642034,0.0032));
#14618=CARTESIAN_POINT('',(0.00795782715967006,0.0173681827896467,0.0032));
#14619=CARTESIAN_POINT('',(0.00627981546474782,0.016424381905583,0.0032));
#14620=CARTESIAN_POINT('',(0.00627981546474782,0.016424381905583,0.003));
#14621=CARTESIAN_POINT('',(0.00627981546474782,0.0170194398273183,0.0032));
#14622=CARTESIAN_POINT('',(0.00627981546474782,0.0170194398273183,0.003));
#14623=CARTESIAN_POINT('',(0.00675580441950134,0.0173313144468584,0.0032));
#14624=CARTESIAN_POINT('',(0.00675580441950134,0.0173313144468584,0.003));
#14625=CARTESIAN_POINT('',(0.00770778232900839,0.0173600057642034,0.0032));
#14626=CARTESIAN_POINT('',(0.00770778232900839,0.0173600057642034,0.003));
#14627=CARTESIAN_POINT('',(0.00627981546474782,0.016424381905583,0.0032));
#14628=CARTESIAN_POINT('',(0.00627981546474782,0.016424381905583,0.0032));
#14629=CARTESIAN_POINT('',(0.00627981546474782,0.016424381905583,0.0032));
#14630=CARTESIAN_POINT('',(0.00627981546474782,0.0173169687881859,0.0032));
#14631=CARTESIAN_POINT('',(0.00770778232900839,0.0173600057642034,0.0032));
#14632=CARTESIAN_POINT('',(0.00652856918612896,0.0157814094838816,0.0032));
#14633=CARTESIAN_POINT('',(0.00652856918612896,0.0157814094838816,0.003));
#14634=CARTESIAN_POINT('',(0.00636273337187487,0.0159323258131162,0.0032));
#14635=CARTESIAN_POINT('',(0.00636273337187487,0.0159323258131162,0.003));
#14636=CARTESIAN_POINT('',(0.00627981546474782,0.0161466499536834,0.0032));
#14637=CARTESIAN_POINT('',(0.00627981546474782,0.0161466499536834,0.003));
#14638=CARTESIAN_POINT('',(0.00627981546474782,0.016424381905583,0.0032));
#14639=CARTESIAN_POINT('',(0.00627981546474782,0.016424381905583,0.003));
#14640=CARTESIAN_POINT('',(0.00652856918612896,0.0157814094838816,0.0032));
#14641=CARTESIAN_POINT('',(0.00652856918612896,0.0157814094838816,0.0032));
#14642=CARTESIAN_POINT('',(0.00652856918612896,0.0157814094838816,0.0032));
#14643=CARTESIAN_POINT('',(0.00627981546474782,0.0160077839777336,0.0032));
#14644=CARTESIAN_POINT('',(0.00627981546474782,0.016424381905583,0.0032));
#14645=CARTESIAN_POINT('',(0.00721543932336822,0.0155550349900295,0.0032));
#14646=CARTESIAN_POINT('',(0.00721543932336822,0.0155550349900295,0.003));
#14647=CARTESIAN_POINT('',(0.00692336171279613,0.0155550349900295,0.0032));
#14648=CARTESIAN_POINT('',(0.00692336171279613,0.0155550349900295,0.003));
#14649=CARTESIAN_POINT('',(0.00669440500038305,0.0156304931546469,0.0032));
#14650=CARTESIAN_POINT('',(0.00669440500038305,0.0156304931546469,0.003));
#14651=CARTESIAN_POINT('',(0.00652856918612896,0.0157814094838816,0.0032));
#14652=CARTESIAN_POINT('',(0.00652856918612896,0.0157814094838816,0.003));
#14653=CARTESIAN_POINT('',(0.00721543932336822,0.0155550349900295,0.0032));
#14654=CARTESIAN_POINT('',(0.00721543932336822,0.0155550349900295,0.0032));
#14655=CARTESIAN_POINT('',(0.00721543932336822,0.0155550349900295,0.0032));
#14656=CARTESIAN_POINT('',(0.00677732290751009,0.0155550349900295,0.0032));
#14657=CARTESIAN_POINT('',(0.00652856918612896,0.0157814094838816,0.0032));
#14658=CARTESIAN_POINT('',(0.00776330002807096,0.0156535896651096,0.0032));
#14659=CARTESIAN_POINT('',(0.00776330002807096,0.0156535896651096,0.003));
#14660=CARTESIAN_POINT('',(0.00761726122278492,0.0155878865483896,0.0032));
#14661=CARTESIAN_POINT('',(0.00761726122278492,0.0155878865483896,0.003));
#14662=CARTESIAN_POINT('',(0.00743464098788401,0.0155550349900295,0.0032));
#14663=CARTESIAN_POINT('',(0.00743464098788401,0.0155550349900295,0.003));
#14664=CARTESIAN_POINT('',(0.00721543932336822,0.0155550349900295,0.0032));
#14665=CARTESIAN_POINT('',(0.00721543932336822,0.0155550349900295,0.003));
#14666=CARTESIAN_POINT('',(0.00776330002807096,0.0156535896651096,0.0032));
#14667=CARTESIAN_POINT('',(0.00776330002807096,0.0156535896651096,0.0032));
#14668=CARTESIAN_POINT('',(0.00776330002807096,0.0156535896651096,0.0032));
#14669=CARTESIAN_POINT('',(0.0075442418201419,0.0155550349900295,0.0032));
#14670=CARTESIAN_POINT('',(0.00721543932336822,0.0155550349900295,0.0032));
#14671=CARTESIAN_POINT('',(0.00820270755320961,0.0160293024657423,0.0032));
#14672=CARTESIAN_POINT('',(0.00820270755320961,0.0160293024657423,0.003));
#14673=CARTESIAN_POINT('',(0.00805580800840322,0.0158445303820406,0.0032));
#14674=CARTESIAN_POINT('',(0.00805580800840322,0.0158445303820406,0.003));
#14675=CARTESIAN_POINT('',(0.00790933883335701,0.0157192927818296,0.0032));
#14676=CARTESIAN_POINT('',(0.00790933883335701,0.0157192927818296,0.003));
#14677=CARTESIAN_POINT('',(0.00776330002807096,0.0156535896651096,0.0032));
#14678=CARTESIAN_POINT('',(0.00776330002807096,0.0156535896651096,0.003));
#14679=CARTESIAN_POINT('',(0.00820270755320961,0.0160293024657423,0.0032));
#14680=CARTESIAN_POINT('',(0.00820270755320961,0.0160293024657423,0.0032));
#14681=CARTESIAN_POINT('',(0.00820270755320961,0.0160293024657423,0.0032));
#14682=CARTESIAN_POINT('',(0.00798235823600003,0.0157521443401896,0.0032));
#14683=CARTESIAN_POINT('',(0.00776330002807096,0.0156535896651096,0.0032));
#14684=CARTESIAN_POINT('',(0.00821346679721399,0.0160293024657423,0.0032));
#14685=CARTESIAN_POINT('',(0.00821346679721399,0.0160293024657423,0.0032));
#14686=CARTESIAN_POINT('',(0.00795954863871076,0.0161528185869125,0.0032));
#14687=CARTESIAN_POINT('',(0.00795954863871076,0.0161528185869125,0.003));
#14688=CARTESIAN_POINT('',(0.0081182116236286,0.0163051694820145,0.0032));
#14689=CARTESIAN_POINT('',(0.0081182116236286,0.0163051694820145,0.003));
#14690=CARTESIAN_POINT('',(0.00819754311608752,0.0165184894264746,0.0032));
#14691=CARTESIAN_POINT('',(0.00819754311608752,0.0165184894264746,0.003));
#14692=CARTESIAN_POINT('',(0.00819754311608752,0.0167927784202927,0.0032));
#14693=CARTESIAN_POINT('',(0.00819754311608752,0.0167927784202927,0.003));
#14694=CARTESIAN_POINT('',(0.00795954863871076,0.0161528185869125,0.003));
#14695=CARTESIAN_POINT('',(0.00819754311608752,0.0163813449295655,0.003));
#14696=CARTESIAN_POINT('',(0.00819754311608752,0.0167927784202927,0.003));
#14697=CARTESIAN_POINT('',(0.00795954863871076,0.0161528185869125,0.0032));
#14698=CARTESIAN_POINT('',(0.00819754311608752,0.0163813449295655,0.0032));
#14699=CARTESIAN_POINT('',(0.00819754311608752,0.0167927784202927,0.0032));
#14700=CARTESIAN_POINT('',(6.93889390390723E-18,0.00562997284531592,0.0032));
#14701=CARTESIAN_POINT('',(0.,0.00562997284531593,0.003));
#14702=CARTESIAN_POINT('',(0.0052602695028933,0.0156092615798115,0.0032));
#14703=CARTESIAN_POINT('',(0.00548879584554621,0.0156092615798115,0.0032));
#14704=CARTESIAN_POINT('',(0.00548879584554621,0.0156092615798115,0.0032));
#14705=CARTESIAN_POINT('',(0.0052602695028933,0.0156092615798115,0.0032));
#14706=CARTESIAN_POINT('',(0.00503174316024039,0.0156092615798115,0.0032));
#14707=CARTESIAN_POINT('',(0.00503174316024039,0.0156092615798115,0.0032));
#14708=CARTESIAN_POINT('',(0.00548879584554621,0.0175756210140511,0.0032));
#14709=CARTESIAN_POINT('',(0.00548879584554621,0.0195419804482905,0.0032));
#14710=CARTESIAN_POINT('',(0.00548879584554621,0.0195419804482905,0.0032));
#14711=CARTESIAN_POINT('',(0.00548879584554621,0.0175756210140511,0.0032));
#14712=CARTESIAN_POINT('',(0.0052602695028933,0.0195419804482905,0.0032));
#14713=CARTESIAN_POINT('',(0.00503174316024039,0.0195419804482905,0.0032));
#14714=CARTESIAN_POINT('',(0.00503174316024039,0.0195419804482905,0.0032));
#14715=CARTESIAN_POINT('',(0.0052602695028933,0.0195419804482905,0.0032));
#14716=CARTESIAN_POINT('',(0.00503174316024039,0.0187053416345104,0.0032));
#14717=CARTESIAN_POINT('',(0.00503174316024039,0.0178687028207302,0.0032));
#14718=CARTESIAN_POINT('',(0.00503174316024039,0.0178687028207302,0.0032));
#14719=CARTESIAN_POINT('',(0.00503174316024039,0.0187053416345104,0.0032));
#14720=CARTESIAN_POINT('',(0.00399584314749921,0.0178687028207302,0.0032));
#14721=CARTESIAN_POINT('',(0.00295994313475805,0.0178687028207302,0.0032));
#14722=CARTESIAN_POINT('',(0.00295994313475805,0.0178687028207302,0.0032));
#14723=CARTESIAN_POINT('',(0.00399584314749921,0.0178687028207302,0.0032));
#14724=CARTESIAN_POINT('',(0.00295994313475805,0.0187053416345104,0.0032));
#14725=CARTESIAN_POINT('',(0.00295994313475805,0.0195419804482905,0.0032));
#14726=CARTESIAN_POINT('',(0.00295994313475805,0.0195419804482905,0.0032));
#14727=CARTESIAN_POINT('',(0.00295994313475805,0.0187053416345104,0.0032));
#14728=CARTESIAN_POINT('',(0.00273141679210513,0.0195419804482905,0.0032));
#14729=CARTESIAN_POINT('',(0.00250289044945222,0.0195419804482905,0.0032));
#14730=CARTESIAN_POINT('',(0.00250289044945222,0.0195419804482905,0.0032));
#14731=CARTESIAN_POINT('',(0.00273141679210513,0.0195419804482905,0.0032));
#14732=CARTESIAN_POINT('',(0.00250289044945222,0.0175756210140511,0.0032));
#14733=CARTESIAN_POINT('',(0.00250289044945222,0.0156092615798115,0.0032));
#14734=CARTESIAN_POINT('',(0.00250289044945222,0.0156092615798115,0.0032));
#14735=CARTESIAN_POINT('',(0.00250289044945222,0.0175756210140511,0.0032));
#14736=CARTESIAN_POINT('',(0.00273141679210513,0.0156092615798115,0.0032));
#14737=CARTESIAN_POINT('',(0.00295994313475805,0.0156092615798115,0.0032));
#14738=CARTESIAN_POINT('',(0.00295994313475805,0.0156092615798115,0.0032));
#14739=CARTESIAN_POINT('',(0.00273141679210513,0.0156092615798115,0.0032));
#14740=CARTESIAN_POINT('',(0.00295994313475805,0.0165345565641878,0.0032));
#14741=CARTESIAN_POINT('',(0.00295994313475805,0.017459851548564,0.0032));
#14742=CARTESIAN_POINT('',(0.00295994313475805,0.017459851548564,0.0032));
#14743=CARTESIAN_POINT('',(0.00295994313475805,0.0165345565641878,0.0032));
#14744=CARTESIAN_POINT('',(0.00399584314749921,0.017459851548564,0.0032));
#14745=CARTESIAN_POINT('',(0.00503174316024039,0.017459851548564,0.0032));
#14746=CARTESIAN_POINT('',(0.00503174316024039,0.017459851548564,0.0032));
#14747=CARTESIAN_POINT('',(0.00399584314749921,0.017459851548564,0.0032));
#14748=CARTESIAN_POINT('',(0.00503174316024039,0.0165345565641878,0.0032));
#14749=CARTESIAN_POINT('',(0.00503174316024039,0.0165345565641878,0.0032));
#14750=CARTESIAN_POINT('',(6.93889390390723E-18,0.00562997284531592,0.0032));
#14751=CARTESIAN_POINT('',(-0.00170956876314045,0.0176130631831862,0.0032));
#14752=CARTESIAN_POINT('',(-0.00170956876314045,0.0176130631831862,0.003));
#14753=CARTESIAN_POINT('',(-0.00170956876314045,0.0174070595246492,0.0032));
#14754=CARTESIAN_POINT('',(-0.00170956876314045,0.0174070595246492,0.003));
#14755=CARTESIAN_POINT('',(-0.0016513253889301,0.0172511222148791,0.0032));
#14756=CARTESIAN_POINT('',(-0.0016513253889301,0.0172511222148791,0.003));
#14757=CARTESIAN_POINT('',(-0.00153483864050941,0.017145251253876,0.0032));
#14758=CARTESIAN_POINT('',(-0.00153483864050941,0.017145251253876,0.003));
#14759=CARTESIAN_POINT('',(-0.00170956876314045,0.0176130631831862,0.003));
#14760=CARTESIAN_POINT('',(-0.00170956876314045,0.0173040576953807,0.003));
#14761=CARTESIAN_POINT('',(-0.00153483864050941,0.017145251253876,0.003));
#14762=CARTESIAN_POINT('',(-0.00170956876314045,0.0176130631831862,0.003));
#14763=CARTESIAN_POINT('',(-0.00153483864050941,0.017145251253876,0.003));
#14764=CARTESIAN_POINT('',(-0.00170956876314045,0.0176130631831862,0.0032));
#14765=CARTESIAN_POINT('',(-0.00170956876314045,0.0176130631831862,0.0032));
#14766=CARTESIAN_POINT('',(-0.00170956876314045,0.0176130631831862,0.0032));
#14767=CARTESIAN_POINT('',(-0.00170956876314045,0.0173040576953807,0.0032));
#14768=CARTESIAN_POINT('',(-0.00153483864050941,0.017145251253876,0.0032));
#14769=CARTESIAN_POINT('',(-0.00153483864050941,0.017145251253876,0.0032));
#14770=CARTESIAN_POINT('',(-0.00153483864050941,0.017145251253876,0.0032));
#14771=CARTESIAN_POINT('',(-0.00154000307763151,0.0181161654328308,0.0032));
#14772=CARTESIAN_POINT('',(-0.00154000307763151,0.0181161654328308,0.003));
#14773=CARTESIAN_POINT('',(-0.0016530468679708,0.018003408555665,0.0032));
#14774=CARTESIAN_POINT('',(-0.0016530468679708,0.018003408555665,0.003));
#14775=CARTESIAN_POINT('',(-0.00170956876314045,0.0178357078057834,0.0032));
#14776=CARTESIAN_POINT('',(-0.00170956876314045,0.0178357078057834,0.003));
#14777=CARTESIAN_POINT('',(-0.00170956876314045,0.0176130631831862,0.0032));
#14778=CARTESIAN_POINT('',(-0.00170956876314045,0.0176130631831862,0.003));
#14779=CARTESIAN_POINT('',(-0.00154000307763151,0.0181161654328308,0.003));
#14780=CARTESIAN_POINT('',(-0.00170956876314045,0.0179470301170821,0.003));
#14781=CARTESIAN_POINT('',(-0.00170956876314045,0.0176130631831862,0.003));
#14782=CARTESIAN_POINT('',(-0.00154000307763151,0.0181161654328308,0.003));
#14783=CARTESIAN_POINT('',(-0.00154000307763151,0.0181161654328308,0.0032));
#14784=CARTESIAN_POINT('',(-0.00154000307763151,0.0181161654328308,0.0032));
#14785=CARTESIAN_POINT('',(-0.00154000307763151,0.0181161654328308,0.0032));
#14786=CARTESIAN_POINT('',(-0.00170956876314045,0.0179470301170821,0.0032));
#14787=CARTESIAN_POINT('',(-0.00170956876314045,0.0176130631831862,0.0032));
#14788=CARTESIAN_POINT('',(-0.00105540672767448,0.0182853007485796,0.0032));
#14789=CARTESIAN_POINT('',(-0.00105540672767448,0.0182853007485796,0.003));
#14790=CARTESIAN_POINT('',(-0.00126542717063987,0.0182853007485796,0.0032));
#14791=CARTESIAN_POINT('',(-0.00126542717063987,0.0182853007485796,0.003));
#14792=CARTESIAN_POINT('',(-0.00142695928729221,0.0182289223099967,0.0032));
#14793=CARTESIAN_POINT('',(-0.00142695928729221,0.0182289223099967,0.003));
#14794=CARTESIAN_POINT('',(-0.00154000307763151,0.0181161654328308,0.0032));
#14795=CARTESIAN_POINT('',(-0.00154000307763151,0.0181161654328308,0.003));
#14796=CARTESIAN_POINT('',(-0.00105540672767448,0.0182853007485796,0.003));
#14797=CARTESIAN_POINT('',(-0.00137043739212257,0.0182853007485796,0.003));
#14798=CARTESIAN_POINT('',(-0.00154000307763151,0.0181161654328308,0.003));
#14799=CARTESIAN_POINT('',(-0.00105540672767448,0.0182853007485796,0.003));
#14800=CARTESIAN_POINT('',(-0.00105540672767448,0.0182853007485796,0.0032));
#14801=CARTESIAN_POINT('',(-0.00105540672767448,0.0182853007485796,0.0032));
#14802=CARTESIAN_POINT('',(-0.00105540672767448,0.0182853007485796,0.0032));
#14803=CARTESIAN_POINT('',(-0.00137043739212257,0.0182853007485796,0.0032));
#14804=CARTESIAN_POINT('',(-0.00154000307763151,0.0181161654328308,0.0032));
#14805=CARTESIAN_POINT('',(-0.000394358776045718,0.0176216705783898,0.0032));
#14806=CARTESIAN_POINT('',(-0.000394358776045718,0.0176216705783898,0.003));
#14807=CARTESIAN_POINT('',(-0.000394358776045718,0.0180640906918496,0.0032));
#14808=CARTESIAN_POINT('',(-0.000394358776045718,0.0180640906918496,0.003));
#14809=CARTESIAN_POINT('',(-0.000614708093255307,0.0182853007485796,0.0032));
#14810=CARTESIAN_POINT('',(-0.000614708093255307,0.0182853007485796,0.003));
#14811=CARTESIAN_POINT('',(-0.00105540672767448,0.0182853007485796,0.0032));
#14812=CARTESIAN_POINT('',(-0.00105540672767448,0.0182853007485796,0.003));
#14813=CARTESIAN_POINT('',(-0.000394358776045718,0.0176216705783898,0.003));
#14814=CARTESIAN_POINT('',(-0.000394358776045718,0.0182853007485796,0.003));
#14815=CARTESIAN_POINT('',(-0.00105540672767448,0.0182853007485796,0.003));
#14816=CARTESIAN_POINT('',(-0.000394358776045718,0.0176216705783898,0.003));
#14817=CARTESIAN_POINT('',(-0.000394358776045718,0.0176216705783898,0.0032));
#14818=CARTESIAN_POINT('',(-0.000394358776045718,0.0176216705783898,0.0032));
#14819=CARTESIAN_POINT('',(-0.000394358776045718,0.0176216705783898,0.0032));
#14820=CARTESIAN_POINT('',(-0.000394358776045718,0.0182853007485796,0.0032));
#14821=CARTESIAN_POINT('',(-0.00105540672767448,0.0182853007485796,0.0032));
#14822=CARTESIAN_POINT('',(-0.00104766007199133,0.0169864448123715,0.0032));
#14823=CARTESIAN_POINT('',(-0.00104766007199133,0.0169864448123715,0.003));
#14824=CARTESIAN_POINT('',(-0.000612125874694257,0.0169864448123715,0.0032));
#14825=CARTESIAN_POINT('',(-0.000612125874694257,0.0169864448123715,0.003));
#14826=CARTESIAN_POINT('',(-0.000394358776045718,0.0171981867343776,0.0032));
#14827=CARTESIAN_POINT('',(-0.000394358776045718,0.0171981867343776,0.003));
#14828=CARTESIAN_POINT('',(-0.000394358776045718,0.0176216705783898,0.0032));
#14829=CARTESIAN_POINT('',(-0.000394358776045718,0.0176216705783898,0.003));
#14830=CARTESIAN_POINT('',(-0.00104766007199133,0.0169864448123715,0.003));
#14831=CARTESIAN_POINT('',(-0.000394358776045718,0.0169864448123715,0.003));
#14832=CARTESIAN_POINT('',(-0.000394358776045718,0.0176216705783898,0.003));
#14833=CARTESIAN_POINT('',(-0.00104766007199133,0.0169864448123715,0.003));
#14834=CARTESIAN_POINT('',(-0.00104766007199133,0.0169864448123715,0.0032));
#14835=CARTESIAN_POINT('',(-0.00104766007199133,0.0169864448123715,0.0032));
#14836=CARTESIAN_POINT('',(-0.00104766007199133,0.0169864448123715,0.0032));
#14837=CARTESIAN_POINT('',(-0.000394358776045718,0.0169864448123715,0.0032));
#14838=CARTESIAN_POINT('',(-0.000394358776045718,0.0176216705783898,0.0032));
#14839=CARTESIAN_POINT('',(-0.00155254618036155,0.0150980277846973,0.0032));
#14840=CARTESIAN_POINT('',(-0.00155254618036155,0.0150980277846973,0.003));
#14841=CARTESIAN_POINT('',(-0.00195143656835879,0.0151143363556104,0.003));
#14842=CARTESIAN_POINT('',(-0.00174959315083673,0.0147511042780227,0.003));
#14843=CARTESIAN_POINT('',(-0.00195143656835879,0.0151143363556104,0.0032));
#14844=CARTESIAN_POINT('',(-0.00195143656835879,0.0151143363556104,0.0032));
#14845=CARTESIAN_POINT('',(-0.00155254618036155,0.0150980277846973,0.0032));
#14846=CARTESIAN_POINT('',(-0.00174959315083673,0.0147511042780227,0.0032));
#14847=CARTESIAN_POINT('',(-0.00174959315083673,0.0147511042780227,0.0032));
#14848=CARTESIAN_POINT('',(-0.00178187088284984,0.0155313646532199,0.0032));
#14849=CARTESIAN_POINT('',(-0.00178187088284984,0.0155313646532199,0.003));
#14850=CARTESIAN_POINT('',(-0.00189491467318914,0.0154346749137673,0.0032));
#14851=CARTESIAN_POINT('',(-0.00189491467318914,0.0154346749137673,0.003));
#14852=CARTESIAN_POINT('',(-0.00195143656835879,0.0152956654812307,0.0032));
#14853=CARTESIAN_POINT('',(-0.00195143656835879,0.0152956654812307,0.003));
#14854=CARTESIAN_POINT('',(-0.00195143656835879,0.0151143363556104,0.0032));
#14855=CARTESIAN_POINT('',(-0.00195143656835879,0.0151143363556104,0.003));
#14856=CARTESIAN_POINT('',(-0.00178187088284984,0.0155313646532199,0.003));
#14857=CARTESIAN_POINT('',(-0.00195143656835879,0.0153863300440409,0.003));
#14858=CARTESIAN_POINT('',(-0.00195143656835879,0.0151143363556104,0.003));
#14859=CARTESIAN_POINT('',(-0.00178187088284984,0.0155313646532199,0.003));
#14860=CARTESIAN_POINT('',(-0.00178187088284984,0.0155313646532199,0.0032));
#14861=CARTESIAN_POINT('',(-0.00178187088284984,0.0155313646532199,0.0032));
#14862=CARTESIAN_POINT('',(-0.00178187088284984,0.0155313646532199,0.0032));
#14863=CARTESIAN_POINT('',(-0.00195143656835879,0.0153863300440409,0.0032));
#14864=CARTESIAN_POINT('',(-0.00195143656835879,0.0151143363556104,0.0032));
#14865=CARTESIAN_POINT('',(-0.00130846414665737,0.0156763992623988,0.0032));
#14866=CARTESIAN_POINT('',(-0.00130846414665737,0.0156763992623988,0.003));
#14867=CARTESIAN_POINT('',(-0.00151102484711306,0.0156763992623988,0.0032));
#14868=CARTESIAN_POINT('',(-0.00151102484711306,0.0156763992623988,0.003));
#14869=CARTESIAN_POINT('',(-0.00166882709251055,0.0156280543926725,0.0032));
#14870=CARTESIAN_POINT('',(-0.00166882709251055,0.0156280543926725,0.003));
#14871=CARTESIAN_POINT('',(-0.00178187088284984,0.0155313646532199,0.0032));
#14872=CARTESIAN_POINT('',(-0.00178187088284984,0.0155313646532199,0.003));
#14873=CARTESIAN_POINT('',(-0.00130846414665737,0.0156763992623988,0.003));
#14874=CARTESIAN_POINT('',(-0.00161230519734091,0.0156763992623988,0.003));
#14875=CARTESIAN_POINT('',(-0.00178187088284984,0.0155313646532199,0.003));
#14876=CARTESIAN_POINT('',(-0.00130846414665737,0.0156763992623988,0.003));
#14877=CARTESIAN_POINT('',(-0.00130846414665737,0.0156763992623988,0.0032));
#14878=CARTESIAN_POINT('',(-0.00130846414665737,0.0156763992623988,0.0032));
#14879=CARTESIAN_POINT('',(-0.00130846414665737,0.0156763992623988,0.0032));
#14880=CARTESIAN_POINT('',(-0.00161230519734091,0.0156763992623988,0.0032));
#14881=CARTESIAN_POINT('',(-0.00178187088284984,0.0155313646532199,0.0032));
#14882=CARTESIAN_POINT('',(-0.00104077415582853,0.0156763992623988,0.0032));
#14883=CARTESIAN_POINT('',(-0.00104077415582853,0.0156763992623988,0.003));
#14884=CARTESIAN_POINT('',(-0.000773084164999702,0.0156763992623988,0.003));
#14885=CARTESIAN_POINT('',(-0.000773084164999702,0.0156763992623988,0.0032));
#14886=CARTESIAN_POINT('',(-0.000773084164999702,0.0156763992623988,0.0032));
#14887=CARTESIAN_POINT('',(-0.00104077415582853,0.0156763992623988,0.0032));
#14888=CARTESIAN_POINT('',(-0.000216616065093454,0.0155834393942011,0.0032));
#14889=CARTESIAN_POINT('',(-0.000216616065093454,0.0155834393942011,0.003));
#14890=CARTESIAN_POINT('',(-0.0003150272835868,0.0156454126396663,0.0032));
#14891=CARTESIAN_POINT('',(-0.0003150272835868,0.0156454126396663,0.003));
#14892=CARTESIAN_POINT('',(-0.000500516650222216,0.0156763992623988,0.0032));
#14893=CARTESIAN_POINT('',(-0.000500516650222216,0.0156763992623988,0.003));
#14894=CARTESIAN_POINT('',(-0.000773084164999702,0.0156763992623988,0.0032));
#14895=CARTESIAN_POINT('',(-0.000773084164999702,0.0156763992623988,0.003));
#14896=CARTESIAN_POINT('',(-0.000216616065093454,0.0155834393942011,0.003));
#14897=CARTESIAN_POINT('',(-0.000364232892833473,0.0156763992623988,0.003));
#14898=CARTESIAN_POINT('',(-0.000773084164999702,0.0156763992623988,0.003));
#14899=CARTESIAN_POINT('',(-0.000216616065093454,0.0155834393942011,0.003));
#14900=CARTESIAN_POINT('',(-0.000216616065093454,0.0155834393942011,0.0032));
#14901=CARTESIAN_POINT('',(-0.000216616065093454,0.0155834393942011,0.0032));
#14902=CARTESIAN_POINT('',(-0.000216616065093454,0.0155834393942011,0.0032));
#14903=CARTESIAN_POINT('',(-0.000364232892833473,0.0156763992623988,0.0032));
#14904=CARTESIAN_POINT('',(-0.000773084164999702,0.0156763992623988,0.0032));
#14905=CARTESIAN_POINT('',(-6.89992373534357E-5,0.015251193939346,0.0032));
#14906=CARTESIAN_POINT('',(-6.89992373534357E-5,0.015251193939346,0.003));
#14907=CARTESIAN_POINT('',(-6.89992373534357E-5,0.0154107176637842,0.0032));
#14908=CARTESIAN_POINT('',(-6.89992373534357E-5,0.0154107176637842,0.003));
#14909=CARTESIAN_POINT('',(-0.000118204846600109,0.0155214661487359,0.0032));
#14910=CARTESIAN_POINT('',(-0.000118204846600109,0.0155214661487359,0.003));
#14911=CARTESIAN_POINT('',(-0.000216616065093454,0.0155834393942011,0.0032));
#14912=CARTESIAN_POINT('',(-0.000216616065093454,0.0155834393942011,0.003));
#14913=CARTESIAN_POINT('',(-6.89992373534357E-5,0.015251193939346,0.003));
#14914=CARTESIAN_POINT('',(-6.89992373534357E-5,0.0154904795260033,0.003));
#14915=CARTESIAN_POINT('',(-0.000216616065093454,0.0155834393942011,0.003));
#14916=CARTESIAN_POINT('',(-6.89992373534357E-5,0.015251193939346,0.003));
#14917=CARTESIAN_POINT('',(-6.89992373534357E-5,0.015251193939346,0.0032));
#14918=CARTESIAN_POINT('',(-6.89992373534357E-5,0.015251193939346,0.0032));
#14919=CARTESIAN_POINT('',(-6.89992373534357E-5,0.015251193939346,0.0032));
#14920=CARTESIAN_POINT('',(-6.89992373534357E-5,0.0154904795260033,0.0032));
#14921=CARTESIAN_POINT('',(-0.000216616065093454,0.0155834393942011,0.0032));
#14922=CARTESIAN_POINT('',(-0.000339271446743325,0.0147954323633207,0.0032));
#14923=CARTESIAN_POINT('',(-0.000339271446743325,0.0147954323633207,0.003));
#14924=CARTESIAN_POINT('',(-0.000159089973816732,0.0149076154141396,0.0032));
#14925=CARTESIAN_POINT('',(-0.000159089973816732,0.0149076154141396,0.003));
#14926=CARTESIAN_POINT('',(-6.89992373534357E-5,0.0150595359394814,0.0032));
#14927=CARTESIAN_POINT('',(-6.89992373534357E-5,0.0150595359394814,0.003));
#14928=CARTESIAN_POINT('',(-6.89992373534357E-5,0.015251193939346,0.0032));
#14929=CARTESIAN_POINT('',(-6.89992373534357E-5,0.015251193939346,0.003));
#14930=CARTESIAN_POINT('',(-0.000339271446743325,0.0147954323633207,0.003));
#14931=CARTESIAN_POINT('',(-6.89992373534357E-5,0.0149637069395491,0.003));
#14932=CARTESIAN_POINT('',(-6.89992373534357E-5,0.015251193939346,0.003));
#14933=CARTESIAN_POINT('',(-0.000339271446743325,0.0147954323633207,0.003));
#14934=CARTESIAN_POINT('',(-0.000339271446743325,0.0147954323633207,0.0032));
#14935=CARTESIAN_POINT('',(-0.000339271446743325,0.0147954323633207,0.0032));
#14936=CARTESIAN_POINT('',(-0.000339271446743325,0.0147954323633207,0.0032));
#14937=CARTESIAN_POINT('',(-6.89992373534357E-5,0.0149637069395491,0.0032));
#14938=CARTESIAN_POINT('',(-6.89992373534357E-5,0.015251193939346,0.0032));
#14939=CARTESIAN_POINT('',(-0.00117160656292173,0.0146271577870923,0.0032));
#14940=CARTESIAN_POINT('',(-0.00117160656292173,0.0146271577870923,0.003));
#14941=CARTESIAN_POINT('',(-0.000796897958396048,0.0146271577870923,0.0032));
#14942=CARTESIAN_POINT('',(-0.000796897958396048,0.0146271577870923,0.003));
#14943=CARTESIAN_POINT('',(-0.000519452919669913,0.0146832493125018,0.0032));
#14944=CARTESIAN_POINT('',(-0.000519452919669913,0.0146832493125018,0.003));
#14945=CARTESIAN_POINT('',(-0.000339271446743325,0.0147954323633207,0.0032));
#14946=CARTESIAN_POINT('',(-0.000339271446743325,0.0147954323633207,0.003));
#14947=CARTESIAN_POINT('',(-0.00117160656292173,0.0146271577870923,0.003));
#14948=CARTESIAN_POINT('',(-0.000609543656133207,0.0146271577870923,0.003));
#14949=CARTESIAN_POINT('',(-0.000339271446743325,0.0147954323633207,0.003));
#14950=CARTESIAN_POINT('',(-0.00117160656292173,0.0146271577870923,0.003));
#14951=CARTESIAN_POINT('',(-0.00117160656292173,0.0146271577870923,0.0032));
#14952=CARTESIAN_POINT('',(-0.00117160656292173,0.0146271577870923,0.0032));
#14953=CARTESIAN_POINT('',(-0.00117160656292173,0.0146271577870923,0.0032));
#14954=CARTESIAN_POINT('',(-0.000609543656133207,0.0146271577870923,0.0032));
#14955=CARTESIAN_POINT('',(-0.000339271446743325,0.0147954323633207,0.0032));
#14956=CARTESIAN_POINT('',(0.000399243061716938,0.0184161331556728,0.0032));
#14957=CARTESIAN_POINT('',(0.000399243061716938,0.0185572944370101,0.0032));
#14958=CARTESIAN_POINT('',(0.000399243061716938,0.0185572944370101,0.0032));
#14959=CARTESIAN_POINT('',(0.000399243061716938,0.0184161331556728,0.0032));
#14960=CARTESIAN_POINT('',(0.000399243061716938,0.0182749718743354,0.0032));
#14961=CARTESIAN_POINT('',(0.000399243061716938,0.0182749718743354,0.0032));
#14962=CARTESIAN_POINT('',(-0.000110314734330236,0.0185572944370101,0.0032));
#14963=CARTESIAN_POINT('',(-0.000619872530377409,0.0185572944370101,0.0032));
#14964=CARTESIAN_POINT('',(-0.000619811374511797,0.0185575168613203,0.0032));
#14965=CARTESIAN_POINT('',(-0.000110314734330236,0.0185572944370101,0.0032));
#14966=CARTESIAN_POINT('',(-0.00101599171924358,0.0171166061817396,0.0032));
#14967=CARTESIAN_POINT('',(-0.00103733119774713,0.0186115210267922,0.0032));
#14968=CARTESIAN_POINT('',(-0.00103733119774713,0.0186115210267922,0.0032));
#14969=CARTESIAN_POINT('',(-0.00101599171924358,0.0171166061817396,0.0032));
#14970=CARTESIAN_POINT('',(-0.00185976780944152,0.0183489954730855,0.0032));
#14971=CARTESIAN_POINT('',(-0.00185976780944152,0.0183489954730855,0.003));
#14972=CARTESIAN_POINT('',(-0.00166610141736278,0.01852401250889,0.0032));
#14973=CARTESIAN_POINT('',(-0.00166610141736278,0.01852401250889,0.003));
#14974=CARTESIAN_POINT('',(-0.00139195588013132,0.0186115210267922,0.0032));
#14975=CARTESIAN_POINT('',(-0.00139195588013132,0.0186115210267922,0.003));
#14976=CARTESIAN_POINT('',(-0.00103733119774713,0.0186115210267922,0.0032));
#14977=CARTESIAN_POINT('',(-0.00103733119774713,0.0186115210267922,0.003));
#14978=CARTESIAN_POINT('',(-0.00185976780944152,0.0183489954730855,0.0032));
#14979=CARTESIAN_POINT('',(-0.00185976780944152,0.0183489954730855,0.0032));
#14980=CARTESIAN_POINT('',(-0.00185976780944152,0.0183489954730855,0.0032));
#14981=CARTESIAN_POINT('',(-0.00156926822132341,0.0186115210267922,0.0032));
#14982=CARTESIAN_POINT('',(-0.00103733119774713,0.0186115210267922,0.0032));
#14983=CARTESIAN_POINT('',(-0.00215026739755963,0.017602734308942,0.0032));
#14984=CARTESIAN_POINT('',(-0.00215026739755963,0.017602734308942,0.003));
#14985=CARTESIAN_POINT('',(-0.00215026739755963,0.0179252247158998,0.0032));
#14986=CARTESIAN_POINT('',(-0.00215026739755963,0.0179252247158998,0.003));
#14987=CARTESIAN_POINT('',(-0.00205343420152026,0.018173978437281,0.0032));
#14988=CARTESIAN_POINT('',(-0.00205343420152026,0.018173978437281,0.003));
#14989=CARTESIAN_POINT('',(-0.00185976780944152,0.0183489954730855,0.0032));
#14990=CARTESIAN_POINT('',(-0.00185976780944152,0.0183489954730855,0.003));
#14991=CARTESIAN_POINT('',(-0.00215026739755963,0.017602734308942,0.0032));
#14992=CARTESIAN_POINT('',(-0.00215026739755963,0.017602734308942,0.0032));
#14993=CARTESIAN_POINT('',(-0.00215026739755963,0.017602734308942,0.0032));
#14994=CARTESIAN_POINT('',(-0.00215026739755963,0.0180864699193788,0.0032));
#14995=CARTESIAN_POINT('',(-0.00185976780944152,0.0183489954730855,0.0032));
#14996=CARTESIAN_POINT('',(-0.00120807854837125,0.0175842129761328,0.0032));
#14997=CARTESIAN_POINT('',(-0.00200652389766119,0.0170858602269719,0.0032));
#14998=CARTESIAN_POINT('',(-0.00200641722101223,0.0170859212351385,0.0032));
#14999=CARTESIAN_POINT('',(-0.00120807854837125,0.0175842129761328,0.0032));
#15000=CARTESIAN_POINT('',(-0.0013279935870771,0.0174968542259093,0.0032));
#15001=CARTESIAN_POINT('',(-0.00163382368534965,0.0167660954951619,0.0032));
#15002=CARTESIAN_POINT('',(-0.00163382368534965,0.0167660954951619,0.0032));
#15003=CARTESIAN_POINT('',(-0.0013279935870771,0.0174968542259093,0.0032));
#15004=CARTESIAN_POINT('',(-0.00190581737378024,0.0165319743456267,0.0032));
#15005=CARTESIAN_POINT('',(-0.00190581737378024,0.0165319743456267,0.003));
#15006=CARTESIAN_POINT('',(-0.00184843473909024,0.0166128838605396,0.0032));
#15007=CARTESIAN_POINT('',(-0.00184843473909024,0.0166128838605396,0.003));
#15008=CARTESIAN_POINT('',(-0.00175777017628004,0.016690924243718,0.0032));
#15009=CARTESIAN_POINT('',(-0.00175777017628004,0.016690924243718,0.003));
#15010=CARTESIAN_POINT('',(-0.00163382368534965,0.0167660954951619,0.0032));
#15011=CARTESIAN_POINT('',(-0.00163382368534965,0.0167660954951619,0.003));
#15012=CARTESIAN_POINT('',(-0.00190581737378024,0.0165319743456267,0.0032));
#15013=CARTESIAN_POINT('',(-0.00190581737378024,0.0165319743456267,0.0032));
#15014=CARTESIAN_POINT('',(-0.00190581737378024,0.0165319743456267,0.0032));
#15015=CARTESIAN_POINT('',(-0.00181974342174524,0.016653338617996,0.0032));
#15016=CARTESIAN_POINT('',(-0.00163382368534965,0.0167660954951619,0.0032));
#15017=CARTESIAN_POINT('',(-0.00151647725639529,0.0162601230683789,0.0032));
#15018=CARTESIAN_POINT('',(-0.00199189132581524,0.016249651782952,0.0032));
#15019=CARTESIAN_POINT('',(-0.00199167890162701,0.0162496558879618,0.0032));
#15020=CARTESIAN_POINT('',(-0.00151647725639529,0.0162601230683789,0.0032));
#15021=CARTESIAN_POINT('',(-0.00157127138602303,0.0162403369011331,0.0032));
#15022=CARTESIAN_POINT('',(-0.00191528550850409,0.0159991765825301,0.0032));
#15023=CARTESIAN_POINT('',(-0.00191527569276041,0.0159991817974945,0.0032));
#15024=CARTESIAN_POINT('',(-0.00157127138602303,0.0162403369011331,0.0032));
#15025=CARTESIAN_POINT('',(-0.00153286949200596,0.0162628673126135,0.0032));
#15026=CARTESIAN_POINT('',(-0.0017259228140271,0.0158408005107857,0.0032));
#15027=CARTESIAN_POINT('',(-0.0017259228140271,0.0158408005107857,0.0032));
#15028=CARTESIAN_POINT('',(-0.00153286949200596,0.0162628673126135,0.0032));
#15029=CARTESIAN_POINT('',(-0.00220965842446377,0.0155744016292374,0.0032));
#15030=CARTESIAN_POINT('',(-0.00220965842446377,0.0155744016292374,0.003));
#15031=CARTESIAN_POINT('',(-0.00209489315508378,0.015705520949504,0.0032));
#15032=CARTESIAN_POINT('',(-0.00209489315508378,0.015705520949504,0.003));
#15033=CARTESIAN_POINT('',(-0.00193364795160489,0.0157943205766868,0.0032));
#15034=CARTESIAN_POINT('',(-0.00193364795160489,0.0157943205766868,0.003));
#15035=CARTESIAN_POINT('',(-0.0017259228140271,0.0158408005107857,0.0032));
#15036=CARTESIAN_POINT('',(-0.0017259228140271,0.0158408005107857,0.003));
#15037=CARTESIAN_POINT('',(-0.00220965842446377,0.0155744016292374,0.0032));
#15038=CARTESIAN_POINT('',(-0.00220965842446377,0.0155744016292374,0.0032));
#15039=CARTESIAN_POINT('',(-0.00220965842446377,0.0155744016292374,0.0032));
#15040=CARTESIAN_POINT('',(-0.00203751052039378,0.0157710806096374,0.0032));
#15041=CARTESIAN_POINT('',(-0.0017259228140271,0.0158408005107857,0.0032));
#15042=CARTESIAN_POINT('',(-0.00169952614296006,0.0151218669931063,0.0032));
#15043=CARTESIAN_POINT('',(-0.00238180632853376,0.0151091719184883,0.0032));
#15044=CARTESIAN_POINT('',(-0.00238180632853376,0.0151091719184883,0.0032));
#15045=CARTESIAN_POINT('',(-0.00169952614296006,0.0151218669931063,0.0032));
#15046=CARTESIAN_POINT('',(-0.00206849714312638,0.0145006290776008,0.0032));
#15047=CARTESIAN_POINT('',(-0.00206849714312638,0.0145006290776008,0.003));
#15048=CARTESIAN_POINT('',(-0.00227736993339797,0.0146440856643258,0.0032));
#15049=CARTESIAN_POINT('',(-0.00227736993339797,0.0146440856643258,0.003));
#15050=CARTESIAN_POINT('',(-0.00238180632853376,0.014846933277955,0.0032));
#15051=CARTESIAN_POINT('',(-0.00238180632853376,0.014846933277955,0.003));
#15052=CARTESIAN_POINT('',(-0.00238180632853376,0.0151091719184883,0.0032));
#15053=CARTESIAN_POINT('',(-0.00238180632853376,0.0151091719184883,0.003));
#15054=CARTESIAN_POINT('',(-0.00206849714312638,0.0145006290776008,0.0032));
#15055=CARTESIAN_POINT('',(-0.00206849714312638,0.0145006290776008,0.0032));
#15056=CARTESIAN_POINT('',(-0.00206849714312638,0.0145006290776008,0.0032));
#15057=CARTESIAN_POINT('',(-0.00238180632853376,0.0147158139576883,0.0032));
#15058=CARTESIAN_POINT('',(-0.00238180632853376,0.0151091719184883,0.0032));
#15059=CARTESIAN_POINT('',(-0.00117677100004383,0.0142854441975133,0.0032));
#15060=CARTESIAN_POINT('',(-0.00117677100004383,0.0142854441975133,0.003));
#15061=CARTESIAN_POINT('',(-0.00156238230516061,0.0142854441975133,0.0032));
#15062=CARTESIAN_POINT('',(-0.00156238230516061,0.0142854441975133,0.003));
#15063=CARTESIAN_POINT('',(-0.00185962435285479,0.0143571724908758,0.0032));
#15064=CARTESIAN_POINT('',(-0.00185962435285479,0.0143571724908758,0.003));
#15065=CARTESIAN_POINT('',(-0.00206849714312638,0.0145006290776008,0.0032));
#15066=CARTESIAN_POINT('',(-0.00206849714312638,0.0145006290776008,0.003));
#15067=CARTESIAN_POINT('',(-0.00117677100004383,0.0142854441975133,0.0032));
#15068=CARTESIAN_POINT('',(-0.00117677100004383,0.0142854441975133,0.0032));
#15069=CARTESIAN_POINT('',(-0.00117677100004383,0.0142854441975133,0.0032));
#15070=CARTESIAN_POINT('',(-0.001755187957719,0.0142854441975133,0.0032));
#15071=CARTESIAN_POINT('',(-0.00206849714312638,0.0145006290776008,0.0032));
#15072=CARTESIAN_POINT('',(-3.11266984580408E-5,0.0145423749443378,0.0032));
#15073=CARTESIAN_POINT('',(-3.11266984580408E-5,0.0145423749443378,0.003));
#15074=CARTESIAN_POINT('',(-0.000292791512644425,0.0143710877797882,0.0032));
#15075=CARTESIAN_POINT('',(-0.000292791512644425,0.0143710877797882,0.003));
#15076=CARTESIAN_POINT('',(-0.000674672946506354,0.0142854441975133,0.0032));
#15077=CARTESIAN_POINT('',(-0.000674672946506354,0.0142854441975133,0.003));
#15078=CARTESIAN_POINT('',(-0.00117677100004383,0.0142854441975133,0.0032));
#15079=CARTESIAN_POINT('',(-0.00117677100004383,0.0142854441975133,0.003));
#15080=CARTESIAN_POINT('',(-3.11266984580408E-5,0.0145423749443378,0.0032));
#15081=CARTESIAN_POINT('',(-3.11266984580408E-5,0.0145423749443378,0.0032));
#15082=CARTESIAN_POINT('',(-3.11266984580408E-5,0.0145423749443378,0.0032));
#15083=CARTESIAN_POINT('',(-0.000423623919737617,0.0142854441975133,0.0032));
#15084=CARTESIAN_POINT('',(-0.00117677100004383,0.0142854441975133,0.0032));
#15085=CARTESIAN_POINT('',(0.000361370522821536,0.0152890664782414,0.0032));
#15086=CARTESIAN_POINT('',(0.000361370522821536,0.0152890664782414,0.003));
#15087=CARTESIAN_POINT('',(0.000361370522821536,0.0149625592868553,0.0032));
#15088=CARTESIAN_POINT('',(0.000361370522821536,0.0149625592868553,0.003));
#15089=CARTESIAN_POINT('',(0.000230538115728344,0.0147136621088874,0.0032));
#15090=CARTESIAN_POINT('',(0.000230538115728344,0.0147136621088874,0.003));
#15091=CARTESIAN_POINT('',(-3.11266984580408E-5,0.0145423749443378,0.0032));
#15092=CARTESIAN_POINT('',(-3.11266984580408E-5,0.0145423749443378,0.003));
#15093=CARTESIAN_POINT('',(0.000361370522821536,0.0152890664782414,0.0032));
#15094=CARTESIAN_POINT('',(0.000361370522821536,0.0152890664782414,0.0032));
#15095=CARTESIAN_POINT('',(0.000361370522821536,0.0152890664782414,0.0032));
#15096=CARTESIAN_POINT('',(0.000361370522821536,0.0147993056911623,0.0032));
#15097=CARTESIAN_POINT('',(-3.11266984580408E-5,0.0145423749443378,0.0032));
#15098=CARTESIAN_POINT('',(0.000104870145757253,0.0158756604613599,0.0032));
#15099=CARTESIAN_POINT('',(0.000104870145757253,0.0158756604613599,0.003));
#15100=CARTESIAN_POINT('',(0.000275870397133442,0.0157410981830118,0.0032));
#15101=CARTESIAN_POINT('',(0.000275870397133442,0.0157410981830118,0.003));
#15102=CARTESIAN_POINT('',(0.000361370522821536,0.0155455668553057,0.0032));
#15103=CARTESIAN_POINT('',(0.000361370522821536,0.0155455668553057,0.003));
#15104=CARTESIAN_POINT('',(0.000361370522821536,0.0152890664782414,0.0032));
#15105=CARTESIAN_POINT('',(0.000361370522821536,0.0152890664782414,0.003));
#15106=CARTESIAN_POINT('',(0.000104870145757253,0.0158756604613599,0.0032));
#15107=CARTESIAN_POINT('',(0.000104870145757253,0.0158756604613599,0.0032));
#15108=CARTESIAN_POINT('',(0.000104870145757253,0.0158756604613599,0.0032));
#15109=CARTESIAN_POINT('',(0.000361370522821536,0.0156738170438378,0.0032));
#15110=CARTESIAN_POINT('',(0.000361370522821536,0.0152890664782414,0.0032));
#15111=CARTESIAN_POINT('',(-0.000631062144141957,0.0160775038788819,0.0032));
#15112=CARTESIAN_POINT('',(-0.000631062144141957,0.0160775038788819,0.003));
#15113=CARTESIAN_POINT('',(-0.000311440868918676,0.0160775038788819,0.0032));
#15114=CARTESIAN_POINT('',(-0.000311440868918676,0.0160775038788819,0.003));
#15115=CARTESIAN_POINT('',(-6.61301056189395E-5,0.0160102227397079,0.0032));
#15116=CARTESIAN_POINT('',(-6.61301056189395E-5,0.0160102227397079,0.003));
#15117=CARTESIAN_POINT('',(0.000104870145757253,0.0158756604613599,0.0032));
#15118=CARTESIAN_POINT('',(0.000104870145757253,0.0158756604613599,0.003));
#15119=CARTESIAN_POINT('',(-0.000631062144141957,0.0160775038788819,0.0032));
#15120=CARTESIAN_POINT('',(-0.000631062144141957,0.0160775038788819,0.0032));
#15121=CARTESIAN_POINT('',(-0.000631062144141957,0.0160775038788819,0.0032));
#15122=CARTESIAN_POINT('',(-0.000151630231307036,0.0160775038788819,0.0032));
#15123=CARTESIAN_POINT('',(0.000104870145757253,0.0158756604613599,0.0032));
#15124=CARTESIAN_POINT('',(-0.000891866218807994,0.0160775038788819,0.0032));
#15125=CARTESIAN_POINT('',(-0.00115267029347403,0.0160775038788819,0.0032));
#15126=CARTESIAN_POINT('',(-0.00115267029347403,0.0160775038788819,0.0032));
#15127=CARTESIAN_POINT('',(-0.000891866218807994,0.0160775038788819,0.0032));
#15128=CARTESIAN_POINT('',(-0.00149395351329279,0.0161351734267454,0.0032));
#15129=CARTESIAN_POINT('',(-0.00149395351329279,0.0161351734267454,0.003));
#15130=CARTESIAN_POINT('',(-0.00142767657022584,0.0160967270615031,0.0032));
#15131=CARTESIAN_POINT('',(-0.00142767657022584,0.0160967270615031,0.003));
#15132=CARTESIAN_POINT('',(-0.00131391549695292,0.0160775038788819,0.0032));
#15133=CARTESIAN_POINT('',(-0.00131391549695292,0.0160775038788819,0.003));
#15134=CARTESIAN_POINT('',(-0.00115267029347403,0.0160775038788819,0.0032));
#15135=CARTESIAN_POINT('',(-0.00115267029347403,0.0160775038788819,0.003));
#15136=CARTESIAN_POINT('',(-0.00149395351329279,0.0161351734267454,0.0032));
#15137=CARTESIAN_POINT('',(-0.00149395351329279,0.0161351734267454,0.0032));
#15138=CARTESIAN_POINT('',(-0.00149395351329279,0.0161351734267454,0.0032));
#15139=CARTESIAN_POINT('',(-0.00139453809869237,0.0160775038788819,0.0032));
#15140=CARTESIAN_POINT('',(-0.00115267029347403,0.0160775038788819,0.0032));
#15141=CARTESIAN_POINT('',(-0.00140134649166142,0.0163029945390594,0.0032));
#15142=CARTESIAN_POINT('',(-0.0015933689278932,0.0163142072469782,0.0032));
#15143=CARTESIAN_POINT('',(-0.0015933689278932,0.0163142072469782,0.0032));
#15144=CARTESIAN_POINT('',(-0.00140134649166142,0.0163029945390594,0.0032));
#15145=CARTESIAN_POINT('',(-0.00130846414665737,0.0166929326359322,0.0032));
#15146=CARTESIAN_POINT('',(-0.00130846414665737,0.0166929326359322,0.003));
#15147=CARTESIAN_POINT('',(-0.00149840066748126,0.0165925130252247,0.0032));
#15148=CARTESIAN_POINT('',(-0.00149840066748126,0.0165925130252247,0.003));
#15149=CARTESIAN_POINT('',(-0.00159336892789321,0.0164662712289067,0.0032));
#15150=CARTESIAN_POINT('',(-0.00159336892789321,0.0164662712289067,0.003));
#15151=CARTESIAN_POINT('',(-0.0015933689278932,0.0163142072469782,0.0032));
#15152=CARTESIAN_POINT('',(-0.0015933689278932,0.0163142072469782,0.003));
#15153=CARTESIAN_POINT('',(-0.00130846414665737,0.0166929326359322,0.0032));
#15154=CARTESIAN_POINT('',(-0.00130846414665737,0.0166929326359322,0.0032));
#15155=CARTESIAN_POINT('',(-0.00130846414665737,0.0166929326359322,0.0032));
#15156=CARTESIAN_POINT('',(-0.0015933689278932,0.0165423032198709,0.0032));
#15157=CARTESIAN_POINT('',(-0.0015933689278932,0.0163142072469782,0.0032));
#15158=CARTESIAN_POINT('',(-0.00106963186397641,0.0180200986995016,0.0032));
#15159=CARTESIAN_POINT('',(-0.00106143190431693,0.0166714141479234,0.0032));
#15160=CARTESIAN_POINT('',(-0.00106143190431693,0.0166714141479234,0.0032));
#15161=CARTESIAN_POINT('',(-0.00106963186397641,0.0180200986995016,0.0032));
#15162=CARTESIAN_POINT('',(-0.000248893797106582,0.0169296360040284,0.0032));
#15163=CARTESIAN_POINT('',(-0.000248893797106582,0.0169296360040284,0.003));
#15164=CARTESIAN_POINT('',(-0.000446290060440171,0.0167574880999584,0.0032));
#15165=CARTESIAN_POINT('',(-0.000446290060440171,0.0167574880999584,0.003));
#15166=CARTESIAN_POINT('',(-0.000717136096176955,0.0166714141479234,0.0032));
#15167=CARTESIAN_POINT('',(-0.000717136096176955,0.0166714141479234,0.003));
#15168=CARTESIAN_POINT('',(-0.00106143190431693,0.0166714141479234,0.0032));
#15169=CARTESIAN_POINT('',(-0.00106143190431693,0.0166714141479234,0.003));
#15170=CARTESIAN_POINT('',(-0.000248893797106582,0.0169296360040284,0.0032));
#15171=CARTESIAN_POINT('',(-0.000248893797106582,0.0169296360040284,0.0032));
#15172=CARTESIAN_POINT('',(-0.000248893797106582,0.0169296360040284,0.0032));
#15173=CARTESIAN_POINT('',(-0.000544988192106966,0.0166714141479234,0.0032));
#15174=CARTESIAN_POINT('',(-0.00106143190431693,0.0166714141479234,0.0032));
#15175=CARTESIAN_POINT('',(4.72005978938081E-5,0.0176216705783898,0.0032));
#15176=CARTESIAN_POINT('',(4.72005978938081E-5,0.0176216705783898,0.003));
#15177=CARTESIAN_POINT('',(4.72005978938081E-5,0.0173324620995522,0.0032));
#15178=CARTESIAN_POINT('',(4.72005978938081E-5,0.0173324620995522,0.003));
#15179=CARTESIAN_POINT('',(-5.14975337729886E-5,0.0171017839080984,0.0032));
#15180=CARTESIAN_POINT('',(-5.14975337729886E-5,0.0171017839080984,0.003));
#15181=CARTESIAN_POINT('',(-0.000248893797106582,0.0169296360040284,0.0032));
#15182=CARTESIAN_POINT('',(-0.000248893797106582,0.0169296360040284,0.003));
#15183=CARTESIAN_POINT('',(4.72005978938081E-5,0.0176216705783898,0.0032));
#15184=CARTESIAN_POINT('',(4.72005978938081E-5,0.0176216705783898,0.0032));
#15185=CARTESIAN_POINT('',(4.72005978938081E-5,0.0176216705783898,0.0032));
#15186=CARTESIAN_POINT('',(4.72005978938081E-5,0.0171878578601334,0.0032));
#15187=CARTESIAN_POINT('',(-0.000248893797106582,0.0169296360040284,0.0032));
#15188=CARTESIAN_POINT('',(-0.000891792835444987,0.0176376548389787,0.0032));
#15189=CARTESIAN_POINT('',(-1.21904290103433E-5,0.017964244907489,0.0032));
#15190=CARTESIAN_POINT('',(-1.22416692937443E-5,0.0179642280175133,0.0032));
#15191=CARTESIAN_POINT('',(-0.000891792835444987,0.0176376548389787,0.0032));
#15192=CARTESIAN_POINT('',(-0.000909066150709406,0.0176390035388021,0.0032));
#15193=CARTESIAN_POINT('',(-0.00014580665261288,0.0182104944134671,0.0032));
#15194=CARTESIAN_POINT('',(-0.000145806659163789,0.0182104943981935,0.0032));
#15195=CARTESIAN_POINT('',(-0.000909066150709406,0.0176390035388021,0.0032));
#15196=CARTESIAN_POINT('',(-0.00174959315083673,0.0147511042780227,0.0032));
#15197=CARTESIAN_POINT('',(-0.00174959315083673,0.0147511042780227,0.003));
#15198=CARTESIAN_POINT('',(-0.00161503087248868,0.0146684732840691,0.0032));
#15199=CARTESIAN_POINT('',(-0.00161503087248868,0.0146684732840691,0.003));
#15200=CARTESIAN_POINT('',(-0.00142236867651702,0.0146271577870923,0.0032));
#15201=CARTESIAN_POINT('',(-0.00142236867651702,0.0146271577870923,0.003));
#15202=CARTESIAN_POINT('',(-0.00117160656292173,0.0146271577870923,0.0032));
#15203=CARTESIAN_POINT('',(-0.00117160656292173,0.0146271577870923,0.003));
#15204=CARTESIAN_POINT('',(-0.00174959315083673,0.0147511042780227,0.003));
#15205=CARTESIAN_POINT('',(-0.00154774973331466,0.0146271577870923,0.003));
#15206=CARTESIAN_POINT('',(-0.00117160656292173,0.0146271577870923,0.003));
#15207=CARTESIAN_POINT('',(-0.00174959315083673,0.0147511042780227,0.0032));
#15208=CARTESIAN_POINT('',(-0.00154774973331466,0.0146271577870923,0.0032));
#15209=CARTESIAN_POINT('',(-0.00117160656292173,0.0146271577870923,0.0032));
#15210=CARTESIAN_POINT('',(0.000126388633766003,0.0182426941423223,0.0032));
#15211=CARTESIAN_POINT('',(0.000126388633766003,0.0182426941423223,0.0032));
#15212=CARTESIAN_POINT('',(-0.00153483864050941,0.017145251253876,0.0032));
#15213=CARTESIAN_POINT('',(-0.00153483864050941,0.017145251253876,0.003));
#15214=CARTESIAN_POINT('',(-0.00141835189208872,0.017039380292873,0.0032));
#15215=CARTESIAN_POINT('',(-0.00141835189208872,0.017039380292873,0.003));
#15216=CARTESIAN_POINT('',(-0.00125595903591602,0.0169864448123715,0.0032));
#15217=CARTESIAN_POINT('',(-0.00125595903591602,0.0169864448123715,0.003));
#15218=CARTESIAN_POINT('',(-0.00104766007199133,0.0169864448123715,0.0032));
#15219=CARTESIAN_POINT('',(-0.00104766007199133,0.0169864448123715,0.003));
#15220=CARTESIAN_POINT('',(-0.00153483864050941,0.017145251253876,0.003));
#15221=CARTESIAN_POINT('',(-0.00136010851787837,0.0169864448123715,0.003));
#15222=CARTESIAN_POINT('',(-0.00104766007199133,0.0169864448123715,0.003));
#15223=CARTESIAN_POINT('',(-0.00153483864050941,0.017145251253876,0.0032));
#15224=CARTESIAN_POINT('',(-0.00136010851787837,0.0169864448123715,0.0032));
#15225=CARTESIAN_POINT('',(-0.00104766007199133,0.0169864448123715,0.0032));
#15226=CARTESIAN_POINT('',(6.93889390390723E-18,0.00562997284531592,0.0032));
#15227=CARTESIAN_POINT('',(0.,0.00562997284531593,0.003));
#15228=CARTESIAN_POINT('',(0.,0.00562997284531593,0.003));
#15229=CARTESIAN_POINT('',(-0.00337682121405831,0.0165629609683593,0.0032));
#15230=CARTESIAN_POINT('',(-0.00337682121405831,0.0156092615798115,0.0032));
#15231=CARTESIAN_POINT('',(-0.00337682121405831,0.0156092615798115,0.0032));
#15232=CARTESIAN_POINT('',(-0.00337682121405831,0.0165629609683593,0.0032));
#15233=CARTESIAN_POINT('',(-0.00337682121405831,0.0175166603569071,0.0032));
#15234=CARTESIAN_POINT('',(-0.00337682121405831,0.0175166603569071,0.0032));
#15235=CARTESIAN_POINT('',(-0.0031534593085275,0.0156092615798115,0.0032));
#15236=CARTESIAN_POINT('',(-0.00293009740299669,0.0156092615798115,0.0032));
#15237=CARTESIAN_POINT('',(-0.00293009740299669,0.0156092615798115,0.0032));
#15238=CARTESIAN_POINT('',(-0.0031534593085275,0.0156092615798115,0.0032));
#15239=CARTESIAN_POINT('',(-0.00293009740299669,0.0165707076240425,0.0032));
#15240=CARTESIAN_POINT('',(-0.00293009740299669,0.0175321536682734,0.0032));
#15241=CARTESIAN_POINT('',(-0.00293009740299669,0.0175321536682734,0.0032));
#15242=CARTESIAN_POINT('',(-0.00293009740299669,0.0165707076240425,0.0032));
#15243=CARTESIAN_POINT('',(-0.00319907850310604,0.0183545902799677,0.0032));
#15244=CARTESIAN_POINT('',(-0.00319907850310604,0.0183545902799677,0.003));
#15245=CARTESIAN_POINT('',(-0.00301975776969981,0.0181833031154181,0.0032));
#15246=CARTESIAN_POINT('',(-0.00301975776969981,0.0181833031154181,0.003));
#15247=CARTESIAN_POINT('',(-0.00293009740299669,0.0179091575781867,0.0032));
#15248=CARTESIAN_POINT('',(-0.00293009740299669,0.0179091575781867,0.003));
#15249=CARTESIAN_POINT('',(-0.00293009740299669,0.0175321536682734,0.0032));
#15250=CARTESIAN_POINT('',(-0.00293009740299669,0.0175321536682734,0.003));
#15251=CARTESIAN_POINT('',(-0.00319907850310604,0.0183545902799677,0.0032));
#15252=CARTESIAN_POINT('',(-0.00319907850310604,0.0183545902799677,0.0032));
#15253=CARTESIAN_POINT('',(-0.00319907850310604,0.0183545902799677,0.0032));
#15254=CARTESIAN_POINT('',(-0.00293009740299669,0.0180976595331433,0.0032));
#15255=CARTESIAN_POINT('',(-0.00293009740299669,0.0175321536682734,0.0032));
#15256=CARTESIAN_POINT('',(-0.00400085736631203,0.0186115210267922,0.0032));
#15257=CARTESIAN_POINT('',(-0.00400085736631203,0.0186115210267922,0.003));
#15258=CARTESIAN_POINT('',(-0.00364565885758094,0.0186115210267922,0.0032));
#15259=CARTESIAN_POINT('',(-0.00364565885758094,0.0186115210267922,0.003));
#15260=CARTESIAN_POINT('',(-0.00337839923651228,0.0185258774445174,0.0032));
#15261=CARTESIAN_POINT('',(-0.00337839923651228,0.0185258774445174,0.003));
#15262=CARTESIAN_POINT('',(-0.00319907850310604,0.0183545902799677,0.0032));
#15263=CARTESIAN_POINT('',(-0.00319907850310604,0.0183545902799677,0.003));
#15264=CARTESIAN_POINT('',(-0.00400085736631203,0.0186115210267922,0.0032));
#15265=CARTESIAN_POINT('',(-0.00400085736631203,0.0186115210267922,0.0032));
#15266=CARTESIAN_POINT('',(-0.00400085736631203,0.0186115210267922,0.0032));
#15267=CARTESIAN_POINT('',(-0.00346805960321541,0.0186115210267922,0.0032));
#15268=CARTESIAN_POINT('',(-0.00319907850310604,0.0183545902799677,0.0032));
#15269=CARTESIAN_POINT('',(-0.00402053462514216,0.0173644350161874,0.0032));
#15270=CARTESIAN_POINT('',(-0.00455216102909618,0.0184914478637034,0.0032));
#15271=CARTESIAN_POINT('',(-0.00455215597465734,0.0184914337849457,0.0032));
#15272=CARTESIAN_POINT('',(-0.00402053462514216,0.0173644350161874,0.0032));
#15273=CARTESIAN_POINT('',(-0.00416495697439763,0.0176591624489384,0.0032));
#15274=CARTESIAN_POINT('',(-0.00493771768292499,0.018153607601966,0.0032));
#15275=CARTESIAN_POINT('',(-0.00493771768292499,0.018153607601966,0.0032));
#15276=CARTESIAN_POINT('',(-0.00416495697439763,0.0176591624489384,0.0032));
#15277=CARTESIAN_POINT('',(-0.00494810120845715,0.018153607601966,0.0032));
#15278=CARTESIAN_POINT('',(-0.00495886045246153,0.018153607601966,0.0032));
#15279=CARTESIAN_POINT('',(-0.00495886045246153,0.018153607601966,0.0032));
#15280=CARTESIAN_POINT('',(-0.00494810120845715,0.018153607601966,0.0032));
#15281=CARTESIAN_POINT('',(-0.00499501151231623,0.0183554510194881,0.0032));
#15282=CARTESIAN_POINT('',(-0.00503116257217092,0.0185572944370101,0.0032));
#15283=CARTESIAN_POINT('',(-0.00503116257217092,0.0185572944370101,0.0032));
#15284=CARTESIAN_POINT('',(-0.00499501151231623,0.0183554510194881,0.0032));
#15285=CARTESIAN_POINT('',(-0.00521277861096476,0.0185572944370101,0.0032));
#15286=CARTESIAN_POINT('',(-0.00539439464975861,0.0185572944370101,0.0032));
#15287=CARTESIAN_POINT('',(-0.00539439464975861,0.0185572944370101,0.0032));
#15288=CARTESIAN_POINT('',(-0.00521277861096476,0.0185572944370101,0.0032));
#15289=CARTESIAN_POINT('',(-0.00539439464975861,0.0170832780084108,0.0032));
#15290=CARTESIAN_POINT('',(-0.00539439464975861,0.0156092615798115,0.0032));
#15291=CARTESIAN_POINT('',(-0.00539439464975861,0.0156092615798115,0.0032));
#15292=CARTESIAN_POINT('',(-0.00539439464975861,0.0170832780084108,0.0032));
#15293=CARTESIAN_POINT('',(-0.00517103274422779,0.0156092615798115,0.0032));
#15294=CARTESIAN_POINT('',(-0.00494767083869697,0.0156092615798115,0.0032));
#15295=CARTESIAN_POINT('',(-0.00494767083869697,0.0156092615798115,0.0032));
#15296=CARTESIAN_POINT('',(-0.00517103274422779,0.0156092615798115,0.0032));
#15297=CARTESIAN_POINT('',(-0.00494767083869697,0.016382636038846,0.0032));
#15298=CARTESIAN_POINT('',(-0.00494767083869697,0.0171560104978805,0.0032));
#15299=CARTESIAN_POINT('',(-0.00494767083869697,0.0171560104978805,0.0032));
#15300=CARTESIAN_POINT('',(-0.00494767083869697,0.016382636038846,0.0032));
#15301=CARTESIAN_POINT('',(-0.00473248595860949,0.0179818900676562,0.0032));
#15302=CARTESIAN_POINT('',(-0.00473248595860949,0.0179818900676562,0.003));
#15303=CARTESIAN_POINT('',(-0.00487594254533448,0.0178151935138818,0.0032));
#15304=CARTESIAN_POINT('',(-0.00487594254533448,0.0178151935138818,0.003));
#15305=CARTESIAN_POINT('',(-0.00494767083869697,0.0175399003239565,0.0032));
#15306=CARTESIAN_POINT('',(-0.00494767083869697,0.0175399003239565,0.003));
#15307=CARTESIAN_POINT('',(-0.00494767083869697,0.0171560104978805,0.0032));
#15308=CARTESIAN_POINT('',(-0.00494767083869697,0.0171560104978805,0.003));
#15309=CARTESIAN_POINT('',(-0.00473248595860949,0.0179818900676562,0.0032));
#15310=CARTESIAN_POINT('',(-0.00473248595860949,0.0179818900676562,0.0032));
#15311=CARTESIAN_POINT('',(-0.00473248595860949,0.0179818900676562,0.0032));
#15312=CARTESIAN_POINT('',(-0.00494767083869697,0.0177318452369946,0.0032));
#15313=CARTESIAN_POINT('',(-0.00494767083869697,0.0171560104978805,0.0032));
#15314=CARTESIAN_POINT('',(-0.00405508395609407,0.0182319348983179,0.0032));
#15315=CARTESIAN_POINT('',(-0.00405508395609407,0.0182319348983179,0.003));
#15316=CARTESIAN_POINT('',(-0.00436322870437936,0.0182319348983179,0.0032));
#15317=CARTESIAN_POINT('',(-0.00436322870437936,0.0182319348983179,0.003));
#15318=CARTESIAN_POINT('',(-0.0045890293718845,0.0181485866214307,0.0032));
#15319=CARTESIAN_POINT('',(-0.0045890293718845,0.0181485866214307,0.003));
#15320=CARTESIAN_POINT('',(-0.00473248595860949,0.0179818900676562,0.0032));
#15321=CARTESIAN_POINT('',(-0.00473248595860949,0.0179818900676562,0.003));
#15322=CARTESIAN_POINT('',(-0.00405508395609407,0.0182319348983179,0.0032));
#15323=CARTESIAN_POINT('',(-0.00405508395609407,0.0182319348983179,0.0032));
#15324=CARTESIAN_POINT('',(-0.00405508395609407,0.0182319348983179,0.0032));
#15325=CARTESIAN_POINT('',(-0.004517301078522,0.0182319348983179,0.0032));
#15326=CARTESIAN_POINT('',(-0.00473248595860949,0.0179818900676562,0.0032));
#15327=CARTESIAN_POINT('',(-0.00354079209268498,0.0180541921873656,0.0032));
#15328=CARTESIAN_POINT('',(-0.00354079209268498,0.0180541921873656,0.003));
#15329=CARTESIAN_POINT('',(-0.00365010601176942,0.0181726873280005,0.0032));
#15330=CARTESIAN_POINT('',(-0.00365010601176942,0.0181726873280005,0.003));
#15331=CARTESIAN_POINT('',(-0.00382153663290579,0.0182319348983179,0.0032));
#15332=CARTESIAN_POINT('',(-0.00382153663290579,0.0182319348983179,0.003));
#15333=CARTESIAN_POINT('',(-0.00405508395609407,0.0182319348983179,0.0032));
#15334=CARTESIAN_POINT('',(-0.00405508395609407,0.0182319348983179,0.003));
#15335=CARTESIAN_POINT('',(-0.00354079209268498,0.0180541921873656,0.0032));
#15336=CARTESIAN_POINT('',(-0.00354079209268498,0.0180541921873656,0.0032));
#15337=CARTESIAN_POINT('',(-0.00354079209268498,0.0180541921873656,0.0032));
#15338=CARTESIAN_POINT('',(-0.00370476297131164,0.0182319348983179,0.0032));
#15339=CARTESIAN_POINT('',(-0.00405508395609407,0.0182319348983179,0.0032));
#15340=CARTESIAN_POINT('',(-0.00337682121405831,0.0175166603569071,0.0032));
#15341=CARTESIAN_POINT('',(-0.00337682121405831,0.0175166603569071,0.003));
#15342=CARTESIAN_POINT('',(-0.00337682121405831,0.0177565197699113,0.0032));
#15343=CARTESIAN_POINT('',(-0.00337682121405831,0.0177565197699113,0.003));
#15344=CARTESIAN_POINT('',(-0.00343147817360053,0.0179356970467308,0.0032));
#15345=CARTESIAN_POINT('',(-0.00343147817360053,0.0179356970467308,0.003));
#15346=CARTESIAN_POINT('',(-0.00354079209268498,0.0180541921873656,0.0032));
#15347=CARTESIAN_POINT('',(-0.00354079209268498,0.0180541921873656,0.003));
#15348=CARTESIAN_POINT('',(-0.00337682121405831,0.0175166603569071,0.0032));
#15349=CARTESIAN_POINT('',(-0.00337682121405831,0.0178764494764133,0.0032));
#15350=CARTESIAN_POINT('',(-0.00354079209268498,0.0180541921873656,0.0032));
#15351=CARTESIAN_POINT('',(6.93889390390723E-18,0.00562997284531592,0.0032));
#15352=CARTESIAN_POINT('',(-0.00682580447210058,0.0193560607118949,0.0032));
#15353=CARTESIAN_POINT('',(-0.00682580447210058,0.0193560607118949,0.003));
#15354=CARTESIAN_POINT('',(-0.00682580447210058,0.0194582018016431,0.0032));
#15355=CARTESIAN_POINT('',(-0.00682580447210058,0.0194582018016431,0.003));
#15356=CARTESIAN_POINT('',(-0.0068006995694237,0.0195330861399136,0.0032));
#15357=CARTESIAN_POINT('',(-0.0068006995694237,0.0195330861399136,0.003));
#15358=CARTESIAN_POINT('',(-0.00675048976406995,0.0195807137267063,0.0032));
#15359=CARTESIAN_POINT('',(-0.00675048976406995,0.0195807137267063,0.003));
#15360=CARTESIAN_POINT('',(-0.00682580447210058,0.0193560607118949,0.0032));
#15361=CARTESIAN_POINT('',(-0.00682580447210058,0.0193560607118949,0.0032));
#15362=CARTESIAN_POINT('',(-0.00682580447210058,0.0193560607118949,0.0032));
#15363=CARTESIAN_POINT('',(-0.00682580447210058,0.0195092723465172,0.0032));
#15364=CARTESIAN_POINT('',(-0.00675048976406995,0.0195807137267063,0.0032));
#15365=CARTESIAN_POINT('',(-0.00675048976406995,0.0195807137267063,0.0032));
#15366=CARTESIAN_POINT('',(-0.00675048976406995,0.0195807137267063,0.0032));
#15367=CARTESIAN_POINT('',(-0.00675048976406995,0.0191314076970836,0.0032));
#15368=CARTESIAN_POINT('',(-0.00675048976406995,0.0191314076970836,0.003));
#15369=CARTESIAN_POINT('',(-0.0068006995694237,0.019180756762917,0.0032));
#15370=CARTESIAN_POINT('',(-0.0068006995694237,0.019180756762917,0.003));
#15371=CARTESIAN_POINT('',(-0.00682580447210058,0.0192556411011874,0.0032));
#15372=CARTESIAN_POINT('',(-0.00682580447210058,0.0192556411011874,0.003));
#15373=CARTESIAN_POINT('',(-0.00682580447210058,0.0193560607118949,0.0032));
#15374=CARTESIAN_POINT('',(-0.00682580447210058,0.0193560607118949,0.003));
#15375=CARTESIAN_POINT('',(-0.00675048976406995,0.0191314076970836,0.0032));
#15376=CARTESIAN_POINT('',(-0.00675048976406995,0.0191314076970836,0.0032));
#15377=CARTESIAN_POINT('',(-0.00675048976406995,0.0191314076970836,0.0032));
#15378=CARTESIAN_POINT('',(-0.00682580447210058,0.0192054312958337,0.0032));
#15379=CARTESIAN_POINT('',(-0.00682580447210058,0.0193560607118949,0.0032));
#15380=CARTESIAN_POINT('',(-0.00657007939512321,0.0193157673429923,0.0032));
#15381=CARTESIAN_POINT('',(-0.00656155743935314,0.0190573840983335,0.0032));
#15382=CARTESIAN_POINT('',(-0.00656156583996393,0.0190575934615258,0.0032));
#15383=CARTESIAN_POINT('',(-0.00657007939512321,0.0193157673429923,0.0032));
#15384=CARTESIAN_POINT('',(-0.00655757062467019,0.0193168394981912,0.0032));
#15385=CARTESIAN_POINT('',(-0.00637606807271773,0.0191314076970836,0.0032));
#15386=CARTESIAN_POINT('',(-0.00637606807271773,0.0191314076970836,0.0032));
#15387=CARTESIAN_POINT('',(-0.00655757062467019,0.0193168394981912,0.0032));
#15388=CARTESIAN_POINT('',(-0.00629817114612605,0.0193560607118949,0.0032));
#15389=CARTESIAN_POINT('',(-0.00629817114612605,0.0193560607118949,0.003));
#15390=CARTESIAN_POINT('',(-0.00629817114612605,0.0192556411011874,0.0032));
#15391=CARTESIAN_POINT('',(-0.00629817114612605,0.0192556411011874,0.003));
#15392=CARTESIAN_POINT('',(-0.00632413678832328,0.019180756762917,0.0032));
#15393=CARTESIAN_POINT('',(-0.00632413678832328,0.019180756762917,0.003));
#15394=CARTESIAN_POINT('',(-0.00637606807271773,0.0191314076970836,0.0032));
#15395=CARTESIAN_POINT('',(-0.00637606807271773,0.0191314076970836,0.003));
#15396=CARTESIAN_POINT('',(-0.00629817114612605,0.0193560607118949,0.0032));
#15397=CARTESIAN_POINT('',(-0.00629817114612605,0.0193560607118949,0.0032));
#15398=CARTESIAN_POINT('',(-0.00629817114612605,0.0193560607118949,0.0032));
#15399=CARTESIAN_POINT('',(-0.00629817114612605,0.0192054312958337,0.0032));
#15400=CARTESIAN_POINT('',(-0.00637606807271773,0.0191314076970836,0.0032));
#15401=CARTESIAN_POINT('',(-0.00637606807271773,0.0195794226174258,0.0032));
#15402=CARTESIAN_POINT('',(-0.00637606807271773,0.0195794226174258,0.003));
#15403=CARTESIAN_POINT('',(-0.00632413678832328,0.0195309342911127,0.0032));
#15404=CARTESIAN_POINT('',(-0.00632413678832328,0.0195309342911127,0.003));
#15405=CARTESIAN_POINT('',(-0.00629817114612605,0.0194564803226024,0.0032));
#15406=CARTESIAN_POINT('',(-0.00629817114612605,0.0194564803226024,0.003));
#15407=CARTESIAN_POINT('',(-0.00629817114612605,0.0193560607118949,0.0032));
#15408=CARTESIAN_POINT('',(-0.00629817114612605,0.0193560607118949,0.003));
#15409=CARTESIAN_POINT('',(-0.00637606807271773,0.0195794226174258,0.0032));
#15410=CARTESIAN_POINT('',(-0.00637606807271773,0.0195794226174258,0.0032));
#15411=CARTESIAN_POINT('',(-0.00637606807271773,0.0195794226174258,0.0032));
#15412=CARTESIAN_POINT('',(-0.00629817114612605,0.0195066901279561,0.0032));
#15413=CARTESIAN_POINT('',(-0.00629817114612605,0.0193560607118949,0.0032));
#15414=CARTESIAN_POINT('',(-0.0065571725742909,0.0193901907522564,0.0032));
#15415=CARTESIAN_POINT('',(-0.00656155743935314,0.0196521551068953,0.0032));
#15416=CARTESIAN_POINT('',(-0.0065615610329214,0.0196519247634814,0.0032));
#15417=CARTESIAN_POINT('',(-0.0065571725742909,0.0193901907522564,0.0032));
#15418=CARTESIAN_POINT('',(-0.00657080732584543,0.0193885405390888,0.0032));
#15419=CARTESIAN_POINT('',(-0.00657080732584543,0.0193885405390888,0.0032));
#15420=CARTESIAN_POINT('',(6.93889390390723E-18,0.00562997284531592,0.0032));
#15421=CARTESIAN_POINT('',(-0.00656457002767437,0.0156092615798115,0.0032));
#15422=CARTESIAN_POINT('',(-0.00634120812214355,0.0156092615798115,0.0032));
#15423=CARTESIAN_POINT('',(-0.00634120812214355,0.0156092615798115,0.0032));
#15424=CARTESIAN_POINT('',(-0.00656457002767437,0.0156092615798115,0.0032));
#15425=CARTESIAN_POINT('',(-0.00678793193320518,0.0156092615798115,0.0032));
#15426=CARTESIAN_POINT('',(-0.00678793193320518,0.0156092615798115,0.0032));
#15427=CARTESIAN_POINT('',(-0.00634120812214355,0.0170832780084108,0.0032));
#15428=CARTESIAN_POINT('',(-0.00634120812214355,0.0185572944370101,0.0032));
#15429=CARTESIAN_POINT('',(-0.00634120812214355,0.0185572944370101,0.0032));
#15430=CARTESIAN_POINT('',(-0.00634120812214355,0.0170832780084108,0.0032));
#15431=CARTESIAN_POINT('',(-0.00656457002767437,0.0185572944370101,0.0032));
#15432=CARTESIAN_POINT('',(-0.00678793193320518,0.0185572944370101,0.0032));
#15433=CARTESIAN_POINT('',(-0.00678793193320518,0.0185572944370101,0.0032));
#15434=CARTESIAN_POINT('',(-0.00656457002767437,0.0185572944370101,0.0032));
#15435=CARTESIAN_POINT('',(-0.00678793193320518,0.0170832780084108,0.0032));
#15436=CARTESIAN_POINT('',(-0.00678793193320518,0.0170832780084108,0.0032));
#15437=CARTESIAN_POINT('',(6.93889390390723E-18,0.00562997284531592,0.0032));
#15438=CARTESIAN_POINT('',(-0.00854857462208101,0.0156092615798115,0.0032));
#15439=CARTESIAN_POINT('',(-0.00747910576804619,0.0156092615798115,0.0032));
#15440=CARTESIAN_POINT('',(-0.00747910576804619,0.0156092615798115,0.0032));
#15441=CARTESIAN_POINT('',(-0.00854857462208101,0.0156092615798115,0.0032));
#15442=CARTESIAN_POINT('',(-0.00961804347611582,0.0156092615798115,0.0032));
#15443=CARTESIAN_POINT('',(-0.00961804347611582,0.0156092615798115,0.0032));
#15444=CARTESIAN_POINT('',(-0.00747910576804619,0.0157827005931621,0.0032));
#15445=CARTESIAN_POINT('',(-0.00747910576804619,0.0159561396065126,0.0032));
#15446=CARTESIAN_POINT('',(-0.00747910576804619,0.0159561396065126,0.0032));
#15447=CARTESIAN_POINT('',(-0.00747910576804619,0.0157827005931621,0.0032));
#15448=CARTESIAN_POINT('',(-0.00829293498453707,0.0159561396065126,0.0032));
#15449=CARTESIAN_POINT('',(-0.00910676420102795,0.0159561396065126,0.0032));
#15450=CARTESIAN_POINT('',(-0.00910676420102795,0.0159561396065126,0.0032));
#15451=CARTESIAN_POINT('',(-0.00829293498453707,0.0159561396065126,0.0032));
#15452=CARTESIAN_POINT('',(-0.0083131623632653,0.0170832780084108,0.0032));
#15453=CARTESIAN_POINT('',(-0.00751956052550264,0.0182104164103091,0.0032));
#15454=CARTESIAN_POINT('',(-0.00751956052550264,0.0182104164103091,0.0032));
#15455=CARTESIAN_POINT('',(-0.0083131623632653,0.0170832780084108,0.0032));
#15456=CARTESIAN_POINT('',(-0.00751956052550264,0.0183838554236597,0.0032));
#15457=CARTESIAN_POINT('',(-0.00751956052550264,0.0185572944370101,0.0032));
#15458=CARTESIAN_POINT('',(-0.00751956052550264,0.0185572944370101,0.0032));
#15459=CARTESIAN_POINT('',(-0.00751956052550264,0.0183838554236597,0.0032));
#15460=CARTESIAN_POINT('',(-0.00851887910862893,0.0185572944370101,0.0032));
#15461=CARTESIAN_POINT('',(-0.00951819769175523,0.0185572944370101,0.0032));
#15462=CARTESIAN_POINT('',(-0.00951819769175523,0.0185572944370101,0.0032));
#15463=CARTESIAN_POINT('',(-0.00851887910862893,0.0185572944370101,0.0032));
#15464=CARTESIAN_POINT('',(-0.00951819769175523,0.0183838554236597,0.0032));
#15465=CARTESIAN_POINT('',(-0.00951819769175523,0.0182104164103091,0.0032));
#15466=CARTESIAN_POINT('',(-0.00951819769175523,0.0182104164103091,0.0032));
#15467=CARTESIAN_POINT('',(-0.00951819769175523,0.0183838554236597,0.0032));
#15468=CARTESIAN_POINT('',(-0.0087637595021685,0.0182104164103091,0.0032));
#15469=CARTESIAN_POINT('',(-0.00800932131258176,0.0182104164103091,0.0032));
#15470=CARTESIAN_POINT('',(-0.00800932131258176,0.0182104164103091,0.0032));
#15471=CARTESIAN_POINT('',(-0.0087637595021685,0.0182104164103091,0.0032));
#15472=CARTESIAN_POINT('',(-0.00881368239434879,0.0170617595204021,0.0032));
#15473=CARTESIAN_POINT('',(-0.00961804347611582,0.0159131026304951,0.0032));
#15474=CARTESIAN_POINT('',(-0.00961804347611582,0.0159131026304951,0.0032));
#15475=CARTESIAN_POINT('',(-0.00881368239434879,0.0170617595204021,0.0032));
#15476=CARTESIAN_POINT('',(-0.00961804347611582,0.0157611821051533,0.0032));
#15477=CARTESIAN_POINT('',(-0.00961804347611582,0.0157611821051533,0.0032));
#15478=CARTESIAN_POINT('',(6.93889390390723E-18,0.00562997284531592,0.0032));
#15479=CARTESIAN_POINT('',(-0.0116244272980516,0.0159242922442597,0.0032));
#15480=CARTESIAN_POINT('',(-0.0116244272980516,0.0159242922442597,0.003));
#15481=CARTESIAN_POINT('',(-0.0113461215198051,0.0159242922442597,0.0032));
#15482=CARTESIAN_POINT('',(-0.0113461215198051,0.0159242922442597,0.003));
#15483=CARTESIAN_POINT('',(-0.0111276371382229,0.0160004676918106,0.0032));
#15484=CARTESIAN_POINT('',(-0.0111276371382229,0.0160004676918106,0.003));
#15485=CARTESIAN_POINT('',(-0.0109689741533051,0.0161528185869125,0.0032));
#15486=CARTESIAN_POINT('',(-0.0109689741533051,0.0161528185869125,0.003));
#15487=CARTESIAN_POINT('',(-0.0116244272980516,0.0159242922442597,0.003));
#15488=CARTESIAN_POINT('',(-0.0112069686306818,0.0159242922442597,0.003));
#15489=CARTESIAN_POINT('',(-0.0109689741533051,0.0161528185869125,0.003));
#15490=CARTESIAN_POINT('',(-0.0116244272980516,0.0159242922442597,0.003));
#15491=CARTESIAN_POINT('',(-0.0109689741533051,0.0161528185869125,0.003));
#15492=CARTESIAN_POINT('',(-0.0116244272980516,0.0159242922442597,0.0032));
#15493=CARTESIAN_POINT('',(-0.0116244272980516,0.0159242922442597,0.0032));
#15494=CARTESIAN_POINT('',(-0.0116244272980516,0.0159242922442597,0.0032));
#15495=CARTESIAN_POINT('',(-0.0112069686306818,0.0159242922442597,0.0032));
#15496=CARTESIAN_POINT('',(-0.0109689741533051,0.0161528185869125,0.0032));
#15497=CARTESIAN_POINT('',(-0.0109689741533051,0.0161528185869125,0.0032));
#15498=CARTESIAN_POINT('',(-0.0109689741533051,0.0161528185869125,0.0032));
#15499=CARTESIAN_POINT('',(-0.0120341393097381,0.0160503905839909,0.0032));
#15500=CARTESIAN_POINT('',(-0.0120341393097381,0.0160503905839909,0.003));
#15501=CARTESIAN_POINT('',(-0.0119365888307651,0.0159663250241701,0.0032));
#15502=CARTESIAN_POINT('',(-0.0119365888307651,0.0159663250241701,0.003));
#15503=CARTESIAN_POINT('',(-0.0118000181602029,0.0159242922442597,0.0032));
#15504=CARTESIAN_POINT('',(-0.0118000181602029,0.0159242922442597,0.003));
#15505=CARTESIAN_POINT('',(-0.0116244272980516,0.0159242922442597,0.0032));
#15506=CARTESIAN_POINT('',(-0.0116244272980516,0.0159242922442597,0.003));
#15507=CARTESIAN_POINT('',(-0.0120341393097381,0.0160503905839909,0.003));
#15508=CARTESIAN_POINT('',(-0.0118878135912786,0.0159242922442597,0.003));
#15509=CARTESIAN_POINT('',(-0.0116244272980516,0.0159242922442597,0.003));
#15510=CARTESIAN_POINT('',(-0.0120341393097381,0.0160503905839909,0.003));
#15511=CARTESIAN_POINT('',(-0.0120341393097381,0.0160503905839909,0.0032));
#15512=CARTESIAN_POINT('',(-0.0120341393097381,0.0160503905839909,0.0032));
#15513=CARTESIAN_POINT('',(-0.0120341393097381,0.0160503905839909,0.0032));
#15514=CARTESIAN_POINT('',(-0.0118878135912786,0.0159242922442597,0.0032));
#15515=CARTESIAN_POINT('',(-0.0116244272980516,0.0159242922442597,0.0032));
#15516=CARTESIAN_POINT('',(-0.0121804650281976,0.0164192174684609,0.0032));
#15517=CARTESIAN_POINT('',(-0.0121804650281976,0.0164192174684609,0.003));
#15518=CARTESIAN_POINT('',(-0.0121804650281976,0.0162573984386351,0.0032));
#15519=CARTESIAN_POINT('',(-0.0121804650281976,0.0162573984386351,0.003));
#15520=CARTESIAN_POINT('',(-0.0121316897887111,0.0161344561438118,0.0032));
#15521=CARTESIAN_POINT('',(-0.0121316897887111,0.0161344561438118,0.003));
#15522=CARTESIAN_POINT('',(-0.0120341393097381,0.0160503905839909,0.0032));
#15523=CARTESIAN_POINT('',(-0.0120341393097381,0.0160503905839909,0.003));
#15524=CARTESIAN_POINT('',(-0.0121804650281976,0.0164192174684609,0.003));
#15525=CARTESIAN_POINT('',(-0.0121804650281976,0.0161764889237222,0.003));
#15526=CARTESIAN_POINT('',(-0.0120341393097381,0.0160503905839909,0.003));
#15527=CARTESIAN_POINT('',(-0.0121804650281976,0.0164192174684609,0.003));
#15528=CARTESIAN_POINT('',(-0.0121804650281976,0.0164192174684609,0.0032));
#15529=CARTESIAN_POINT('',(-0.0121804650281976,0.0164192174684609,0.0032));
#15530=CARTESIAN_POINT('',(-0.0121804650281976,0.0164192174684609,0.0032));
#15531=CARTESIAN_POINT('',(-0.0121804650281976,0.0161764889237222,0.0032));
#15532=CARTESIAN_POINT('',(-0.0120341393097381,0.0160503905839909,0.0032));
#15533=CARTESIAN_POINT('',(-0.0119454831391421,0.0168749790444862,0.0032));
#15534=CARTESIAN_POINT('',(-0.0119454831391421,0.0168749790444862,0.003));
#15535=CARTESIAN_POINT('',(-0.0121021377318458,0.0167771416523397,0.0032));
#15536=CARTESIAN_POINT('',(-0.0121021377318458,0.0167771416523397,0.003));
#15537=CARTESIAN_POINT('',(-0.0121804650281976,0.016625221126998,0.0032));
#15538=CARTESIAN_POINT('',(-0.0121804650281976,0.016625221126998,0.003));
#15539=CARTESIAN_POINT('',(-0.0121804650281976,0.0164192174684609,0.0032));
#15540=CARTESIAN_POINT('',(-0.0121804650281976,0.0164192174684609,0.003));
#15541=CARTESIAN_POINT('',(-0.0119454831391421,0.0168749790444862,0.003));
#15542=CARTESIAN_POINT('',(-0.0121804650281976,0.0167282229562665,0.003));
#15543=CARTESIAN_POINT('',(-0.0121804650281976,0.0164192174684609,0.003));
#15544=CARTESIAN_POINT('',(-0.0119454831391421,0.0168749790444862,0.003));
#15545=CARTESIAN_POINT('',(-0.0119454831391421,0.0168749790444862,0.0032));
#15546=CARTESIAN_POINT('',(-0.0119454831391421,0.0168749790444862,0.0032));
#15547=CARTESIAN_POINT('',(-0.0119454831391421,0.0168749790444862,0.0032));
#15548=CARTESIAN_POINT('',(-0.0121804650281976,0.0167282229562665,0.0032));
#15549=CARTESIAN_POINT('',(-0.0121804650281976,0.0164192174684609,0.0032));
#15550=CARTESIAN_POINT('',(-0.0111777034869899,0.0170406714021536,0.0032));
#15551=CARTESIAN_POINT('',(-0.0111777034869899,0.0170406714021536,0.003));
#15552=CARTESIAN_POINT('',(-0.011532901995721,0.0170280472225217,0.0032));
#15553=CARTESIAN_POINT('',(-0.011532901995721,0.0170280472225217,0.003));
#15554=CARTESIAN_POINT('',(-0.0117888285464384,0.0169728164366326,0.0032));
#15555=CARTESIAN_POINT('',(-0.0117888285464384,0.0169728164366326,0.003));
#15556=CARTESIAN_POINT('',(-0.0119454831391421,0.0168749790444862,0.0032));
#15557=CARTESIAN_POINT('',(-0.0119454831391421,0.0168749790444862,0.003));
#15558=CARTESIAN_POINT('',(-0.0111777034869899,0.0170406714021536,0.003));
#15559=CARTESIAN_POINT('',(-0.0117105012500866,0.0170217351327058,0.003));
#15560=CARTESIAN_POINT('',(-0.0119454831391421,0.0168749790444862,0.003));
#15561=CARTESIAN_POINT('',(-0.0111777034869899,0.0170406714021536,0.003));
#15562=CARTESIAN_POINT('',(-0.0111777034869899,0.0170406714021536,0.0032));
#15563=CARTESIAN_POINT('',(-0.0111777034869899,0.0170406714021536,0.0032));
#15564=CARTESIAN_POINT('',(-0.0111777034869899,0.0170406714021536,0.0032));
#15565=CARTESIAN_POINT('',(-0.0117105012500866,0.0170217351327058,0.0032));
#15566=CARTESIAN_POINT('',(-0.0119454831391421,0.0168749790444862,0.0032));
#15567=CARTESIAN_POINT('',(-0.0109543415814591,0.0170497091671172,0.0032));
#15568=CARTESIAN_POINT('',(-0.0109543415814591,0.0170497091671172,0.003));
#15569=CARTESIAN_POINT('',(-0.0107309796759283,0.0170587469320809,0.003));
#15570=CARTESIAN_POINT('',(-0.0107309796759283,0.0170587469320809,0.0032));
#15571=CARTESIAN_POINT('',(-0.0107309796759283,0.0170587469320809,0.0032));
#15572=CARTESIAN_POINT('',(-0.0109543415814591,0.0170497091671172,0.0032));
#15573=CARTESIAN_POINT('',(-0.0107309796759283,0.0169257626761869,0.0032));
#15574=CARTESIAN_POINT('',(-0.0107309796759283,0.0169257626761869,0.003));
#15575=CARTESIAN_POINT('',(-0.0107309796759283,0.0167927784202927,0.003));
#15576=CARTESIAN_POINT('',(-0.0107309796759283,0.0167927784202927,0.0032));
#15577=CARTESIAN_POINT('',(-0.0107309796759283,0.0167927784202927,0.0032));
#15578=CARTESIAN_POINT('',(-0.0107309796759283,0.0169257626761869,0.0032));
#15579=CARTESIAN_POINT('',(-0.0106599686654994,0.0158192820227769,0.0032));
#15580=CARTESIAN_POINT('',(-0.0106156405802014,0.0156092615798115,0.0032));
#15581=CARTESIAN_POINT('',(-0.0106156405802014,0.0156092615798115,0.0032));
#15582=CARTESIAN_POINT('',(-0.0106599686654994,0.0158192820227769,0.0032));
#15583=CARTESIAN_POINT('',(-0.0107042967507975,0.0160293024657423,0.0032));
#15584=CARTESIAN_POINT('',(-0.0107042967507975,0.0160293024657423,0.0032));
#15585=CARTESIAN_POINT('',(-0.010449948222534,0.0156092615798115,0.0032));
#15586=CARTESIAN_POINT('',(-0.0102842558648667,0.0156092615798115,0.0032));
#15587=CARTESIAN_POINT('',(-0.0102842558648667,0.0156092615798115,0.0032));
#15588=CARTESIAN_POINT('',(-0.010449948222534,0.0156092615798115,0.0032));
#15589=CARTESIAN_POINT('',(-0.0102842558648667,0.0166154660791007,0.0032));
#15590=CARTESIAN_POINT('',(-0.0102842558648667,0.0176216705783898,0.0032));
#15591=CARTESIAN_POINT('',(-0.0102842558648667,0.0176216705783898,0.0032));
#15592=CARTESIAN_POINT('',(-0.0102842558648667,0.0166154660791007,0.0032));
#15593=CARTESIAN_POINT('',(-0.0105386043931301,0.0183718050703747,0.0032));
#15594=CARTESIAN_POINT('',(-0.0105386043931301,0.0183718050703747,0.003));
#15595=CARTESIAN_POINT('',(-0.0103690387076212,0.0182160112171914,0.0032));
#15596=CARTESIAN_POINT('',(-0.0103690387076212,0.0182160112171914,0.003));
#15597=CARTESIAN_POINT('',(-0.0102842558648667,0.0179659663865297,0.0032));
#15598=CARTESIAN_POINT('',(-0.0102842558648667,0.0179659663865297,0.003));
#15599=CARTESIAN_POINT('',(-0.0102842558648667,0.0176216705783898,0.0032));
#15600=CARTESIAN_POINT('',(-0.0102842558648667,0.0176216705783898,0.003));
#15601=CARTESIAN_POINT('',(-0.0105386043931301,0.0183718050703747,0.0032));
#15602=CARTESIAN_POINT('',(-0.0105386043931301,0.0183718050703747,0.0032));
#15603=CARTESIAN_POINT('',(-0.0105386043931301,0.0183718050703747,0.0032));
#15604=CARTESIAN_POINT('',(-0.0102842558648667,0.0181381142905997,0.0032));
#15605=CARTESIAN_POINT('',(-0.0102842558648667,0.0176216705783898,0.0032));
#15606=CARTESIAN_POINT('',(-0.0113197255078477,0.0186054958501497,0.0032));
#15607=CARTESIAN_POINT('',(-0.0113197255078477,0.0186054958501497,0.003));
#15608=CARTESIAN_POINT('',(-0.0109685437835449,0.0186054958501497,0.0032));
#15609=CARTESIAN_POINT('',(-0.0109685437835449,0.0186054958501497,0.003));
#15610=CARTESIAN_POINT('',(-0.010708170078639,0.0185275989235581,0.0032));
#15611=CARTESIAN_POINT('',(-0.010708170078639,0.0185275989235581,0.003));
#15612=CARTESIAN_POINT('',(-0.0105386043931301,0.0183718050703747,0.0032));
#15613=CARTESIAN_POINT('',(-0.0105386043931301,0.0183718050703747,0.003));
#15614=CARTESIAN_POINT('',(-0.0113197255078477,0.0186054958501497,0.0032));
#15615=CARTESIAN_POINT('',(-0.0113197255078477,0.0186054958501497,0.0032));
#15616=CARTESIAN_POINT('',(-0.0113197255078477,0.0186054958501497,0.0032));
#15617=CARTESIAN_POINT('',(-0.0107929529213935,0.0186054958501497,0.0032));
#15618=CARTESIAN_POINT('',(-0.0105386043931301,0.0183718050703747,0.0032));
#15619=CARTESIAN_POINT('',(-0.0113170737473021,0.0165327121465206,0.00320000000000003));
#15620=CARTESIAN_POINT('',(-0.0118409032874196,0.0185383581675625,0.0032));
#15621=CARTESIAN_POINT('',(-0.011840876271579,0.0185382526104475,0.0032));
#15622=CARTESIAN_POINT('',(-0.0113170737473021,0.0165327121465206,0.0032));
#15623=CARTESIAN_POINT('',(-0.011325363135224,0.016495922844188,0.0032));
#15624=CARTESIAN_POINT('',(-0.0123182607266079,0.0183534911577888,0.0032));
#15625=CARTESIAN_POINT('',(-0.0123182607266079,0.0183534911577888,0.0032));
#15626=CARTESIAN_POINT('',(-0.011325363135224,0.016495922844188,0.0032));
#15627=CARTESIAN_POINT('',(-0.0122493241898256,0.0181824423758978,0.0032));
#15628=CARTESIAN_POINT('',(-0.0121804650281976,0.0180115855811083,0.0032));
#15629=CARTESIAN_POINT('',(-0.0121804650281976,0.0180115855811083,0.0032));
#15630=CARTESIAN_POINT('',(-0.0122493241898256,0.0181824423758978,0.0032));
#15631=CARTESIAN_POINT('',(-0.0113472691724989,0.01823709933544,0.0032));
#15632=CARTESIAN_POINT('',(-0.0113472691724989,0.01823709933544,0.003));
#15633=CARTESIAN_POINT('',(-0.0115928668489721,0.01823709933544,0.0032));
#15634=CARTESIAN_POINT('',(-0.0115928668489721,0.01823709933544,0.003));
#15635=CARTESIAN_POINT('',(-0.0118705988008717,0.0181619280839961,0.0032));
#15636=CARTESIAN_POINT('',(-0.0118705988008717,0.0181619280839961,0.003));
#15637=CARTESIAN_POINT('',(-0.0121804650281976,0.0180115855811083,0.0032));
#15638=CARTESIAN_POINT('',(-0.0121804650281976,0.0180115855811083,0.003));
#15639=CARTESIAN_POINT('',(-0.0113472691724989,0.01823709933544,0.0032));
#15640=CARTESIAN_POINT('',(-0.0113472691724989,0.01823709933544,0.0032));
#15641=CARTESIAN_POINT('',(-0.0113472691724989,0.01823709933544,0.0032));
#15642=CARTESIAN_POINT('',(-0.0117156656872087,0.01823709933544,0.0032));
#15643=CARTESIAN_POINT('',(-0.0121804650281976,0.0180115855811083,0.0032));
#15644=CARTESIAN_POINT('',(-0.0108695587387047,0.0180718373475328,0.0032));
#15645=CARTESIAN_POINT('',(-0.0108695587387047,0.0180718373475328,0.003));
#15646=CARTESIAN_POINT('',(-0.0109688306967184,0.0181820120061376,0.0032));
#15647=CARTESIAN_POINT('',(-0.0109688306967184,0.0181820120061376,0.003));
#15648=CARTESIAN_POINT('',(-0.0111280675079831,0.01823709933544,0.0032));
#15649=CARTESIAN_POINT('',(-0.0111280675079831,0.01823709933544,0.003));
#15650=CARTESIAN_POINT('',(-0.0113472691724989,0.01823709933544,0.0032));
#15651=CARTESIAN_POINT('',(-0.0113472691724989,0.01823709933544,0.003));
#15652=CARTESIAN_POINT('',(-0.0108695587387047,0.0180718373475328,0.0032));
#15653=CARTESIAN_POINT('',(-0.0108695587387047,0.0180718373475328,0.0032));
#15654=CARTESIAN_POINT('',(-0.0108695587387047,0.0180718373475328,0.0032));
#15655=CARTESIAN_POINT('',(-0.0110184666757252,0.01823709933544,0.0032));
#15656=CARTESIAN_POINT('',(-0.0113472691724989,0.01823709933544,0.0032));
#15657=CARTESIAN_POINT('',(-0.0107206508016841,0.0175596973329245,0.0032));
#15658=CARTESIAN_POINT('',(-0.0107206508016841,0.0175596973329245,0.003));
#15659=CARTESIAN_POINT('',(-0.0107206508016841,0.0177909493507252,0.0032));
#15660=CARTESIAN_POINT('',(-0.0107206508016841,0.0177909493507252,0.003));
#15661=CARTESIAN_POINT('',(-0.010770286780691,0.017961662688928,0.0032));
#15662=CARTESIAN_POINT('',(-0.010770286780691,0.017961662688928,0.003));
#15663=CARTESIAN_POINT('',(-0.0108695587387047,0.0180718373475328,0.0032));
#15664=CARTESIAN_POINT('',(-0.0108695587387047,0.0180718373475328,0.003));
#15665=CARTESIAN_POINT('',(-0.0107206508016841,0.0175596973329245,0.0032));
#15666=CARTESIAN_POINT('',(-0.0107206508016841,0.0175596973329245,0.0032));
#15667=CARTESIAN_POINT('',(-0.0107206508016841,0.0175596973329245,0.0032));
#15668=CARTESIAN_POINT('',(-0.0107206508016841,0.0179065753596256,0.0032));
#15669=CARTESIAN_POINT('',(-0.0108695587387047,0.0180718373475328,0.0032));
#15670=CARTESIAN_POINT('',(-0.0107206508016841,0.0174680285740073,0.0032));
#15671=CARTESIAN_POINT('',(-0.0107206508016841,0.01737635981509,0.0032));
#15672=CARTESIAN_POINT('',(-0.0107206508016841,0.01737635981509,0.0032));
#15673=CARTESIAN_POINT('',(-0.0107206508016841,0.0174680285740073,0.0032));
#15674=CARTESIAN_POINT('',(-0.0109706956323458,0.0173681827896467,0.0032));
#15675=CARTESIAN_POINT('',(-0.0112207404630074,0.0173600057642034,0.0032));
#15676=CARTESIAN_POINT('',(-0.0112207404630074,0.0173600057642034,0.0032));
#15677=CARTESIAN_POINT('',(-0.0109706956323458,0.0173681827896467,0.0032));
#15678=CARTESIAN_POINT('',(-0.012648707327268,0.016424381905583,0.0032));
#15679=CARTESIAN_POINT('',(-0.012648707327268,0.016424381905583,0.003));
#15680=CARTESIAN_POINT('',(-0.012648707327268,0.0170194398273183,0.0032));
#15681=CARTESIAN_POINT('',(-0.012648707327268,0.0170194398273183,0.003));
#15682=CARTESIAN_POINT('',(-0.0121727183725145,0.0173313144468584,0.0032));
#15683=CARTESIAN_POINT('',(-0.0121727183725145,0.0173313144468584,0.003));
#15684=CARTESIAN_POINT('',(-0.0112207404630074,0.0173600057642034,0.0032));
#15685=CARTESIAN_POINT('',(-0.0112207404630074,0.0173600057642034,0.003));
#15686=CARTESIAN_POINT('',(-0.012648707327268,0.016424381905583,0.0032));
#15687=CARTESIAN_POINT('',(-0.012648707327268,0.016424381905583,0.0032));
#15688=CARTESIAN_POINT('',(-0.012648707327268,0.016424381905583,0.0032));
#15689=CARTESIAN_POINT('',(-0.012648707327268,0.0173169687881859,0.0032));
#15690=CARTESIAN_POINT('',(-0.0112207404630074,0.0173600057642034,0.0032));
#15691=CARTESIAN_POINT('',(-0.0123999536058869,0.0157814094838816,0.0032));
#15692=CARTESIAN_POINT('',(-0.0123999536058869,0.0157814094838816,0.003));
#15693=CARTESIAN_POINT('',(-0.012565789420141,0.0159323258131162,0.0032));
#15694=CARTESIAN_POINT('',(-0.012565789420141,0.0159323258131162,0.003));
#15695=CARTESIAN_POINT('',(-0.012648707327268,0.0161466499536834,0.0032));
#15696=CARTESIAN_POINT('',(-0.012648707327268,0.0161466499536834,0.003));
#15697=CARTESIAN_POINT('',(-0.012648707327268,0.016424381905583,0.0032));
#15698=CARTESIAN_POINT('',(-0.012648707327268,0.016424381905583,0.003));
#15699=CARTESIAN_POINT('',(-0.0123999536058869,0.0157814094838816,0.0032));
#15700=CARTESIAN_POINT('',(-0.0123999536058869,0.0157814094838816,0.0032));
#15701=CARTESIAN_POINT('',(-0.0123999536058869,0.0157814094838816,0.0032));
#15702=CARTESIAN_POINT('',(-0.012648707327268,0.0160077839777336,0.0032));
#15703=CARTESIAN_POINT('',(-0.012648707327268,0.016424381905583,0.0032));
#15704=CARTESIAN_POINT('',(-0.0117130834686476,0.0155550349900295,0.0032));
#15705=CARTESIAN_POINT('',(-0.0117130834686476,0.0155550349900295,0.003));
#15706=CARTESIAN_POINT('',(-0.0120051610792197,0.0155550349900295,0.0032));
#15707=CARTESIAN_POINT('',(-0.0120051610792197,0.0155550349900295,0.003));
#15708=CARTESIAN_POINT('',(-0.0122341177916328,0.0156304931546469,0.0032));
#15709=CARTESIAN_POINT('',(-0.0122341177916328,0.0156304931546469,0.003));
#15710=CARTESIAN_POINT('',(-0.0123999536058869,0.0157814094838816,0.0032));
#15711=CARTESIAN_POINT('',(-0.0123999536058869,0.0157814094838816,0.003));
#15712=CARTESIAN_POINT('',(-0.0117130834686476,0.0155550349900295,0.0032));
#15713=CARTESIAN_POINT('',(-0.0117130834686476,0.0155550349900295,0.0032));
#15714=CARTESIAN_POINT('',(-0.0117130834686476,0.0155550349900295,0.0032));
#15715=CARTESIAN_POINT('',(-0.0121511998845057,0.0155550349900295,0.0032));
#15716=CARTESIAN_POINT('',(-0.0123999536058869,0.0157814094838816,0.0032));
#15717=CARTESIAN_POINT('',(-0.0111652227639449,0.0156535896651096,0.0032));
#15718=CARTESIAN_POINT('',(-0.0111652227639449,0.0156535896651096,0.003));
#15719=CARTESIAN_POINT('',(-0.0113112615692309,0.0155878865483896,0.0032));
#15720=CARTESIAN_POINT('',(-0.0113112615692309,0.0155878865483896,0.003));
#15721=CARTESIAN_POINT('',(-0.0114938818041318,0.0155550349900295,0.0032));
#15722=CARTESIAN_POINT('',(-0.0114938818041318,0.0155550349900295,0.003));
#15723=CARTESIAN_POINT('',(-0.0117130834686476,0.0155550349900295,0.0032));
#15724=CARTESIAN_POINT('',(-0.0117130834686476,0.0155550349900295,0.003));
#15725=CARTESIAN_POINT('',(-0.0111652227639449,0.0156535896651096,0.0032));
#15726=CARTESIAN_POINT('',(-0.0111652227639449,0.0156535896651096,0.0032));
#15727=CARTESIAN_POINT('',(-0.0111652227639449,0.0156535896651096,0.0032));
#15728=CARTESIAN_POINT('',(-0.0113842809718739,0.0155550349900295,0.0032));
#15729=CARTESIAN_POINT('',(-0.0117130834686476,0.0155550349900295,0.0032));
#15730=CARTESIAN_POINT('',(-0.0107258152388062,0.0160293024657423,0.0032));
#15731=CARTESIAN_POINT('',(-0.0107258152388062,0.0160293024657423,0.003));
#15732=CARTESIAN_POINT('',(-0.0108727147836126,0.0158445303820406,0.0032));
#15733=CARTESIAN_POINT('',(-0.0108727147836126,0.0158445303820406,0.003));
#15734=CARTESIAN_POINT('',(-0.0110191839586588,0.0157192927818296,0.0032));
#15735=CARTESIAN_POINT('',(-0.0110191839586588,0.0157192927818296,0.003));
#15736=CARTESIAN_POINT('',(-0.0111652227639449,0.0156535896651096,0.0032));
#15737=CARTESIAN_POINT('',(-0.0111652227639449,0.0156535896651096,0.003));
#15738=CARTESIAN_POINT('',(-0.0107258152388062,0.0160293024657423,0.0032));
#15739=CARTESIAN_POINT('',(-0.0107258152388062,0.0160293024657423,0.0032));
#15740=CARTESIAN_POINT('',(-0.0107258152388062,0.0160293024657423,0.0032));
#15741=CARTESIAN_POINT('',(-0.0109461645560158,0.0157521443401896,0.0032));
#15742=CARTESIAN_POINT('',(-0.0111652227639449,0.0156535896651096,0.0032));
#15743=CARTESIAN_POINT('',(-0.0107150559948018,0.0160293024657423,0.0032));
#15744=CARTESIAN_POINT('',(-0.0107150559948018,0.0160293024657423,0.0032));
#15745=CARTESIAN_POINT('',(-0.0109689741533051,0.0161528185869125,0.0032));
#15746=CARTESIAN_POINT('',(-0.0109689741533051,0.0161528185869125,0.003));
#15747=CARTESIAN_POINT('',(-0.0108103111683872,0.0163051694820145,0.0032));
#15748=CARTESIAN_POINT('',(-0.0108103111683872,0.0163051694820145,0.003));
#15749=CARTESIAN_POINT('',(-0.0107309796759283,0.0165184894264746,0.0032));
#15750=CARTESIAN_POINT('',(-0.0107309796759283,0.0165184894264746,0.003));
#15751=CARTESIAN_POINT('',(-0.0107309796759283,0.0167927784202927,0.0032));
#15752=CARTESIAN_POINT('',(-0.0107309796759283,0.0167927784202927,0.003));
#15753=CARTESIAN_POINT('',(-0.0109689741533051,0.0161528185869125,0.003));
#15754=CARTESIAN_POINT('',(-0.0107309796759283,0.0163813449295655,0.003));
#15755=CARTESIAN_POINT('',(-0.0107309796759283,0.0167927784202927,0.003));
#15756=CARTESIAN_POINT('',(-0.0109689741533051,0.0161528185869125,0.0032));
#15757=CARTESIAN_POINT('',(-0.0107309796759283,0.0163813449295655,0.0032));
#15758=CARTESIAN_POINT('',(-0.0107309796759283,0.0167927784202927,0.0032));
#15759=CARTESIAN_POINT('',(6.93889390390723E-18,0.00562997284531592,0.0032));
#15760=CARTESIAN_POINT('',(0.,0.00562997284531593,0.003));
#15761=CARTESIAN_POINT('',(-0.0137943516288538,0.0165681254054814,0.0032));
#15762=CARTESIAN_POINT('',(-0.0137943516288538,0.0156092615798115,0.0032));
#15763=CARTESIAN_POINT('',(-0.0137943516288538,0.0156092615798115,0.0032));
#15764=CARTESIAN_POINT('',(-0.0137943516288538,0.0165681254054814,0.0032));
#15765=CARTESIAN_POINT('',(-0.0137943516288538,0.0175269892311513,0.0032));
#15766=CARTESIAN_POINT('',(-0.0137943516288538,0.0175269892311513,0.0032));
#15767=CARTESIAN_POINT('',(-0.0135714200930832,0.0156092615798115,0.0032));
#15768=CARTESIAN_POINT('',(-0.0133484885573125,0.0156092615798115,0.0032));
#15769=CARTESIAN_POINT('',(-0.0133484885573125,0.0156092615798115,0.0032));
#15770=CARTESIAN_POINT('',(-0.0135714200930832,0.0156092615798115,0.0032));
#15771=CARTESIAN_POINT('',(-0.0133484885573125,0.0165707076240425,0.0032));
#15772=CARTESIAN_POINT('',(-0.0133484885573125,0.0175321536682734,0.0032));
#15773=CARTESIAN_POINT('',(-0.0133484885573125,0.0175321536682734,0.0032));
#15774=CARTESIAN_POINT('',(-0.0133484885573125,0.0165707076240425,0.0032));
#15775=CARTESIAN_POINT('',(-0.0135972422786937,0.0183545902799677,0.0032));
#15776=CARTESIAN_POINT('',(-0.0135972422786937,0.0183545902799677,0.003));
#15777=CARTESIAN_POINT('',(-0.0134314064644396,0.0181833031154181,0.0032));
#15778=CARTESIAN_POINT('',(-0.0134314064644396,0.0181833031154181,0.003));
#15779=CARTESIAN_POINT('',(-0.0133484885573125,0.0179091575781867,0.0032));
#15780=CARTESIAN_POINT('',(-0.0133484885573125,0.0179091575781867,0.003));
#15781=CARTESIAN_POINT('',(-0.0133484885573125,0.0175321536682734,0.0032));
#15782=CARTESIAN_POINT('',(-0.0133484885573125,0.0175321536682734,0.003));
#15783=CARTESIAN_POINT('',(-0.0135972422786937,0.0183545902799677,0.0032));
#15784=CARTESIAN_POINT('',(-0.0135972422786937,0.0183545902799677,0.0032));
#15785=CARTESIAN_POINT('',(-0.0135972422786937,0.0183545902799677,0.0032));
#15786=CARTESIAN_POINT('',(-0.0133484885573125,0.0180976595331433,0.0032));
#15787=CARTESIAN_POINT('',(-0.0133484885573125,0.0175321536682734,0.0032));
#15788=CARTESIAN_POINT('',(-0.0143460856613981,0.0186115210267922,0.0032));
#15789=CARTESIAN_POINT('',(-0.0143460856613981,0.0186115210267922,0.003));
#15790=CARTESIAN_POINT('',(-0.0140126925538492,0.0186115210267922,0.0032));
#15791=CARTESIAN_POINT('',(-0.0140126925538492,0.0186115210267922,0.003));
#15792=CARTESIAN_POINT('',(-0.0137630780929478,0.0185258774445174,0.0032));
#15793=CARTESIAN_POINT('',(-0.0137630780929478,0.0185258774445174,0.003));
#15794=CARTESIAN_POINT('',(-0.0135972422786937,0.0183545902799677,0.0032));
#15795=CARTESIAN_POINT('',(-0.0135972422786937,0.0183545902799677,0.003));
#15796=CARTESIAN_POINT('',(-0.0143460856613981,0.0186115210267922,0.0032));
#15797=CARTESIAN_POINT('',(-0.0143460856613981,0.0186115210267922,0.0032));
#15798=CARTESIAN_POINT('',(-0.0143460856613981,0.0186115210267922,0.0032));
#15799=CARTESIAN_POINT('',(-0.0138459960000748,0.0186115210267922,0.0032));
#15800=CARTESIAN_POINT('',(-0.0135972422786937,0.0183545902799677,0.0032));
#15801=CARTESIAN_POINT('',(-0.0143705227739082,0.0174268773039854,0.0032));
#15802=CARTESIAN_POINT('',(-0.01491632559363,0.0184768152918575,0.0032));
#15803=CARTESIAN_POINT('',(-0.0149163611133596,0.0184768826552452,0.0032));
#15804=CARTESIAN_POINT('',(-0.0143705227739082,0.0174268773039854,0.0032));
#15805=CARTESIAN_POINT('',(-0.014483971722959,0.0176418567233049,0.0032));
#15806=CARTESIAN_POINT('',(-0.0152984324694943,0.0181105706259485,0.0032));
#15807=CARTESIAN_POINT('',(-0.0152984324694943,0.0181105706259485,0.0032));
#15808=CARTESIAN_POINT('',(-0.014483971722959,0.0176418567233049,0.0032));
#15809=CARTESIAN_POINT('',(-0.0153088228149096,0.0181105706259485,0.0032));
#15810=CARTESIAN_POINT('',(-0.0153195820589139,0.0181105706259485,0.0032));
#15811=CARTESIAN_POINT('',(-0.0153195820589139,0.0181105706259485,0.0032));
#15812=CARTESIAN_POINT('',(-0.0153088228149096,0.0181105706259485,0.0032));
#15813=CARTESIAN_POINT('',(-0.0162233585552813,0.0186115210267922,0.0032));
#15814=CARTESIAN_POINT('',(-0.0162233585552813,0.0186115210267922,0.003));
#15815=CARTESIAN_POINT('',(-0.0157625759987207,0.0186115210267922,0.0032));
#15816=CARTESIAN_POINT('',(-0.0157625759987207,0.0186115210267922,0.003));
#15817=CARTESIAN_POINT('',(-0.0154613171665982,0.0184445375598443,0.0032));
#15818=CARTESIAN_POINT('',(-0.0154613171665982,0.0184445375598443,0.003));
#15819=CARTESIAN_POINT('',(-0.0153195820589139,0.0181105706259485,0.0032));
#15820=CARTESIAN_POINT('',(-0.0153195820589139,0.0181105706259485,0.003));
#15821=CARTESIAN_POINT('',(-0.0162233585552813,0.0186115210267922,0.0032));
#15822=CARTESIAN_POINT('',(-0.0162233585552813,0.0186115210267922,0.0032));
#15823=CARTESIAN_POINT('',(-0.0162233585552813,0.0186115210267922,0.0032));
#15824=CARTESIAN_POINT('',(-0.0155321847204403,0.0186115210267922,0.0032));
#15825=CARTESIAN_POINT('',(-0.0153195820589139,0.0181105706259485,0.0032));
#15826=CARTESIAN_POINT('',(-0.016241104274097,0.0175234532056512,0.0032));
#15827=CARTESIAN_POINT('',(-0.0167385111582108,0.0184901567544229,0.0032));
#15828=CARTESIAN_POINT('',(-0.0167385303080109,0.018490192886293,0.0032));
#15829=CARTESIAN_POINT('',(-0.016241104274097,0.0175234532056512,0.0032));
#15830=CARTESIAN_POINT('',(-0.0163382164639995,0.0177070512950051,0.0032));
#15831=CARTESIAN_POINT('',(-0.017095464086015,0.018153607601966,0.0032));
#15832=CARTESIAN_POINT('',(-0.017095464086015,0.018153607601966,0.0032));
#15833=CARTESIAN_POINT('',(-0.0163382164639995,0.0177070512950051,0.0032));
#15834=CARTESIAN_POINT('',(-0.0171060469334002,0.018153607601966,0.0032));
#15835=CARTESIAN_POINT('',(-0.0171168061774046,0.018153607601966,0.0032));
#15836=CARTESIAN_POINT('',(-0.0171168061774046,0.018153607601966,0.0032));
#15837=CARTESIAN_POINT('',(-0.0171060469334002,0.018153607601966,0.0032));
#15838=CARTESIAN_POINT('',(-0.0171529572372593,0.0183554510194881,0.0032));
#15839=CARTESIAN_POINT('',(-0.017189108297114,0.0185572944370101,0.0032));
#15840=CARTESIAN_POINT('',(-0.017189108297114,0.0185572944370101,0.0032));
#15841=CARTESIAN_POINT('',(-0.0171529572372593,0.0183554510194881,0.0032));
#15842=CARTESIAN_POINT('',(-0.0173707243359079,0.0185572944370101,0.0032));
#15843=CARTESIAN_POINT('',(-0.0175523403747017,0.0185572944370101,0.0032));
#15844=CARTESIAN_POINT('',(-0.0175523403747017,0.0185572944370101,0.0032));
#15845=CARTESIAN_POINT('',(-0.0173707243359079,0.0185572944370101,0.0032));
#15846=CARTESIAN_POINT('',(-0.0175523403747017,0.0170832780084108,0.0032));
#15847=CARTESIAN_POINT('',(-0.0175523403747017,0.0156092615798115,0.0032));
#15848=CARTESIAN_POINT('',(-0.0175523403747017,0.0156092615798115,0.0032));
#15849=CARTESIAN_POINT('',(-0.0175523403747017,0.0170832780084108,0.0032));
#15850=CARTESIAN_POINT('',(-0.0173289784691709,0.0156092615798115,0.0032));
#15851=CARTESIAN_POINT('',(-0.01710561656364,0.0156092615798115,0.0032));
#15852=CARTESIAN_POINT('',(-0.01710561656364,0.0156092615798115,0.0032));
#15853=CARTESIAN_POINT('',(-0.0173289784691709,0.0156092615798115,0.0032));
#15854=CARTESIAN_POINT('',(-0.01710561656364,0.016382636038846,0.0032));
#15855=CARTESIAN_POINT('',(-0.01710561656364,0.0171560104978805,0.0032));
#15856=CARTESIAN_POINT('',(-0.01710561656364,0.0171560104978805,0.0032));
#15857=CARTESIAN_POINT('',(-0.01710561656364,0.016382636038846,0.0032));
#15858=CARTESIAN_POINT('',(-0.0169106590622808,0.0179805989583757,0.0032));
#15859=CARTESIAN_POINT('',(-0.0169106590622808,0.0179805989583757,0.003));
#15860=CARTESIAN_POINT('',(-0.0170406307298536,0.0178130416650809,0.0032));
#15861=CARTESIAN_POINT('',(-0.0170406307298536,0.0178130416650809,0.003));
#15862=CARTESIAN_POINT('',(-0.01710561656364,0.0175381788449158,0.0032));
#15863=CARTESIAN_POINT('',(-0.01710561656364,0.0175381788449158,0.003));
#15864=CARTESIAN_POINT('',(-0.01710561656364,0.0171560104978805,0.0032));
#15865=CARTESIAN_POINT('',(-0.01710561656364,0.0171560104978805,0.003));
#15866=CARTESIAN_POINT('',(-0.0169106590622808,0.0179805989583757,0.0032));
#15867=CARTESIAN_POINT('',(-0.0169106590622808,0.0179805989583757,0.0032));
#15868=CARTESIAN_POINT('',(-0.0169106590622808,0.0179805989583757,0.0032));
#15869=CARTESIAN_POINT('',(-0.01710561656364,0.0177292630184335,0.0032));
#15870=CARTESIAN_POINT('',(-0.01710561656364,0.0171560104978805,0.0032));
#15871=CARTESIAN_POINT('',(-0.0162965214145111,0.0182319348983179,0.0032));
#15872=CARTESIAN_POINT('',(-0.0162965214145111,0.0182319348983179,0.003));
#15873=CARTESIAN_POINT('',(-0.0165759748454514,0.0182319348983179,0.0032));
#15874=CARTESIAN_POINT('',(-0.0165759748454514,0.0182319348983179,0.003));
#15875=CARTESIAN_POINT('',(-0.016780687394708,0.0181481562516705,0.0032));
#15876=CARTESIAN_POINT('',(-0.016780687394708,0.0181481562516705,0.003));
#15877=CARTESIAN_POINT('',(-0.0169106590622808,0.0179805989583757,0.0032));
#15878=CARTESIAN_POINT('',(-0.0169106590622808,0.0179805989583757,0.003));
#15879=CARTESIAN_POINT('',(-0.0162965214145111,0.0182319348983179,0.0032));
#15880=CARTESIAN_POINT('',(-0.0162965214145111,0.0182319348983179,0.0032));
#15881=CARTESIAN_POINT('',(-0.0162965214145111,0.0182319348983179,0.0032));
#15882=CARTESIAN_POINT('',(-0.0167157015609216,0.0182319348983179,0.0032));
#15883=CARTESIAN_POINT('',(-0.0169106590622808,0.0179805989583757,0.0032));
#15884=CARTESIAN_POINT('',(-0.0158256968968797,0.0180559136664063,0.0032));
#15885=CARTESIAN_POINT('',(-0.0158256968968797,0.0180559136664063,0.003));
#15886=CARTESIAN_POINT('',(-0.0159261165075872,0.0181732611543474,0.0032));
#15887=CARTESIAN_POINT('',(-0.0159261165075872,0.0181732611543474,0.003));
#15888=CARTESIAN_POINT('',(-0.0160830580134643,0.0182319348983179,0.0032));
#15889=CARTESIAN_POINT('',(-0.0160830580134643,0.0182319348983179,0.003));
#15890=CARTESIAN_POINT('',(-0.0162965214145111,0.0182319348983179,0.0032));
#15891=CARTESIAN_POINT('',(-0.0162965214145111,0.0182319348983179,0.003));
#15892=CARTESIAN_POINT('',(-0.0158256968968797,0.0180559136664063,0.0032));
#15893=CARTESIAN_POINT('',(-0.0158256968968797,0.0180559136664063,0.0032));
#15894=CARTESIAN_POINT('',(-0.0158256968968797,0.0180559136664063,0.0032));
#15895=CARTESIAN_POINT('',(-0.0159763263129409,0.0182319348983179,0.0032));
#15896=CARTESIAN_POINT('',(-0.0162965214145111,0.0182319348983179,0.0032));
#15897=CARTESIAN_POINT('',(-0.0156750674808184,0.0175269892311513,0.0032));
#15898=CARTESIAN_POINT('',(-0.0156750674808184,0.0175269892311513,0.003));
#15899=CARTESIAN_POINT('',(-0.0156750674808184,0.0177622580333802,0.0032));
#15900=CARTESIAN_POINT('',(-0.0156750674808184,0.0177622580333802,0.003));
#15901=CARTESIAN_POINT('',(-0.0157252772861722,0.0179385661784653,0.0032));
#15902=CARTESIAN_POINT('',(-0.0157252772861722,0.0179385661784653,0.003));
#15903=CARTESIAN_POINT('',(-0.0158256968968797,0.0180559136664063,0.0032));
#15904=CARTESIAN_POINT('',(-0.0158256968968797,0.0180559136664063,0.003));
#15905=CARTESIAN_POINT('',(-0.0156750674808184,0.0175269892311513,0.0032));
#15906=CARTESIAN_POINT('',(-0.0156750674808184,0.0175269892311513,0.0032));
#15907=CARTESIAN_POINT('',(-0.0156750674808184,0.0175269892311513,0.0032));
#15908=CARTESIAN_POINT('',(-0.0156750674808184,0.0178798924344947,0.0032));
#15909=CARTESIAN_POINT('',(-0.0158256968968797,0.0180559136664063,0.0032));
#15910=CARTESIAN_POINT('',(-0.0156750674808184,0.0165681254054814,0.0032));
#15911=CARTESIAN_POINT('',(-0.0156750674808184,0.0156092615798115,0.0032));
#15912=CARTESIAN_POINT('',(-0.0156750674808184,0.0156092615798115,0.0032));
#15913=CARTESIAN_POINT('',(-0.0156750674808184,0.0165681254054814,0.0032));
#15914=CARTESIAN_POINT('',(-0.0154517055752877,0.0156092615798115,0.0032));
#15915=CARTESIAN_POINT('',(-0.0152283436697568,0.0156092615798115,0.0032));
#15916=CARTESIAN_POINT('',(-0.0152283436697568,0.0156092615798115,0.0032));
#15917=CARTESIAN_POINT('',(-0.0154517055752877,0.0156092615798115,0.0032));
#15918=CARTESIAN_POINT('',(-0.0152283436697568,0.0164325589310263,0.0032));
#15919=CARTESIAN_POINT('',(-0.0152283436697568,0.017255856282241,0.0032));
#15920=CARTESIAN_POINT('',(-0.0152283436697568,0.017255856282241,0.0032));
#15921=CARTESIAN_POINT('',(-0.0152283436697568,0.0164325589310263,0.0032));
#15922=CARTESIAN_POINT('',(-0.0150290824707958,0.0179926493116606,0.0032));
#15923=CARTESIAN_POINT('',(-0.0150290824707958,0.0179926493116606,0.003));
#15924=CARTESIAN_POINT('',(-0.0151619232701031,0.0178331255872224,0.0032));
#15925=CARTESIAN_POINT('',(-0.0151619232701031,0.0178331255872224,0.003));
#15926=CARTESIAN_POINT('',(-0.0152283436697568,0.0175875279107492,0.0032));
#15927=CARTESIAN_POINT('',(-0.0152283436697568,0.0175875279107492,0.003));
#15928=CARTESIAN_POINT('',(-0.0152283436697568,0.017255856282241,0.0032));
#15929=CARTESIAN_POINT('',(-0.0152283436697568,0.017255856282241,0.003));
#15930=CARTESIAN_POINT('',(-0.0150290824707958,0.0179926493116606,0.0032));
#15931=CARTESIAN_POINT('',(-0.0150290824707958,0.0179926493116606,0.0032));
#15932=CARTESIAN_POINT('',(-0.0150290824707958,0.0179926493116606,0.0032));
#15933=CARTESIAN_POINT('',(-0.0152283436697568,0.0177533637250033,0.0032));
#15934=CARTESIAN_POINT('',(-0.0152283436697568,0.017255856282241,0.0032));
#15935=CARTESIAN_POINT('',(-0.0144132233439854,0.0182319348983179,0.0032));
#15936=CARTESIAN_POINT('',(-0.0144132233439854,0.0182319348983179,0.003));
#15937=CARTESIAN_POINT('',(-0.014690955295885,0.0182319348983179,0.0032));
#15938=CARTESIAN_POINT('',(-0.014690955295885,0.0182319348983179,0.003));
#15939=CARTESIAN_POINT('',(-0.0148962416714885,0.0181521730360988,0.0032));
#15940=CARTESIAN_POINT('',(-0.0148962416714885,0.0181521730360988,0.003));
#15941=CARTESIAN_POINT('',(-0.0150290824707958,0.0179926493116606,0.0032));
#15942=CARTESIAN_POINT('',(-0.0150290824707958,0.0179926493116606,0.003));
#15943=CARTESIAN_POINT('',(-0.0144132233439854,0.0182319348983179,0.0032));
#15944=CARTESIAN_POINT('',(-0.0144132233439854,0.0182319348983179,0.0032));
#15945=CARTESIAN_POINT('',(-0.0144132233439854,0.0182319348983179,0.0032));
#15946=CARTESIAN_POINT('',(-0.0148298212718348,0.0182319348983179,0.0032));
#15947=CARTESIAN_POINT('',(-0.0150290824707958,0.0179926493116606,0.0032));
#15948=CARTESIAN_POINT('',(-0.013944981044915,0.0180559136664063,0.0032));
#15949=CARTESIAN_POINT('',(-0.013944981044915,0.0180559136664063,0.003));
#15950=CARTESIAN_POINT('',(-0.0140454006556225,0.0181732611543474,0.0032));
#15951=CARTESIAN_POINT('',(-0.0140454006556225,0.0181732611543474,0.003));
#15952=CARTESIAN_POINT('',(-0.0142014814219793,0.0182319348983179,0.0032));
#15953=CARTESIAN_POINT('',(-0.0142014814219793,0.0182319348983179,0.003));
#15954=CARTESIAN_POINT('',(-0.0144132233439854,0.0182319348983179,0.0032));
#15955=CARTESIAN_POINT('',(-0.0144132233439854,0.0182319348983179,0.003));
#15956=CARTESIAN_POINT('',(-0.013944981044915,0.0180559136664063,0.0032));
#15957=CARTESIAN_POINT('',(-0.013944981044915,0.0180559136664063,0.0032));
#15958=CARTESIAN_POINT('',(-0.013944981044915,0.0180559136664063,0.0032));
#15959=CARTESIAN_POINT('',(-0.0140956104609763,0.0182319348983179,0.0032));
#15960=CARTESIAN_POINT('',(-0.0144132233439854,0.0182319348983179,0.0032));
#15961=CARTESIAN_POINT('',(-0.0137943516288538,0.0175269892311513,0.0032));
#15962=CARTESIAN_POINT('',(-0.0137943516288538,0.0175269892311513,0.003));
#15963=CARTESIAN_POINT('',(-0.0137943516288538,0.0177622580333802,0.0032));
#15964=CARTESIAN_POINT('',(-0.0137943516288538,0.0177622580333802,0.003));
#15965=CARTESIAN_POINT('',(-0.0138445614342075,0.0179385661784653,0.0032));
#15966=CARTESIAN_POINT('',(-0.0138445614342075,0.0179385661784653,0.003));
#15967=CARTESIAN_POINT('',(-0.013944981044915,0.0180559136664063,0.0032));
#15968=CARTESIAN_POINT('',(-0.013944981044915,0.0180559136664063,0.003));
#15969=CARTESIAN_POINT('',(-0.0137943516288538,0.0175269892311513,0.0032));
#15970=CARTESIAN_POINT('',(-0.0137943516288538,0.0178798924344947,0.0032));
#15971=CARTESIAN_POINT('',(-0.013944981044915,0.0180559136664063,0.0032));
#15972=CARTESIAN_POINT('',(6.93889390390723E-18,0.00562997284531592,0.0032));
#15973=CARTESIAN_POINT('',(-0.0193598933674366,0.0178807531740151,0.0032));
#15974=CARTESIAN_POINT('',(-0.0193598933674366,0.0178807531740151,0.003));
#15975=CARTESIAN_POINT('',(-0.0191309366550235,0.0172713495936073,0.003));
#15976=CARTESIAN_POINT('',(-0.019589042818767,0.0184900853084647,0.003));
#15977=CARTESIAN_POINT('',(-0.0191309366550235,0.0172713495936073,0.0032));
#15978=CARTESIAN_POINT('',(-0.0191309366550235,0.0172713495936073,0.0032));
#15979=CARTESIAN_POINT('',(-0.0193598933674366,0.0178807531740151,0.0032));
#15980=CARTESIAN_POINT('',(-0.019589042818767,0.0184900853084647,0.00319999975));
#15981=CARTESIAN_POINT('',(-0.0195888500798497,0.0184901567544229,0.0032));
#15982=CARTESIAN_POINT('',(-0.0197670231605622,0.0172713495936073,0.0032));
#15983=CARTESIAN_POINT('',(-0.0197670231605622,0.0172713495936073,0.003));
#15984=CARTESIAN_POINT('',(-0.0204031096661008,0.0172713495936073,0.003));
#15985=CARTESIAN_POINT('',(-0.0204031096661008,0.0172713495936073,0.0032));
#15986=CARTESIAN_POINT('',(-0.0204031096661008,0.0172713495936073,0.0032));
#15987=CARTESIAN_POINT('',(-0.0197670231605622,0.0172713495936073,0.0032));
#15988=CARTESIAN_POINT('',(-0.0201720011048868,0.0178807531740151,0.0032));
#15989=CARTESIAN_POINT('',(-0.0201720011048868,0.0178807531740151,0.003));
#15990=CARTESIAN_POINT('',(-0.0199410317455998,0.0184902074102782,0.003));
#15991=CARTESIAN_POINT('',(-0.0199408925436728,0.0184901567544229,0.0032));
#15992=CARTESIAN_POINT('',(-0.0199410317455998,0.0184902074102782,0.0032));
#15993=CARTESIAN_POINT('',(-0.0201720011048868,0.0178807531740151,0.0032));
#15994=CARTESIAN_POINT('',(-0.0247829078722806,0.0202521756684399,0.0032));
#15995=CARTESIAN_POINT('',(-0.0247829078722806,0.0202521756684399,0.003));
#15996=CARTESIAN_POINT('',(-0.0197709770712458,0.0190574707934587,0.003));
#15997=CARTESIAN_POINT('',(-0.0197709770705625,0.0190574707934693,0.0032));
#15998=CARTESIAN_POINT('',(-0.0197709770712458,0.0190574707934587,0.0032));
#15999=CARTESIAN_POINT('',(-0.0247829078722806,0.0202521756684399,0.0032));
#16000=CARTESIAN_POINT('',(-0.0187440342406262,0.0162345888413458,0.0032));
#16001=CARTESIAN_POINT('',(-0.0184991538470867,0.0156092615798115,0.0032));
#16002=CARTESIAN_POINT('',(-0.0184991538470867,0.0156092615798115,0.0032));
#16003=CARTESIAN_POINT('',(-0.0187440342406262,0.0162345888413458,0.0032));
#16004=CARTESIAN_POINT('',(-0.0189889146341658,0.0168599161028801,0.0032));
#16005=CARTESIAN_POINT('',(-0.0189889146341658,0.0168599161028801,0.0032));
#16006=CARTESIAN_POINT('',(-0.0182624504789904,0.0156092615798115,0.0032));
#16007=CARTESIAN_POINT('',(-0.0180257471108941,0.0156092615798115,0.0032));
#16008=CARTESIAN_POINT('',(-0.0180257471108941,0.0156092615798115,0.0032));
#16009=CARTESIAN_POINT('',(-0.0182624504789904,0.0156092615798115,0.0032));
#16010=CARTESIAN_POINT('',(-0.0187991215699286,0.0175837980394943,0.0032));
#16011=CARTESIAN_POINT('',(-0.019572496028963,0.0195583344991771,0.0032));
#16012=CARTESIAN_POINT('',(-0.019572496028963,0.0195583344991771,0.0032));
#16013=CARTESIAN_POINT('',(-0.0187991215699286,0.0175837980394943,0.0032));
#16014=CARTESIAN_POINT('',(-0.0197648713117613,0.0195583344991771,0.0032));
#16015=CARTESIAN_POINT('',(-0.0199572465945595,0.0195583344991771,0.0032));
#16016=CARTESIAN_POINT('',(-0.0199572465945595,0.0195583344991771,0.0032));
#16017=CARTESIAN_POINT('',(-0.0197648713117613,0.0195583344991771,0.0032));
#16018=CARTESIAN_POINT('',(-0.0207344943814355,0.0175837980394943,0.0032));
#16019=CARTESIAN_POINT('',(-0.0215117421683115,0.0156092615798115,0.0032));
#16020=CARTESIAN_POINT('',(-0.0215117421683115,0.0156092615798115,0.0032));
#16021=CARTESIAN_POINT('',(-0.0207344943814355,0.0175837980394943,0.0032));
#16022=CARTESIAN_POINT('',(-0.0212802032373373,0.0156092615798115,0.0032));
#16023=CARTESIAN_POINT('',(-0.0210486643063632,0.0156092615798115,0.0032));
#16024=CARTESIAN_POINT('',(-0.0210486643063632,0.0156092615798115,0.0032));
#16025=CARTESIAN_POINT('',(-0.0212802032373373,0.0156092615798115,0.0032));
#16026=CARTESIAN_POINT('',(-0.0208067965011449,0.0162345888413458,0.0032));
#16027=CARTESIAN_POINT('',(-0.0205649286959266,0.0168599161028801,0.0032));
#16028=CARTESIAN_POINT('',(-0.0205649286959266,0.0168599161028801,0.0032));
#16029=CARTESIAN_POINT('',(-0.0208067965011449,0.0162345888413458,0.0032));
#16030=CARTESIAN_POINT('',(-0.0197769216650461,0.0168599161028801,0.0032));
#16031=CARTESIAN_POINT('',(-0.0197769216650461,0.0168599161028801,0.0032));
#16032=CARTESIAN_POINT('',(-0.0133839869633739,0.0207902235839143,0.0032));
#16033=CARTESIAN_POINT('',(-0.0133839869633739,0.0207902235839143,0.003));
#16034=CARTESIAN_POINT('',(-0.0133839869633739,0.0207902235839143,0.0032));
#16035=CARTESIAN_POINT('',(6.93889390390723E-18,0.00562997284531592,0.0032));
#16036=CARTESIAN_POINT('',(0.,0.00562997284531593,0.003));
#16037=CARTESIAN_POINT('',(-0.0231962094096364,0.0164131922918185,0.0032));
#16038=CARTESIAN_POINT('',(-0.0231962094096364,0.0164131922918185,0.003));
#16039=CARTESIAN_POINT('',(-0.0231962094096364,0.0161389032980003,0.0032));
#16040=CARTESIAN_POINT('',(-0.0231962094096364,0.0161389032980003,0.003));
#16041=CARTESIAN_POINT('',(-0.0232983504993846,0.0159273048325809,0.0032));
#16042=CARTESIAN_POINT('',(-0.0232983504993846,0.0159273048325809,0.003));
#16043=CARTESIAN_POINT('',(-0.023502632678881,0.0157783968955604,0.0032));
#16044=CARTESIAN_POINT('',(-0.023502632678881,0.0157783968955604,0.003));
#16045=CARTESIAN_POINT('',(-0.0231962094096364,0.0164131922918185,0.0032));
#16046=CARTESIAN_POINT('',(-0.0231962094096364,0.0164131922918185,0.0032));
#16047=CARTESIAN_POINT('',(-0.0231962094096364,0.0164131922918185,0.0032));
#16048=CARTESIAN_POINT('',(-0.0231962094096364,0.0160017588010912,0.0032));
#16049=CARTESIAN_POINT('',(-0.023502632678881,0.0157783968955604,0.0032));
#16050=CARTESIAN_POINT('',(-0.023502632678881,0.0157783968955604,0.0032));
#16051=CARTESIAN_POINT('',(-0.023502632678881,0.0157783968955604,0.0032));
#16052=CARTESIAN_POINT('',(-0.0233804076669912,0.0169003708603365,0.0032));
#16053=CARTESIAN_POINT('',(-0.0233804076669912,0.0169003708603365,0.003));
#16054=CARTESIAN_POINT('',(-0.0232576088287547,0.016771259932284,0.0032));
#16055=CARTESIAN_POINT('',(-0.0232576088287547,0.016771259932284,0.003));
#16056=CARTESIAN_POINT('',(-0.0231962094096364,0.0166088670761113,0.0032));
#16057=CARTESIAN_POINT('',(-0.0231962094096364,0.0166088670761113,0.003));
#16058=CARTESIAN_POINT('',(-0.0231962094096364,0.0164131922918185,0.0032));
#16059=CARTESIAN_POINT('',(-0.0231962094096364,0.0164131922918185,0.003));
#16060=CARTESIAN_POINT('',(-0.0233804076669912,0.0169003708603365,0.0032));
#16061=CARTESIAN_POINT('',(-0.0233804076669912,0.0169003708603365,0.0032));
#16062=CARTESIAN_POINT('',(-0.0233804076669912,0.0169003708603365,0.0032));
#16063=CARTESIAN_POINT('',(-0.0231962094096364,0.0167067044682577,0.0032));
#16064=CARTESIAN_POINT('',(-0.0231962094096364,0.0164131922918185,0.0032));
#16065=CARTESIAN_POINT('',(-0.0240887962922392,0.0172851214259329,0.0032));
#16066=CARTESIAN_POINT('',(-0.0240887962922392,0.0172851214259329,0.003));
#16067=CARTESIAN_POINT('',(-0.0237393360469772,0.0171577319769211,0.0032));
#16068=CARTESIAN_POINT('',(-0.0237393360469772,0.0171577319769211,0.003));
#16069=CARTESIAN_POINT('',(-0.0235032065052278,0.017029481788389,0.0032));
#16070=CARTESIAN_POINT('',(-0.0235032065052278,0.017029481788389,0.003));
#16071=CARTESIAN_POINT('',(-0.0233804076669912,0.0169003708603365,0.0032));
#16072=CARTESIAN_POINT('',(-0.0233804076669912,0.0169003708603365,0.003));
#16073=CARTESIAN_POINT('',(-0.0240887962922392,0.0172851214259329,0.0032));
#16074=CARTESIAN_POINT('',(-0.0240887962922392,0.0172851214259329,0.0032));
#16075=CARTESIAN_POINT('',(-0.0240887962922392,0.0172851214259329,0.0032));
#16076=CARTESIAN_POINT('',(-0.0235646059243462,0.0170940372524152,0.0032));
#16077=CARTESIAN_POINT('',(-0.0233804076669912,0.0169003708603365,0.0032));
#16078=CARTESIAN_POINT('',(-0.0246052400044492,0.0175033188943416,0.0032));
#16079=CARTESIAN_POINT('',(-0.0246052400044492,0.0175033188943416,0.003));
#16080=CARTESIAN_POINT('',(-0.0245157230943328,0.0174531090889879,0.0032));
#16081=CARTESIAN_POINT('',(-0.0245157230943328,0.0174531090889879,0.003));
#16082=CARTESIAN_POINT('',(-0.0243435751902628,0.0173803765995184,0.0032));
#16083=CARTESIAN_POINT('',(-0.0243435751902628,0.0173803765995184,0.003));
#16084=CARTESIAN_POINT('',(-0.0240887962922392,0.0172851214259329,0.0032));
#16085=CARTESIAN_POINT('',(-0.0240887962922392,0.0172851214259329,0.003));
#16086=CARTESIAN_POINT('',(-0.0246052400044492,0.0175033188943416,0.0032));
#16087=CARTESIAN_POINT('',(-0.0246052400044492,0.0175033188943416,0.0032));
#16088=CARTESIAN_POINT('',(-0.0246052400044492,0.0175033188943416,0.0032));
#16089=CARTESIAN_POINT('',(-0.0244709646392746,0.0174280041863111,0.0032));
#16090=CARTESIAN_POINT('',(-0.0240887962922392,0.0172851214259329,0.0032));
#16091=CARTESIAN_POINT('',(-0.0243281364403367,0.0180506671480042,0.0032));
#16092=CARTESIAN_POINT('',(-0.0248001975058085,0.0176616949660861,0.0032));
#16093=CARTESIAN_POINT('',(-0.024800561209435,0.0176613781738808,0.0032));
#16094=CARTESIAN_POINT('',(-0.0243281364403367,0.0180506671480042,0.0032));
#16095=CARTESIAN_POINT('',(-0.0245274733026063,0.0178522472609962,0.0032));
#16096=CARTESIAN_POINT('',(-0.0248608796419931,0.0178635383836081,0.0032));
#16097=CARTESIAN_POINT('',(-0.0248608796419931,0.0178635383836081,0.0032));
#16098=CARTESIAN_POINT('',(-0.0245274733026063,0.0178522472609962,0.0032));
#16099=CARTESIAN_POINT('',(-0.0246994909819276,0.0181376839208396,0.0032));
#16100=CARTESIAN_POINT('',(-0.0246994909819276,0.0181376839208396,0.003));
#16101=CARTESIAN_POINT('',(-0.0248070834219713,0.0180714069777726,0.0032));
#16102=CARTESIAN_POINT('',(-0.0248070834219713,0.0180714069777726,0.003));
#16103=CARTESIAN_POINT('',(-0.0248608796419931,0.0179800251320288,0.0032));
#16104=CARTESIAN_POINT('',(-0.0248608796419931,0.0179800251320288,0.003));
#16105=CARTESIAN_POINT('',(-0.0248608796419931,0.0178635383836081,0.0032));
#16106=CARTESIAN_POINT('',(-0.0248608796419931,0.0178635383836081,0.003));
#16107=CARTESIAN_POINT('',(-0.0246994909819276,0.0181376839208396,0.0032));
#16108=CARTESIAN_POINT('',(-0.0246994909819276,0.0181376839208396,0.0032));
#16109=CARTESIAN_POINT('',(-0.0246994909819276,0.0181376839208396,0.0032));
#16110=CARTESIAN_POINT('',(-0.0248608796419931,0.0180382685062392,0.0032));
#16111=CARTESIAN_POINT('',(-0.0248608796419931,0.0178635383836081,0.0032));
#16112=CARTESIAN_POINT('',(-0.0242204894388528,0.01823709933544,0.0032));
#16113=CARTESIAN_POINT('',(-0.0242204894388528,0.01823709933544,0.003));
#16114=CARTESIAN_POINT('',(-0.0244322313608589,0.01823709933544,0.0032));
#16115=CARTESIAN_POINT('',(-0.0244322313608589,0.01823709933544,0.003));
#16116=CARTESIAN_POINT('',(-0.0245918985418838,0.0182039608639065,0.0032));
#16117=CARTESIAN_POINT('',(-0.0245918985418838,0.0182039608639065,0.003));
#16118=CARTESIAN_POINT('',(-0.0246994909819276,0.0181376839208396,0.0032));
#16119=CARTESIAN_POINT('',(-0.0246994909819276,0.0181376839208396,0.003));
#16120=CARTESIAN_POINT('',(-0.0242204894388528,0.01823709933544,0.0032));
#16121=CARTESIAN_POINT('',(-0.0242204894388528,0.01823709933544,0.0032));
#16122=CARTESIAN_POINT('',(-0.0242204894388528,0.01823709933544,0.0032));
#16123=CARTESIAN_POINT('',(-0.0245381023218619,0.01823709933544,0.0032));
#16124=CARTESIAN_POINT('',(-0.0246994909819276,0.0181376839208396,0.0032));
#16125=CARTESIAN_POINT('',(-0.0234165587268459,0.0180546225571258,0.0032));
#16126=CARTESIAN_POINT('',(-0.0234165587268459,0.0180546225571258,0.003));
#16127=CARTESIAN_POINT('',(-0.0237120792954994,0.0181762737426686,0.0032));
#16128=CARTESIAN_POINT('',(-0.0237120792954994,0.0181762737426686,0.003));
#16129=CARTESIAN_POINT('',(-0.0239800561995017,0.01823709933544,0.0032));
#16130=CARTESIAN_POINT('',(-0.0239800561995017,0.01823709933544,0.003));
#16131=CARTESIAN_POINT('',(-0.0242204894388528,0.01823709933544,0.0032));
#16132=CARTESIAN_POINT('',(-0.0242204894388528,0.01823709933544,0.003));
#16133=CARTESIAN_POINT('',(-0.0234165587268459,0.0180546225571258,0.0032));
#16134=CARTESIAN_POINT('',(-0.0234165587268459,0.0180546225571258,0.0032));
#16135=CARTESIAN_POINT('',(-0.0234165587268459,0.0180546225571258,0.0032));
#16136=CARTESIAN_POINT('',(-0.0238598395798261,0.01823709933544,0.0032));
#16137=CARTESIAN_POINT('',(-0.0242204894388528,0.01823709933544,0.0032));
#16138=CARTESIAN_POINT('',(-0.0233369403212135,0.0182362385959196,0.0032));
#16139=CARTESIAN_POINT('',(-0.0232574852840367,0.0184174819780204,0.0032));
#16140=CARTESIAN_POINT('',(-0.0232574852840367,0.0184174819780204,0.0032));
#16141=CARTESIAN_POINT('',(-0.0233369403212135,0.0182362385959196,0.0032));
#16142=CARTESIAN_POINT('',(-0.0241946375177447,0.01625454502597,0.0032));
#16143=CARTESIAN_POINT('',(-0.0241886420765999,0.0186115210267922,0.0032));
#16144=CARTESIAN_POINT('',(-0.0241886420765999,0.0186115210267922,0.0032));
#16145=CARTESIAN_POINT('',(-0.0241946375177447,0.01625454502597,0.0032));
#16146=CARTESIAN_POINT('',(-0.0249925727886067,0.0184027916931074,0.0032));
#16147=CARTESIAN_POINT('',(-0.0249925727886067,0.0184027916931074,0.003));
#16148=CARTESIAN_POINT('',(-0.0247968980043138,0.0185419445822306,0.0032));
#16149=CARTESIAN_POINT('',(-0.0247968980043138,0.0185419445822306,0.003));
#16150=CARTESIAN_POINT('',(-0.0245289211003115,0.0186115210267922,0.0032));
#16151=CARTESIAN_POINT('',(-0.0245289211003115,0.0186115210267922,0.003));
#16152=CARTESIAN_POINT('',(-0.0241886420765999,0.0186115210267922,0.0032));
#16153=CARTESIAN_POINT('',(-0.0241886420765999,0.0186115210267922,0.003));
#16154=CARTESIAN_POINT('',(-0.0249925727886067,0.0184027916931074,0.0032));
#16155=CARTESIAN_POINT('',(-0.0249925727886067,0.0184027916931074,0.0032));
#16156=CARTESIAN_POINT('',(-0.0249925727886067,0.0184027916931074,0.0032));
#16157=CARTESIAN_POINT('',(-0.0246990606121673,0.0186115210267922,0.0032));
#16158=CARTESIAN_POINT('',(-0.0241886420765999,0.0186115210267922,0.0032));
#16159=CARTESIAN_POINT('',(-0.024626298529361,0.0178536898104944,0.0032));
#16160=CARTESIAN_POINT('',(-0.025286084965046,0.0178334125003958,0.0032));
#16161=CARTESIAN_POINT('',(-0.0252856586147041,0.0178334247329155,0.0032));
#16162=CARTESIAN_POINT('',(-0.024626298529361,0.0178536898104944,0.0032));
#16163=CARTESIAN_POINT('',(-0.0246090236879552,0.0178124816608455,0.0032));
#16164=CARTESIAN_POINT('',(-0.0252013021222916,0.017486964843455,0.0032));
#16165=CARTESIAN_POINT('',(-0.025201641955743,0.0174867741869149,0.0032));
#16166=CARTESIAN_POINT('',(-0.0246090236879552,0.0178124816608455,0.0032));
#16167=CARTESIAN_POINT('',(-0.0245184809519989,0.0179130584962381,0.0032));
#16168=CARTESIAN_POINT('',(-0.0249430802661865,0.0172274518780695,0.0032));
#16169=CARTESIAN_POINT('',(-0.0249430802661865,0.0172274518780695,0.0032));
#16170=CARTESIAN_POINT('',(-0.0245184809519989,0.0179130584962381,0.0032));
#16171=CARTESIAN_POINT('',(-0.0243582077621088,0.0169597618872406,0.0032));
#16172=CARTESIAN_POINT('',(-0.0243582077621088,0.0169597618872406,0.003));
#16173=CARTESIAN_POINT('',(-0.024632496755927,0.0170619029769889,0.0032));
#16174=CARTESIAN_POINT('',(-0.024632496755927,0.0170619029769889,0.003));
#16175=CARTESIAN_POINT('',(-0.0248274542572862,0.0171511329739318,0.0032));
#16176=CARTESIAN_POINT('',(-0.0248274542572862,0.0171511329739318,0.003));
#16177=CARTESIAN_POINT('',(-0.0249430802661865,0.0172274518780695,0.0032));
#16178=CARTESIAN_POINT('',(-0.0249430802661865,0.0172274518780695,0.003));
#16179=CARTESIAN_POINT('',(-0.0243582077621088,0.0169597618872406,0.0032));
#16180=CARTESIAN_POINT('',(-0.0243582077621088,0.0169597618872406,0.0032));
#16181=CARTESIAN_POINT('',(-0.0243582077621088,0.0169597618872406,0.0032));
#16182=CARTESIAN_POINT('',(-0.0247696412528361,0.017112973521863,0.0032));
#16183=CARTESIAN_POINT('',(-0.0249430802661865,0.0172274518780695,0.0032));
#16184=CARTESIAN_POINT('',(-0.0237754871068319,0.016670553408403,0.0032));
#16185=CARTESIAN_POINT('',(-0.0237754871068319,0.016670553408403,0.003));
#16186=CARTESIAN_POINT('',(-0.0238747590648456,0.0167520367496628,0.0032));
#16187=CARTESIAN_POINT('',(-0.0238747590648456,0.0167520367496628,0.003));
#16188=CARTESIAN_POINT('',(-0.0240689992832712,0.0168484395759421,0.0032));
#16189=CARTESIAN_POINT('',(-0.0240689992832712,0.0168484395759421,0.003));
#16190=CARTESIAN_POINT('',(-0.0243582077621088,0.0169597618872406,0.0032));
#16191=CARTESIAN_POINT('',(-0.0243582077621088,0.0169597618872406,0.003));
#16192=CARTESIAN_POINT('',(-0.0237754871068319,0.016670553408403,0.0032));
#16193=CARTESIAN_POINT('',(-0.0237754871068319,0.016670553408403,0.0032));
#16194=CARTESIAN_POINT('',(-0.0237754871068319,0.016670553408403,0.0032));
#16195=CARTESIAN_POINT('',(-0.0239243950438524,0.0167927784202927,0.0032));
#16196=CARTESIAN_POINT('',(-0.0243582077621088,0.0169597618872406,0.0032));
#16197=CARTESIAN_POINT('',(-0.0236265791698113,0.0163761804924434,0.0032));
#16198=CARTESIAN_POINT('',(-0.0236265791698113,0.0163761804924434,0.003));
#16199=CARTESIAN_POINT('',(-0.0236265791698113,0.0164909457618234,0.0032));
#16200=CARTESIAN_POINT('',(-0.0236265791698113,0.0164909457618234,0.003));
#16201=CARTESIAN_POINT('',(-0.0236762151488182,0.0165890700671432,0.0032));
#16202=CARTESIAN_POINT('',(-0.0236762151488182,0.0165890700671432,0.003));
#16203=CARTESIAN_POINT('',(-0.0237754871068319,0.016670553408403,0.0032));
#16204=CARTESIAN_POINT('',(-0.0237754871068319,0.016670553408403,0.003));
#16205=CARTESIAN_POINT('',(-0.0236265791698113,0.0163761804924434,0.0032));
#16206=CARTESIAN_POINT('',(-0.0236265791698113,0.0163761804924434,0.0032));
#16207=CARTESIAN_POINT('',(-0.0236265791698113,0.0163761804924434,0.0032));
#16208=CARTESIAN_POINT('',(-0.0236265791698113,0.0165483283965133,0.0032));
#16209=CARTESIAN_POINT('',(-0.0237754871068319,0.016670553408403,0.0032));
#16210=CARTESIAN_POINT('',(-0.0238146507550078,0.016035758012145,0.0032));
#16211=CARTESIAN_POINT('',(-0.0238146507550078,0.016035758012145,0.003));
#16212=CARTESIAN_POINT('',(-0.0236892696982101,0.0161100685240685,0.0032));
#16213=CARTESIAN_POINT('',(-0.0236892696982101,0.0161100685240685,0.003));
#16214=CARTESIAN_POINT('',(-0.0236265791698113,0.016223542684168,0.0032));
#16215=CARTESIAN_POINT('',(-0.0236265791698113,0.016223542684168,0.003));
#16216=CARTESIAN_POINT('',(-0.0236265791698113,0.0163761804924434,0.0032));
#16217=CARTESIAN_POINT('',(-0.0236265791698113,0.0163761804924434,0.003));
#16218=CARTESIAN_POINT('',(-0.0238146507550078,0.016035758012145,0.0032));
#16219=CARTESIAN_POINT('',(-0.0238146507550078,0.016035758012145,0.0032));
#16220=CARTESIAN_POINT('',(-0.0238146507550078,0.016035758012145,0.0032));
#16221=CARTESIAN_POINT('',(-0.0236265791698113,0.0161472237800303,0.0032));
#16222=CARTESIAN_POINT('',(-0.0236265791698113,0.0163761804924434,0.0032));
#16223=CARTESIAN_POINT('',(-0.0243521825854663,0.0159242922442597,0.0032));
#16224=CARTESIAN_POINT('',(-0.0243521825854663,0.0159242922442597,0.003));
#16225=CARTESIAN_POINT('',(-0.024119209088625,0.0159242922442597,0.0032));
#16226=CARTESIAN_POINT('',(-0.024119209088625,0.0159242922442597,0.003));
#16227=CARTESIAN_POINT('',(-0.0239400318118054,0.0159614475002214,0.0032));
#16228=CARTESIAN_POINT('',(-0.0239400318118054,0.0159614475002214,0.003));
#16229=CARTESIAN_POINT('',(-0.0238146507550078,0.016035758012145,0.0032));
#16230=CARTESIAN_POINT('',(-0.0238146507550078,0.016035758012145,0.003));
#16231=CARTESIAN_POINT('',(-0.0243521825854663,0.0159242922442597,0.0032));
#16232=CARTESIAN_POINT('',(-0.0243521825854663,0.0159242922442597,0.0032));
#16233=CARTESIAN_POINT('',(-0.0243521825854663,0.0159242922442597,0.0032));
#16234=CARTESIAN_POINT('',(-0.0240027223402043,0.0159242922442597,0.0032));
#16235=CARTESIAN_POINT('',(-0.0238146507550078,0.016035758012145,0.0032));
#16236=CARTESIAN_POINT('',(-0.0243381170802651,0.0178374204551864,0.0032));
#16237=CARTESIAN_POINT('',(-0.0248217159938172,0.0159858351199647,0.0032));
#16238=CARTESIAN_POINT('',(-0.0248216828029136,0.0159859620852778,0.0032));
#16239=CARTESIAN_POINT('',(-0.0243381170802651,0.0178374204551864,0.0032));
#16240=CARTESIAN_POINT('',(-0.024288893092901,0.0181233141909092,0.0032));
#16241=CARTESIAN_POINT('',(-0.0252774775698425,0.0161548444069811,0.0032));
#16242=CARTESIAN_POINT('',(-0.0252774775698425,0.0161548444069811,0.0032));
#16243=CARTESIAN_POINT('',(-0.024288893092901,0.0181233141909092,0.0032));
#16244=CARTESIAN_POINT('',(-0.0252774775698425,0.0159479625810693,0.0032));
#16245=CARTESIAN_POINT('',(-0.0252774775698425,0.0157409547264251,0.0032));
#16246=CARTESIAN_POINT('',(-0.0252774775698425,0.0157409547264251,0.0032));
#16247=CARTESIAN_POINT('',(-0.0252774775698425,0.0159479625810693,0.0032));
#16248=CARTESIAN_POINT('',(-0.0243633721992309,0.0155550349900295,0.0032));
#16249=CARTESIAN_POINT('',(-0.0243633721992309,0.0155550349900295,0.003));
#16250=CARTESIAN_POINT('',(-0.0247541479414698,0.0155550349900295,0.0032));
#16251=CARTESIAN_POINT('',(-0.0247541479414698,0.0155550349900295,0.003));
#16252=CARTESIAN_POINT('',(-0.0250588497316736,0.0156170082354947,0.0032));
#16253=CARTESIAN_POINT('',(-0.0250588497316736,0.0156170082354947,0.003));
#16254=CARTESIAN_POINT('',(-0.0252774775698425,0.0157409547264251,0.0032));
#16255=CARTESIAN_POINT('',(-0.0252774775698425,0.0157409547264251,0.003));
#16256=CARTESIAN_POINT('',(-0.0243633721992309,0.0155550349900295,0.0032));
#16257=CARTESIAN_POINT('',(-0.0243633721992309,0.0155550349900295,0.0032));
#16258=CARTESIAN_POINT('',(-0.0243633721992309,0.0155550349900295,0.0032));
#16259=CARTESIAN_POINT('',(-0.0249495358125892,0.0155550349900295,0.0032));
#16260=CARTESIAN_POINT('',(-0.0252774775698425,0.0157409547264251,0.0032));
#16261=CARTESIAN_POINT('',(-0.023502632678881,0.0157783968955604,0.0032));
#16262=CARTESIAN_POINT('',(-0.023502632678881,0.0157783968955604,0.003));
#16263=CARTESIAN_POINT('',(-0.0237069148583773,0.0156294889585398,0.0032));
#16264=CARTESIAN_POINT('',(-0.0237069148583773,0.0156294889585398,0.003));
#16265=CARTESIAN_POINT('',(-0.0239938280318273,0.0155550349900295,0.0032));
#16266=CARTESIAN_POINT('',(-0.0239938280318273,0.0155550349900295,0.003));
#16267=CARTESIAN_POINT('',(-0.0243633721992309,0.0155550349900295,0.0032));
#16268=CARTESIAN_POINT('',(-0.0243633721992309,0.0155550349900295,0.003));
#16269=CARTESIAN_POINT('',(-0.023502632678881,0.0157783968955604,0.0032));
#16270=CARTESIAN_POINT('',(-0.0238090559481255,0.0155550349900295,0.0032));
#16271=CARTESIAN_POINT('',(-0.0243633721992309,0.0155550349900295,0.0032));
#16272=CARTESIAN_POINT('',(6.93889390390723E-18,0.00562997284531592,0.0032));
#16273=CARTESIAN_POINT('',(-0.0259854358253304,0.0188318703440018,0.0032));
#16274=CARTESIAN_POINT('',(-0.0259316396053085,0.0195419804482905,0.0032));
#16275=CARTESIAN_POINT('',(-0.0259316396053085,0.0195419804482905,0.0032));
#16276=CARTESIAN_POINT('',(-0.0259854358253304,0.0188318703440018,0.0032));
#16277=CARTESIAN_POINT('',(-0.0260392320453522,0.0181217602397131,0.0032));
#16278=CARTESIAN_POINT('',(-0.0260392320453522,0.0181217602397131,0.0032));
#16279=CARTESIAN_POINT('',(-0.0261816844359701,0.0195419804482905,0.0032));
#16280=CARTESIAN_POINT('',(-0.0264317292666318,0.0195419804482905,0.0032));
#16281=CARTESIAN_POINT('',(-0.0264317292666318,0.0195419804482905,0.0032));
#16282=CARTESIAN_POINT('',(-0.0261816844359701,0.0195419804482905,0.0032));
#16283=CARTESIAN_POINT('',(-0.0263766419373294,0.0188318703440018,0.0032));
#16284=CARTESIAN_POINT('',(-0.0263215546080271,0.0181217602397131,0.0032));
#16285=CARTESIAN_POINT('',(-0.0263215546080271,0.0181217602397131,0.0032));
#16286=CARTESIAN_POINT('',(-0.0263766419373294,0.0188318703440018,0.0032));
#16287=CARTESIAN_POINT('',(-0.0261803933266897,0.0181217602397131,0.0032));
#16288=CARTESIAN_POINT('',(-0.0261803933266897,0.0181217602397131,0.0032));
#16289=CARTESIAN_POINT('',(6.93889390390723E-18,0.00562997284531592,0.0032));
#16290=CARTESIAN_POINT('',(-0.0293208014666865,0.0185572944370101,0.0032));
#16291=CARTESIAN_POINT('',(-0.0295605174231039,0.0185572944370101,0.0032));
#16292=CARTESIAN_POINT('',(-0.0295605174231039,0.0185572944370101,0.0032));
#16293=CARTESIAN_POINT('',(-0.0293208014666865,0.0185572944370101,0.0032));
#16294=CARTESIAN_POINT('',(-0.0290810855102689,0.0185572944370101,0.0032));
#16295=CARTESIAN_POINT('',(-0.0290810855102689,0.0185572944370101,0.0032));
#16296=CARTESIAN_POINT('',(-0.0289657464145421,0.0170751009829676,0.0032));
#16297=CARTESIAN_POINT('',(-0.0283709754059803,0.0155929075289249,0.0032));
#16298=CARTESIAN_POINT('',(-0.0283709754059803,0.0155929075289249,0.0032));
#16299=CARTESIAN_POINT('',(-0.0289657464145421,0.0170751009829676,0.0032));
#16300=CARTESIAN_POINT('',(-0.0284531760301737,0.0153833174557197,0.0032));
#16301=CARTESIAN_POINT('',(-0.0285353766543671,0.0151737273825145,0.0032));
#16302=CARTESIAN_POINT('',(-0.0285353766543671,0.0151737273825145,0.0032));
#16303=CARTESIAN_POINT('',(-0.0284531760301737,0.0153833174557197,0.0032));
#16304=CARTESIAN_POINT('',(-0.0291921209083941,0.0146572836703045,0.0032));
#16305=CARTESIAN_POINT('',(-0.0291921209083941,0.0146572836703045,0.003));
#16306=CARTESIAN_POINT('',(-0.0288851238128026,0.0146572836703045,0.0032));
#16307=CARTESIAN_POINT('',(-0.0288851238128026,0.0146572836703045,0.003));
#16308=CARTESIAN_POINT('',(-0.0286662090614603,0.0148294315743745,0.0032));
#16309=CARTESIAN_POINT('',(-0.0286662090614603,0.0148294315743745,0.003));
#16310=CARTESIAN_POINT('',(-0.0285353766543671,0.0151737273825145,0.0032));
#16311=CARTESIAN_POINT('',(-0.0285353766543671,0.0151737273825145,0.003));
#16312=CARTESIAN_POINT('',(-0.0291921209083941,0.0146572836703045,0.0032));
#16313=CARTESIAN_POINT('',(-0.0291921209083941,0.0146572836703045,0.0032));
#16314=CARTESIAN_POINT('',(-0.0291921209083941,0.0146572836703045,0.0032));
#16315=CARTESIAN_POINT('',(-0.0287316252650069,0.0146572836703045,0.0032));
#16316=CARTESIAN_POINT('',(-0.0285353766543671,0.0151737273825145,0.0032));
#16317=CARTESIAN_POINT('',(-0.029209161016345,0.0162391279536176,0.0032));
#16318=CARTESIAN_POINT('',(-0.0295226448842085,0.0146888408128535,0.0032));
#16319=CARTESIAN_POINT('',(-0.0295226448842085,0.0146888408128535,0.0032));
#16320=CARTESIAN_POINT('',(-0.029209161016345,0.0162391279536176,0.0032));
#16321=CARTESIAN_POINT('',(-0.0295226448842085,0.0145105275820849,0.0032));
#16322=CARTESIAN_POINT('',(-0.0295226448842085,0.0143319241316122,0.0032));
#16323=CARTESIAN_POINT('',(-0.0295226448842085,0.0143319240315789,0.0032));
#16324=CARTESIAN_POINT('',(-0.0295226448842085,0.0145105275820849,0.0032));
#16325=CARTESIAN_POINT('',(-0.029120056573445,0.0160526865988833,0.0032));
#16326=CARTESIAN_POINT('',(-0.0291189580491644,0.0142854441975133,0.0032));
#16327=CARTESIAN_POINT('',(-0.0291189580491644,0.0142854441975133,0.0032));
#16328=CARTESIAN_POINT('',(-0.029120056573445,0.0160526865988833,0.0032));
#16329=CARTESIAN_POINT('',(-0.0285018078130734,0.0144941735311982,0.0032));
#16330=CARTESIAN_POINT('',(-0.0285018078130734,0.0144941735311982,0.003));
#16331=CARTESIAN_POINT('',(-0.0286693651063682,0.014355020642075,0.0032));
#16332=CARTESIAN_POINT('',(-0.0286693651063682,0.014355020642075,0.003));
#16333=CARTESIAN_POINT('',(-0.0288750818517319,0.0142854441975133,0.0032));
#16334=CARTESIAN_POINT('',(-0.0288750818517319,0.0142854441975133,0.003));
#16335=CARTESIAN_POINT('',(-0.0291189580491644,0.0142854441975133,0.0032));
#16336=CARTESIAN_POINT('',(-0.0291189580491644,0.0142854441975133,0.003));
#16337=CARTESIAN_POINT('',(-0.0285018078130734,0.0144941735311982,0.0032));
#16338=CARTESIAN_POINT('',(-0.0285018078130734,0.0144941735311982,0.0032));
#16339=CARTESIAN_POINT('',(-0.0285018078130734,0.0144941735311982,0.0032));
#16340=CARTESIAN_POINT('',(-0.0287531437530157,0.0142854441975133,0.0032));
#16341=CARTESIAN_POINT('',(-0.0291189580491644,0.0142854441975133,0.0032));
#16342=CARTESIAN_POINT('',(-0.0280619699181747,0.0152004103076453,0.0032));
#16343=CARTESIAN_POINT('',(-0.0280619699181747,0.0152004103076453,0.003));
#16344=CARTESIAN_POINT('',(-0.0281876378881457,0.0148687386791372,0.0032));
#16345=CARTESIAN_POINT('',(-0.0281876378881457,0.0148687386791372,0.003));
#16346=CARTESIAN_POINT('',(-0.0283342505197787,0.0146333264203214,0.0032));
#16347=CARTESIAN_POINT('',(-0.0283342505197787,0.0146333264203214,0.003));
#16348=CARTESIAN_POINT('',(-0.0285018078130734,0.0144941735311982,0.0032));
#16349=CARTESIAN_POINT('',(-0.0285018078130734,0.0144941735311982,0.003));
#16350=CARTESIAN_POINT('',(-0.0280619699181747,0.0152004103076453,0.0032));
#16351=CARTESIAN_POINT('',(-0.0280619699181747,0.0152004103076453,0.0032));
#16352=CARTESIAN_POINT('',(-0.0280619699181747,0.0152004103076453,0.0032));
#16353=CARTESIAN_POINT('',(-0.0282504718731313,0.0147029028648831,0.0032));
#16354=CARTESIAN_POINT('',(-0.0285018078130734,0.0144941735311982,0.0032));
#16355=CARTESIAN_POINT('',(-0.027428465631197,0.0168788523723277,0.0032));
#16356=CARTESIAN_POINT('',(-0.0267949613442195,0.0185572944370101,0.0032));
#16357=CARTESIAN_POINT('',(-0.0267949613442195,0.0185572944370101,0.0032));
#16358=CARTESIAN_POINT('',(-0.027428465631197,0.0168788523723277,0.0032));
#16359=CARTESIAN_POINT('',(-0.0270342469308768,0.0185572944370101,0.0032));
#16360=CARTESIAN_POINT('',(-0.0272729691753653,0.0185572944370101,0.0032));
#16361=CARTESIAN_POINT('',(-0.0272729691753653,0.0185572944370101,0.0032));
#16362=CARTESIAN_POINT('',(-0.0270342469308768,0.0185572944370101,0.0032));
#16363=CARTESIAN_POINT('',(0.157094106932862,-0.0486966757545701,0.0032));
#16364=CARTESIAN_POINT('',(-0.0280043003703112,0.0165147595552198,0.0032));
#16365=CARTESIAN_POINT('',(-0.0280045125720408,0.016514835040946,0.0032));
#16366=CARTESIAN_POINT('',(0.157094106932862,-0.0486966757545701,0.0032));
#16367=CARTESIAN_POINT('',(-0.0206688550667648,0.0139541263823384,0.0032));
#16368=CARTESIAN_POINT('',(-0.0281513217278894,0.0160447957771086,0.0032));
#16369=CARTESIAN_POINT('',(-0.0281513217278894,0.0160447957771086,0.0032));
#16370=CARTESIAN_POINT('',(-0.0206688550667648,0.0139541263823384,0.0032));
#16371=CARTESIAN_POINT('',(-0.0281613853327751,0.0160447957771086,0.0032));
#16372=CARTESIAN_POINT('',(-0.0281721445767795,0.0160447957771086,0.0032));
#16373=CARTESIAN_POINT('',(-0.0281721445767795,0.0160447957771086,0.0032));
#16374=CARTESIAN_POINT('',(-0.0281613853327751,0.0160447957771086,0.0032));
#16375=CARTESIAN_POINT('',(-0.0284355308700065,0.0168762701537667,0.0032));
#16376=CARTESIAN_POINT('',(-0.0284355308700065,0.0168762701537667,0.003));
#16377=CARTESIAN_POINT('',(-0.0282943695886691,0.0164923803276906,0.0032));
#16378=CARTESIAN_POINT('',(-0.0282943695886691,0.0164923803276906,0.003));
#16379=CARTESIAN_POINT('',(-0.0282065741575934,0.016215222202138,0.0032));
#16380=CARTESIAN_POINT('',(-0.0282065741575934,0.016215222202138,0.003));
#16381=CARTESIAN_POINT('',(-0.0281721445767795,0.0160447957771086,0.0032));
#16382=CARTESIAN_POINT('',(-0.0281721445767795,0.0160447957771086,0.003));
#16383=CARTESIAN_POINT('',(-0.0284355308700065,0.0168762701537667,0.0032));
#16384=CARTESIAN_POINT('',(-0.0284355308700065,0.0168762701537667,0.0032));
#16385=CARTESIAN_POINT('',(-0.0284355308700065,0.0168762701537667,0.0032));
#16386=CARTESIAN_POINT('',(-0.0282237889480004,0.0163004354146526,0.0032));
#16387=CARTESIAN_POINT('',(-0.0281721445767795,0.0160447957771086,0.0032));
#16388=CARTESIAN_POINT('',(-0.0287583081901378,0.0177167822953885,0.0032));
#16389=CARTESIAN_POINT('',(-0.0287583081901378,0.0177167822953885,0.0032));
#16390=CARTESIAN_POINT('',(6.93889390390723E-18,0.00562997284531592,0.0032));
#16391=CARTESIAN_POINT('',(-0.0302624505019493,0.0156092615798115,0.0032));
#16392=CARTESIAN_POINT('',(-0.0300390885964185,0.0156092615798116,0.0032));
#16393=CARTESIAN_POINT('',(-0.0300390885964185,0.0156092615798116,0.0032));
#16394=CARTESIAN_POINT('',(-0.0302624505019493,0.0156092615798115,0.0032));
#16395=CARTESIAN_POINT('',(-0.0304858124074801,0.0156092615798116,0.0032));
#16396=CARTESIAN_POINT('',(-0.0304858124074801,0.0156092615798116,0.0032));
#16397=CARTESIAN_POINT('',(-0.0300390885964185,0.0177021497235425,0.0032));
#16398=CARTESIAN_POINT('',(-0.0300390885964185,0.0197950378672734,0.0032));
#16399=CARTESIAN_POINT('',(-0.0300390885964185,0.0197950378672734,0.0032));
#16400=CARTESIAN_POINT('',(-0.0300390885964185,0.0177021497235425,0.0032));
#16401=CARTESIAN_POINT('',(-0.0302624505019493,0.0197950378672734,0.0032));
#16402=CARTESIAN_POINT('',(-0.0304858124074801,0.0197950378672734,0.0032));
#16403=CARTESIAN_POINT('',(-0.0304858124074801,0.0197950378672734,0.0032));
#16404=CARTESIAN_POINT('',(-0.0302624505019493,0.0197950378672734,0.0032));
#16405=CARTESIAN_POINT('',(-0.0304858124074801,0.0177021497235425,0.0032));
#16406=CARTESIAN_POINT('',(-0.0304858124074801,0.0177021497235425,0.0032));
#16407=CARTESIAN_POINT('',(6.93889390390723E-18,0.00562997284531592,0.0032));
#16408=CARTESIAN_POINT('',(-0.0334902237032616,0.0185572944370101,0.0032));
#16409=CARTESIAN_POINT('',(-0.0337299396596791,0.0185572944370101,0.0032));
#16410=CARTESIAN_POINT('',(-0.0337299396596791,0.0185572944370101,0.0032));
#16411=CARTESIAN_POINT('',(-0.0334902237032616,0.0185572944370101,0.0032));
#16412=CARTESIAN_POINT('',(-0.0332505077468441,0.0185572944370101,0.0032));
#16413=CARTESIAN_POINT('',(-0.0332505077468441,0.0185572944370101,0.0032));
#16414=CARTESIAN_POINT('',(-0.0331351686511172,0.0170751009829676,0.0032));
#16415=CARTESIAN_POINT('',(-0.0325403976425555,0.0155929075289249,0.0032));
#16416=CARTESIAN_POINT('',(-0.0325403976425555,0.0155929075289249,0.0032));
#16417=CARTESIAN_POINT('',(-0.0331351686511172,0.0170751009829676,0.0032));
#16418=CARTESIAN_POINT('',(-0.0326225982667488,0.0153833174557197,0.0032));
#16419=CARTESIAN_POINT('',(-0.0327047988909423,0.0151737273825145,0.0032));
#16420=CARTESIAN_POINT('',(-0.0327047988909423,0.0151737273825145,0.0032));
#16421=CARTESIAN_POINT('',(-0.0326225982667488,0.0153833174557197,0.0032));
#16422=CARTESIAN_POINT('',(-0.0333615431449693,0.0146572836703045,0.0032));
#16423=CARTESIAN_POINT('',(-0.0333615431449693,0.0146572836703045,0.003));
#16424=CARTESIAN_POINT('',(-0.0330545460493778,0.0146572836703045,0.0032));
#16425=CARTESIAN_POINT('',(-0.0330545460493778,0.0146572836703045,0.003));
#16426=CARTESIAN_POINT('',(-0.0328356312980355,0.0148294315743745,0.0032));
#16427=CARTESIAN_POINT('',(-0.0328356312980355,0.0148294315743745,0.003));
#16428=CARTESIAN_POINT('',(-0.0327047988909423,0.0151737273825145,0.0032));
#16429=CARTESIAN_POINT('',(-0.0327047988909423,0.0151737273825145,0.003));
#16430=CARTESIAN_POINT('',(-0.0333615431449693,0.0146572836703045,0.0032));
#16431=CARTESIAN_POINT('',(-0.0333615431449693,0.0146572836703045,0.0032));
#16432=CARTESIAN_POINT('',(-0.0333615431449693,0.0146572836703045,0.0032));
#16433=CARTESIAN_POINT('',(-0.032901047501582,0.0146572836703045,0.0032));
#16434=CARTESIAN_POINT('',(-0.0327047988909423,0.0151737273825145,0.0032));
#16435=CARTESIAN_POINT('',(-0.0333785832529199,0.0162391279536196,0.0032));
#16436=CARTESIAN_POINT('',(-0.0336920671207837,0.0146888408128535,0.0032));
#16437=CARTESIAN_POINT('',(-0.0336920671207837,0.0146888408128535,0.0032));
#16438=CARTESIAN_POINT('',(-0.0333785832529199,0.0162391279536196,0.0032));
#16439=CARTESIAN_POINT('',(-0.0336920671207837,0.0145105275820849,0.0032));
#16440=CARTESIAN_POINT('',(-0.0336920671207837,0.0143319241316122,0.0032));
#16441=CARTESIAN_POINT('',(-0.0336920671207837,0.0143319240315794,0.0032));
#16442=CARTESIAN_POINT('',(-0.0336920671207837,0.0145105275820849,0.0032));
#16443=CARTESIAN_POINT('',(-0.0332894788100468,0.0160526865986518,0.0032));
#16444=CARTESIAN_POINT('',(-0.0332883802857395,0.0142854441975133,0.0032));
#16445=CARTESIAN_POINT('',(-0.0332883802857395,0.0142854441975133,0.0032));
#16446=CARTESIAN_POINT('',(-0.0332894788100468,0.0160526865986518,0.0032));
#16447=CARTESIAN_POINT('',(-0.0326712300496487,0.0144941735311982,0.0032));
#16448=CARTESIAN_POINT('',(-0.0326712300496487,0.0144941735311982,0.003));
#16449=CARTESIAN_POINT('',(-0.0328387873429434,0.014355020642075,0.0032));
#16450=CARTESIAN_POINT('',(-0.0328387873429434,0.014355020642075,0.003));
#16451=CARTESIAN_POINT('',(-0.0330445040883071,0.0142854441975133,0.0032));
#16452=CARTESIAN_POINT('',(-0.0330445040883071,0.0142854441975133,0.003));
#16453=CARTESIAN_POINT('',(-0.0332883802857395,0.0142854441975133,0.0032));
#16454=CARTESIAN_POINT('',(-0.0332883802857395,0.0142854441975133,0.003));
#16455=CARTESIAN_POINT('',(-0.0326712300496487,0.0144941735311982,0.0032));
#16456=CARTESIAN_POINT('',(-0.0326712300496487,0.0144941735311982,0.0032));
#16457=CARTESIAN_POINT('',(-0.0326712300496487,0.0144941735311982,0.0032));
#16458=CARTESIAN_POINT('',(-0.0329225659895908,0.0142854441975133,0.0032));
#16459=CARTESIAN_POINT('',(-0.0332883802857395,0.0142854441975133,0.0032));
#16460=CARTESIAN_POINT('',(-0.0322313921547498,0.0152004103076453,0.0032));
#16461=CARTESIAN_POINT('',(-0.0322313921547498,0.0152004103076453,0.003));
#16462=CARTESIAN_POINT('',(-0.0323570601247209,0.0148687386791372,0.0032));
#16463=CARTESIAN_POINT('',(-0.0323570601247209,0.0148687386791372,0.003));
#16464=CARTESIAN_POINT('',(-0.0325036727563539,0.0146333264203214,0.0032));
#16465=CARTESIAN_POINT('',(-0.0325036727563539,0.0146333264203214,0.003));
#16466=CARTESIAN_POINT('',(-0.0326712300496487,0.0144941735311982,0.0032));
#16467=CARTESIAN_POINT('',(-0.0326712300496487,0.0144941735311982,0.003));
#16468=CARTESIAN_POINT('',(-0.0322313921547498,0.0152004103076453,0.0032));
#16469=CARTESIAN_POINT('',(-0.0322313921547498,0.0152004103076453,0.0032));
#16470=CARTESIAN_POINT('',(-0.0322313921547498,0.0152004103076453,0.0032));
#16471=CARTESIAN_POINT('',(-0.0324198941097064,0.0147029028648831,0.0032));
#16472=CARTESIAN_POINT('',(-0.0326712300496487,0.0144941735311982,0.0032));
#16473=CARTESIAN_POINT('',(-0.0315978878677723,0.0168788523723277,0.0032));
#16474=CARTESIAN_POINT('',(-0.0309643835807947,0.0185572944370101,0.0032));
#16475=CARTESIAN_POINT('',(-0.0309643835807947,0.0185572944370101,0.0032));
#16476=CARTESIAN_POINT('',(-0.0315978878677723,0.0168788523723277,0.0032));
#16477=CARTESIAN_POINT('',(-0.031203669167452,0.0185572944370101,0.0032));
#16478=CARTESIAN_POINT('',(-0.0314423914119404,0.0185572944370101,0.0032));
#16479=CARTESIAN_POINT('',(-0.0314423914119404,0.0185572944370101,0.0032));
#16480=CARTESIAN_POINT('',(-0.031203669167452,0.0185572944370101,0.0032));
#16481=CARTESIAN_POINT('',(0.152924684694517,-0.0486966757539392,0.0032));
#16482=CARTESIAN_POINT('',(-0.0321737226068864,0.0165147595552198,0.0032));
#16483=CARTESIAN_POINT('',(-0.032173934808616,0.016514835040946,0.0032));
#16484=CARTESIAN_POINT('',(0.152924684694517,-0.0486966757539392,0.0032));
#16485=CARTESIAN_POINT('',(-0.0248382773033805,0.0139541263823512,0.0032));
#16486=CARTESIAN_POINT('',(-0.0323207439644645,0.0160447957771086,0.0032));
#16487=CARTESIAN_POINT('',(-0.0323207439644645,0.0160447957771086,0.0032));
#16488=CARTESIAN_POINT('',(-0.0248382773033805,0.0139541263823512,0.0032));
#16489=CARTESIAN_POINT('',(-0.0323308075693503,0.0160447957771086,0.0032));
#16490=CARTESIAN_POINT('',(-0.0323415668133546,0.0160447957771086,0.0032));
#16491=CARTESIAN_POINT('',(-0.0323415668133546,0.0160447957771086,0.0032));
#16492=CARTESIAN_POINT('',(-0.0323308075693503,0.0160447957771086,0.0032));
#16493=CARTESIAN_POINT('',(-0.0326049531065817,0.0168762701537667,0.0032));
#16494=CARTESIAN_POINT('',(-0.0326049531065817,0.0168762701537667,0.003));
#16495=CARTESIAN_POINT('',(-0.0324637918252443,0.0164923803276906,0.0032));
#16496=CARTESIAN_POINT('',(-0.0324637918252443,0.0164923803276906,0.003));
#16497=CARTESIAN_POINT('',(-0.0323759963941686,0.016215222202138,0.0032));
#16498=CARTESIAN_POINT('',(-0.0323759963941686,0.016215222202138,0.003));
#16499=CARTESIAN_POINT('',(-0.0323415668133546,0.0160447957771086,0.0032));
#16500=CARTESIAN_POINT('',(-0.0323415668133546,0.0160447957771086,0.003));
#16501=CARTESIAN_POINT('',(-0.0326049531065817,0.0168762701537667,0.0032));
#16502=CARTESIAN_POINT('',(-0.0326049531065817,0.0168762701537667,0.0032));
#16503=CARTESIAN_POINT('',(-0.0326049531065817,0.0168762701537667,0.0032));
#16504=CARTESIAN_POINT('',(-0.0323932111845756,0.0163004354146526,0.0032));
#16505=CARTESIAN_POINT('',(-0.0323415668133546,0.0160447957771086,0.0032));
#16506=CARTESIAN_POINT('',(-0.0329277304267129,0.0177167822953885,0.0032));
#16507=CARTESIAN_POINT('',(-0.0329277304267129,0.0177167822953885,0.0032));
#16508=CARTESIAN_POINT('',(6.93889390390723E-18,0.00562997284531592,0.0032));
#16509=CARTESIAN_POINT('',(-0.0342498328682945,0.0174065550605081,0.0032));
#16510=CARTESIAN_POINT('',(-0.0342541300275722,0.0159242922442597,0.0032));
#16511=CARTESIAN_POINT('',(-0.0342541300275722,0.0159242922442597,0.0032));
#16512=CARTESIAN_POINT('',(-0.0342498328682945,0.0174065550605081,0.0032));
#16513=CARTESIAN_POINT('',(-0.0340251839789009,0.0159415860015409,0.00319999975));
#16514=CARTESIAN_POINT('',(-0.0340251733151591,0.0159415070346666,0.0032));
#16515=CARTESIAN_POINT('',(-0.0346010080542733,0.0160667446348776,0.0032));
#16516=CARTESIAN_POINT('',(-0.0346010080542733,0.0160667446348776,0.003));
#16517=CARTESIAN_POINT('',(-0.034516655581279,0.0159717763744656,0.0032));
#16518=CARTESIAN_POINT('',(-0.034516655581279,0.0159717763744656,0.003));
#16519=CARTESIAN_POINT('',(-0.0344010295723786,0.0159242922442597,0.0032));
#16520=CARTESIAN_POINT('',(-0.0344010295723786,0.0159242922442597,0.003));
#16521=CARTESIAN_POINT('',(-0.0342541300275722,0.0159242922442597,0.0032));
#16522=CARTESIAN_POINT('',(-0.0342541300275722,0.0159242922442597,0.003));
#16523=CARTESIAN_POINT('',(-0.0346010080542733,0.0160667446348776,0.0032));
#16524=CARTESIAN_POINT('',(-0.0346010080542733,0.0160667446348776,0.0032));
#16525=CARTESIAN_POINT('',(-0.0346010080542733,0.0160667446348776,0.0032));
#16526=CARTESIAN_POINT('',(-0.0344744793447818,0.0159242922442597,0.0032));
#16527=CARTESIAN_POINT('',(-0.0342541300275722,0.0159242922442597,0.0032));
#16528=CARTESIAN_POINT('',(-0.0347275367637647,0.0164751655372836,0.0032));
#16529=CARTESIAN_POINT('',(-0.0347275367637647,0.0164751655372836,0.003));
#16530=CARTESIAN_POINT('',(-0.0347275367637647,0.0162978531960916,0.0032));
#16531=CARTESIAN_POINT('',(-0.0347275367637647,0.0162978531960916,0.003));
#16532=CARTESIAN_POINT('',(-0.0346853605272676,0.0161617128952895,0.0032));
#16533=CARTESIAN_POINT('',(-0.0346853605272676,0.0161617128952895,0.003));
#16534=CARTESIAN_POINT('',(-0.0346010080542733,0.0160667446348776,0.0032));
#16535=CARTESIAN_POINT('',(-0.0346010080542733,0.0160667446348776,0.003));
#16536=CARTESIAN_POINT('',(-0.0347275367637647,0.0164751655372836,0.0032));
#16537=CARTESIAN_POINT('',(-0.0347275367637647,0.0164751655372836,0.0032));
#16538=CARTESIAN_POINT('',(-0.0347275367637647,0.0164751655372836,0.0032));
#16539=CARTESIAN_POINT('',(-0.0347275367637647,0.0162091970254955,0.0032));
#16540=CARTESIAN_POINT('',(-0.0346010080542733,0.0160667446348776,0.0032));
#16541=CARTESIAN_POINT('',(-0.0347275367637647,0.0173427909737964,0.0032));
#16542=CARTESIAN_POINT('',(-0.0347275367637647,0.0182104164103091,0.0032));
#16543=CARTESIAN_POINT('',(-0.0347275367637647,0.0182104164103091,0.0032));
#16544=CARTESIAN_POINT('',(-0.0347275367637647,0.0173427909737964,0.0032));
#16545=CARTESIAN_POINT('',(-0.0342997492221508,0.0182104164103091,0.0032));
#16546=CARTESIAN_POINT('',(-0.0338719616805368,0.0182104164103091,0.0032));
#16547=CARTESIAN_POINT('',(-0.0338719616805368,0.0182104164103091,0.0032));
#16548=CARTESIAN_POINT('',(-0.0342997492221508,0.0182104164103091,0.0032));
#16549=CARTESIAN_POINT('',(-0.0338719616805368,0.0183838554236597,0.0032));
#16550=CARTESIAN_POINT('',(-0.0338719616805368,0.0185572944370101,0.0032));
#16551=CARTESIAN_POINT('',(-0.0338719616805368,0.0185572944370101,0.0032));
#16552=CARTESIAN_POINT('',(-0.0338719616805368,0.0183838554236597,0.0032));
#16553=CARTESIAN_POINT('',(-0.0342997492221508,0.0185572944370101,0.0032));
#16554=CARTESIAN_POINT('',(-0.0347275367637647,0.0185572944370101,0.0032));
#16555=CARTESIAN_POINT('',(-0.0347275367637647,0.0185572944370101,0.0032));
#16556=CARTESIAN_POINT('',(-0.0342997492221508,0.0185572944370101,0.0032));
#16557=CARTESIAN_POINT('',(-0.0347275367637647,0.0188990080265891,0.0032));
#16558=CARTESIAN_POINT('',(-0.0347275367637647,0.019240721616168,0.0032));
#16559=CARTESIAN_POINT('',(-0.0347275367637647,0.019240721616168,0.0032));
#16560=CARTESIAN_POINT('',(-0.0347275367637647,0.0188990080265891,0.0032));
#16561=CARTESIAN_POINT('',(-0.0348566476918171,0.019240721616168,0.0032));
#16562=CARTESIAN_POINT('',(-0.0349857586198696,0.019240721616168,0.0032));
#16563=CARTESIAN_POINT('',(-0.0349857586198696,0.019240721616168,0.0032));
#16564=CARTESIAN_POINT('',(-0.0348566476918171,0.019240721616168,0.0032));
#16565=CARTESIAN_POINT('',(-0.0350795792275878,0.0189261213214801,0.0032));
#16566=CARTESIAN_POINT('',(-0.035173399835306,0.0186115210267922,0.0032));
#16567=CARTESIAN_POINT('',(-0.035173399835306,0.0186115210267922,0.0032));
#16568=CARTESIAN_POINT('',(-0.0350795792275878,0.0189261213214801,0.0032));
#16569=CARTESIAN_POINT('',(-0.0353847113875519,0.0185185611585944,0.0032));
#16570=CARTESIAN_POINT('',(-0.0355960229397978,0.0184256012903966,0.0032));
#16571=CARTESIAN_POINT('',(-0.0355960229397978,0.0184256012903966,0.0032));
#16572=CARTESIAN_POINT('',(-0.0353847113875519,0.0185185611585944,0.0032));
#16573=CARTESIAN_POINT('',(-0.0355960229397978,0.0183180088503529,0.0032));
#16574=CARTESIAN_POINT('',(-0.0355960229397978,0.0182104164103091,0.0032));
#16575=CARTESIAN_POINT('',(-0.0355960229397978,0.0182104164103091,0.0032));
#16576=CARTESIAN_POINT('',(-0.0355960229397978,0.0183180088503529,0.0032));
#16577=CARTESIAN_POINT('',(-0.0353847113875519,0.0182104164103091,0.0032));
#16578=CARTESIAN_POINT('',(-0.035173399835306,0.0182104164103091,0.0032));
#16579=CARTESIAN_POINT('',(-0.035173399835306,0.0182104164103091,0.0032));
#16580=CARTESIAN_POINT('',(-0.0353847113875519,0.0182104164103091,0.0032));
#16581=CARTESIAN_POINT('',(-0.035173399835306,0.0173333228390725,0.0032));
#16582=CARTESIAN_POINT('',(-0.035173399835306,0.016456229267836,0.0032));
#16583=CARTESIAN_POINT('',(-0.035173399835306,0.016456229267836,0.0032));
#16584=CARTESIAN_POINT('',(-0.035173399835306,0.0173333228390725,0.0032));
#16585=CARTESIAN_POINT('',(-0.0343186854915985,0.0155550349900295,0.0032));
#16586=CARTESIAN_POINT('',(-0.0343186854915985,0.0155550349900295,0.003));
#16587=CARTESIAN_POINT('',(-0.0348884950540701,0.0155550349900295,0.0032));
#16588=CARTESIAN_POINT('',(-0.0348884950540701,0.0155550349900295,0.003));
#16589=CARTESIAN_POINT('',(-0.035173399835306,0.0158554330826317,0.0032));
#16590=CARTESIAN_POINT('',(-0.035173399835306,0.0158554330826317,0.003));
#16591=CARTESIAN_POINT('',(-0.035173399835306,0.016456229267836,0.0032));
#16592=CARTESIAN_POINT('',(-0.035173399835306,0.016456229267836,0.003));
#16593=CARTESIAN_POINT('',(-0.0343186854915985,0.0155550349900295,0.0032));
#16594=CARTESIAN_POINT('',(-0.0343186854915985,0.0155550349900295,0.0032));
#16595=CARTESIAN_POINT('',(-0.0343186854915985,0.0155550349900295,0.0032));
#16596=CARTESIAN_POINT('',(-0.035173399835306,0.0155550349900295,0.0032));
#16597=CARTESIAN_POINT('',(-0.035173399835306,0.016456229267836,0.0032));
#16598=CARTESIAN_POINT('',(-0.0343379148594459,0.0171464222718117,0.0032));
#16599=CARTESIAN_POINT('',(-0.0340639065935748,0.015578274957079,0.0032));
#16600=CARTESIAN_POINT('',(-0.0340639514473186,0.0155785818721677,0.0032));
#16601=CARTESIAN_POINT('',(-0.0343379148594459,0.0171464222718117,0.0032));
#16602=CARTESIAN_POINT('',(-0.034175991337895,0.0164379167537787,0.0032));
#16603=CARTESIAN_POINT('',(-0.033850443192528,0.0156351151238782,0.0032));
#16604=CARTESIAN_POINT('',(-0.033850443192528,0.0156351151238782,0.0032));
#16605=CARTESIAN_POINT('',(-0.034175991337895,0.0164379167537787,0.0032));
#16606=CARTESIAN_POINT('',(-0.033850443192528,0.0158068012997319,0.0032));
#16607=CARTESIAN_POINT('',(-0.033850443192528,0.0159773979630238,0.0032));
#16608=CARTESIAN_POINT('',(-0.033850443192528,0.0159773979630238,0.0032));
#16609=CARTESIAN_POINT('',(-0.033850443192528,0.0158068012997319,0.0032));
#16610=CARTESIAN_POINT('',(-0.0342323091062159,0.0174016852516033,0.0032));
#16611=CARTESIAN_POINT('',(-0.0342323091062159,0.0174016852516033,0.0032));
#16612=CARTESIAN_POINT('',(6.93889390390723E-18,0.00562997284531592,0.0032));
#16613=CARTESIAN_POINT('',(-0.0359437617060192,0.0166559208365571,0.0032));
#16614=CARTESIAN_POINT('',(-0.0359437617060192,0.0166559208365571,0.003));
#16615=CARTESIAN_POINT('',(-0.0359437617060192,0.0163099035493764,0.0032));
#16616=CARTESIAN_POINT('',(-0.0359437617060192,0.0163099035493764,0.003));
#16617=CARTESIAN_POINT('',(-0.0360692862194035,0.01603991825316,0.0032));
#16618=CARTESIAN_POINT('',(-0.0360692862194035,0.01603991825316,0.003));
#16619=CARTESIAN_POINT('',(-0.0363203352461722,0.0158459649479078,0.0032));
#16620=CARTESIAN_POINT('',(-0.0363203352461722,0.0158459649479078,0.003));
#16621=CARTESIAN_POINT('',(-0.0359437617060192,0.0166559208365571,0.0032));
#16622=CARTESIAN_POINT('',(-0.0359437617060192,0.0166559208365571,0.0032));
#16623=CARTESIAN_POINT('',(-0.0359437617060192,0.0166559208365571,0.0032));
#16624=CARTESIAN_POINT('',(-0.0359437617060192,0.0161368949057861,0.0032));
#16625=CARTESIAN_POINT('',(-0.0363203352461722,0.0158459649479078,0.0032));
#16626=CARTESIAN_POINT('',(-0.0363203352461722,0.0158459649479078,0.0032));
#16627=CARTESIAN_POINT('',(-0.0363203352461722,0.0158459649479078,0.0032));
#16628=CARTESIAN_POINT('',(-0.0361761613765137,0.0173118043510638,0.0032));
#16629=CARTESIAN_POINT('',(-0.0361761613765137,0.0173118043510638,0.003));
#16630=CARTESIAN_POINT('',(-0.0360212282628507,0.0171430994050752,0.0032));
#16631=CARTESIAN_POINT('',(-0.0360212282628507,0.0171430994050752,0.003));
#16632=CARTESIAN_POINT('',(-0.0359437617060192,0.0169244715669063,0.0032));
#16633=CARTESIAN_POINT('',(-0.0359437617060192,0.0169244715669063,0.003));
#16634=CARTESIAN_POINT('',(-0.0359437617060192,0.0166559208365571,0.0032));
#16635=CARTESIAN_POINT('',(-0.0359437617060192,0.0166559208365571,0.003));
#16636=CARTESIAN_POINT('',(-0.0361761613765137,0.0173118043510638,0.0032));
#16637=CARTESIAN_POINT('',(-0.0361761613765137,0.0173118043510638,0.0032));
#16638=CARTESIAN_POINT('',(-0.0361761613765137,0.0173118043510638,0.0032));
#16639=CARTESIAN_POINT('',(-0.0359437617060192,0.0170587469320809,0.0032));
#16640=CARTESIAN_POINT('',(-0.0359437617060192,0.0166559208365571,0.0032));
#16641=CARTESIAN_POINT('',(-0.0370274327621398,0.0177852110872562,0.0032));
#16642=CARTESIAN_POINT('',(-0.0370274327621398,0.0177852110872562,0.003));
#16643=CARTESIAN_POINT('',(-0.0366148516187187,0.0176383115424498,0.0032));
#16644=CARTESIAN_POINT('',(-0.0366148516187187,0.0176383115424498,0.003));
#16645=CARTESIAN_POINT('',(-0.0363310944901767,0.0174805092970524,0.0032));
#16646=CARTESIAN_POINT('',(-0.0363310944901767,0.0174805092970524,0.003));
#16647=CARTESIAN_POINT('',(-0.0361761613765137,0.0173118043510638,0.0032));
#16648=CARTESIAN_POINT('',(-0.0361761613765137,0.0173118043510638,0.003));
#16649=CARTESIAN_POINT('',(-0.0370274327621398,0.0177852110872562,0.0032));
#16650=CARTESIAN_POINT('',(-0.0370274327621398,0.0177852110872562,0.0032));
#16651=CARTESIAN_POINT('',(-0.0370274327621398,0.0177852110872562,0.0032));
#16652=CARTESIAN_POINT('',(-0.0364085610470081,0.0175648617700466,0.0032));
#16653=CARTESIAN_POINT('',(-0.0361761613765137,0.0173118043510638,0.0032));
#16654=CARTESIAN_POINT('',(-0.0375748630970823,0.018025787783194,0.0032));
#16655=CARTESIAN_POINT('',(-0.0375748630970823,0.018025787783194,0.003));
#16656=CARTESIAN_POINT('',(-0.0374555072169271,0.0179531987503112,0.0032));
#16657=CARTESIAN_POINT('',(-0.0374555072169271,0.0179531987503112,0.003));
#16658=CARTESIAN_POINT('',(-0.037273030438613,0.0178730065183319,0.0032));
#16659=CARTESIAN_POINT('',(-0.037273030438613,0.0178730065183319,0.003));
#16660=CARTESIAN_POINT('',(-0.0370274327621398,0.0177852110872562,0.0032));
#16661=CARTESIAN_POINT('',(-0.0370274327621398,0.0177852110872562,0.003));
#16662=CARTESIAN_POINT('',(-0.0375748630970823,0.018025787783194,0.0032));
#16663=CARTESIAN_POINT('',(-0.0375748630970823,0.018025787783194,0.0032));
#16664=CARTESIAN_POINT('',(-0.0375748630970823,0.018025787783194,0.0032));
#16665=CARTESIAN_POINT('',(-0.0373958292768495,0.0179169042338698,0.0032));
#16666=CARTESIAN_POINT('',(-0.0370274327621398,0.0177852110872562,0.0032));
#16667=CARTESIAN_POINT('',(-0.0378292116253458,0.0182655037396116,0.0032));
#16668=CARTESIAN_POINT('',(-0.0378292116253458,0.0182655037396116,0.003));
#16669=CARTESIAN_POINT('',(-0.037779001819992,0.0181782821348828,0.0032));
#16670=CARTESIAN_POINT('',(-0.037779001819992,0.0181782821348828,0.003));
#16671=CARTESIAN_POINT('',(-0.0376942189772375,0.0180983768160769,0.0032));
#16672=CARTESIAN_POINT('',(-0.0376942189772375,0.0180983768160769,0.003));
#16673=CARTESIAN_POINT('',(-0.0375748630970823,0.018025787783194,0.0032));
#16674=CARTESIAN_POINT('',(-0.0375748630970823,0.018025787783194,0.003));
#16675=CARTESIAN_POINT('',(-0.0378292116253458,0.0182655037396116,0.0032));
#16676=CARTESIAN_POINT('',(-0.0378292116253458,0.0182655037396116,0.0032));
#16677=CARTESIAN_POINT('',(-0.0378292116253458,0.0182655037396116,0.0032));
#16678=CARTESIAN_POINT('',(-0.0377538969173151,0.0181346713325184,0.0032));
#16679=CARTESIAN_POINT('',(-0.0375748630970823,0.018025787783194,0.0032));
#16680=CARTESIAN_POINT('',(-0.0379045263333763,0.0186003314130277,0.0032));
#16681=CARTESIAN_POINT('',(-0.0379045263333763,0.0186003314130277,0.003));
#16682=CARTESIAN_POINT('',(-0.0379045263333763,0.0184643345688124,0.0032));
#16683=CARTESIAN_POINT('',(-0.0379045263333763,0.0184643345688124,0.003));
#16684=CARTESIAN_POINT('',(-0.0378794214306995,0.0183527253443404,0.0032));
#16685=CARTESIAN_POINT('',(-0.0378794214306995,0.0183527253443404,0.003));
#16686=CARTESIAN_POINT('',(-0.0378292116253458,0.0182655037396116,0.0032));
#16687=CARTESIAN_POINT('',(-0.0378292116253458,0.0182655037396116,0.003));
#16688=CARTESIAN_POINT('',(-0.0379045263333763,0.0186003314130277,0.0032));
#16689=CARTESIAN_POINT('',(-0.0379045263333763,0.0186003314130277,0.0032));
#16690=CARTESIAN_POINT('',(-0.0379045263333763,0.0186003314130277,0.0032));
#16691=CARTESIAN_POINT('',(-0.0379045263333763,0.0183963361467048,0.0032));
#16692=CARTESIAN_POINT('',(-0.0378292116253458,0.0182655037396116,0.0032));
#16693=CARTESIAN_POINT('',(-0.0377001006972933,0.0190332833917637,0.0032));
#16694=CARTESIAN_POINT('',(-0.0377001006972933,0.0190332833917637,0.003));
#16695=CARTESIAN_POINT('',(-0.037836384454682,0.0189294208229748,0.0032));
#16696=CARTESIAN_POINT('',(-0.037836384454682,0.0189294208229748,0.003));
#16697=CARTESIAN_POINT('',(-0.0379045263333763,0.0187851034967295,0.0032));
#16698=CARTESIAN_POINT('',(-0.0379045263333763,0.0187851034967295,0.003));
#16699=CARTESIAN_POINT('',(-0.0379045263333763,0.0186003314130277,0.0032));
#16700=CARTESIAN_POINT('',(-0.0379045263333763,0.0186003314130277,0.003));
#16701=CARTESIAN_POINT('',(-0.0377001006972933,0.0190332833917637,0.0032));
#16702=CARTESIAN_POINT('',(-0.0377001006972933,0.0190332833917637,0.0032));
#16703=CARTESIAN_POINT('',(-0.0377001006972933,0.0190332833917637,0.0032));
#16704=CARTESIAN_POINT('',(-0.0379045263333763,0.0188774895385804,0.0032));
#16705=CARTESIAN_POINT('',(-0.0379045263333763,0.0186003314130277,0.0032));
#16706=CARTESIAN_POINT('',(-0.0371324429836224,0.0191890772449471,0.0032));
#16707=CARTESIAN_POINT('',(-0.0371324429836224,0.0191890772449471,0.003));
#16708=CARTESIAN_POINT('',(-0.0373745977020142,0.0191890772449471,0.0032));
#16709=CARTESIAN_POINT('',(-0.0373745977020142,0.0191890772449471,0.003));
#16710=CARTESIAN_POINT('',(-0.0375638169399045,0.0191371459605526,0.0032));
#16711=CARTESIAN_POINT('',(-0.0375638169399045,0.0191371459605526,0.003));
#16712=CARTESIAN_POINT('',(-0.0377001006972933,0.0190332833917637,0.0032));
#16713=CARTESIAN_POINT('',(-0.0377001006972933,0.0190332833917637,0.003));
#16714=CARTESIAN_POINT('',(-0.0371324429836224,0.0191890772449471,0.0032));
#16715=CARTESIAN_POINT('',(-0.0371324429836224,0.0191890772449471,0.0032));
#16716=CARTESIAN_POINT('',(-0.0371324429836224,0.0191890772449471,0.0032));
#16717=CARTESIAN_POINT('',(-0.0374956750612101,0.0191890772449471,0.0032));
#16718=CARTESIAN_POINT('',(-0.0377001006972933,0.0190332833917637,0.0032));
#16719=CARTESIAN_POINT('',(-0.0361856295112375,0.0189850819786241,0.0032));
#16720=CARTESIAN_POINT('',(-0.0361856295112375,0.0189850819786241,0.003));
#16721=CARTESIAN_POINT('',(-0.0365104152235829,0.0191210788228394,0.0032));
#16722=CARTESIAN_POINT('',(-0.0365104152235829,0.0191210788228394,0.003));
#16723=CARTESIAN_POINT('',(-0.0368260197143779,0.0191890772449471,0.0032));
#16724=CARTESIAN_POINT('',(-0.0368260197143779,0.0191890772449471,0.003));
#16725=CARTESIAN_POINT('',(-0.0371324429836224,0.0191890772449471,0.0032));
#16726=CARTESIAN_POINT('',(-0.0371324429836224,0.0191890772449471,0.003));
#16727=CARTESIAN_POINT('',(-0.0361856295112375,0.0189850819786241,0.0032));
#16728=CARTESIAN_POINT('',(-0.0361856295112375,0.0189850819786241,0.0032));
#16729=CARTESIAN_POINT('',(-0.0361856295112375,0.0189850819786241,0.0032));
#16730=CARTESIAN_POINT('',(-0.0366728080797556,0.0191890772449471,0.0032));
#16731=CARTESIAN_POINT('',(-0.0371324429836224,0.0191890772449471,0.0032));
#16732=CARTESIAN_POINT('',(-0.0361141881310484,0.019183912807825,0.0032));
#16733=CARTESIAN_POINT('',(-0.0360424797300022,0.0193834867914596,0.0032));
#16734=CARTESIAN_POINT('',(-0.0360424797300022,0.0193834867914596,0.0032));
#16735=CARTESIAN_POINT('',(-0.0361141881310484,0.019183912807825,0.0032));
#16736=CARTESIAN_POINT('',(-0.0370879391669091,0.0169329444469558,0.0032));
#16737=CARTESIAN_POINT('',(-0.0371212533698579,0.0195979285171133,0.0032));
#16738=CARTESIAN_POINT('',(-0.0371212533698579,0.0195979285171133,0.0032));
#16739=CARTESIAN_POINT('',(-0.0370879391669091,0.0169329444469558,0.0032));
#16740=CARTESIAN_POINT('',(-0.0380254602359855,0.0193289474170039,0.0032));
#16741=CARTESIAN_POINT('',(-0.0380254602359855,0.0193289474170039,0.003));
#16742=CARTESIAN_POINT('',(-0.0377979380894397,0.0195082681504101,0.0032));
#16743=CARTESIAN_POINT('',(-0.0377979380894397,0.0195082681504101,0.003));
#16744=CARTESIAN_POINT('',(-0.0374965358007305,0.0195979285171133,0.0032));
#16745=CARTESIAN_POINT('',(-0.0374965358007305,0.0195979285171133,0.003));
#16746=CARTESIAN_POINT('',(-0.0371212533698579,0.0195979285171133,0.0032));
#16747=CARTESIAN_POINT('',(-0.0371212533698579,0.0195979285171133,0.003));
#16748=CARTESIAN_POINT('',(-0.0380254602359855,0.0193289474170039,0.0032));
#16749=CARTESIAN_POINT('',(-0.0380254602359855,0.0193289474170039,0.0032));
#16750=CARTESIAN_POINT('',(-0.0380254602359855,0.0193289474170039,0.0032));
#16751=CARTESIAN_POINT('',(-0.0376841770161667,0.0195979285171133,0.0032));
#16752=CARTESIAN_POINT('',(-0.0371212533698579,0.0195979285171133,0.0032));
#16753=CARTESIAN_POINT('',(-0.0383667434558043,0.0186054958501497,0.0032));
#16754=CARTESIAN_POINT('',(-0.0383667434558043,0.0186054958501497,0.003));
#16755=CARTESIAN_POINT('',(-0.0383667434558043,0.0189084761613129,0.0032));
#16756=CARTESIAN_POINT('',(-0.0383667434558043,0.0189084761613129,0.003));
#16757=CARTESIAN_POINT('',(-0.0382529823825314,0.0191496266835977,0.0032));
#16758=CARTESIAN_POINT('',(-0.0382529823825314,0.0191496266835977,0.003));
#16759=CARTESIAN_POINT('',(-0.0380254602359855,0.0193289474170039,0.0032));
#16760=CARTESIAN_POINT('',(-0.0380254602359855,0.0193289474170039,0.003));
#16761=CARTESIAN_POINT('',(-0.0383667434558043,0.0186054958501497,0.0032));
#16762=CARTESIAN_POINT('',(-0.0383667434558043,0.0186054958501497,0.0032));
#16763=CARTESIAN_POINT('',(-0.0383667434558043,0.0186054958501497,0.0032));
#16764=CARTESIAN_POINT('',(-0.0383667434558043,0.0190599663168945,0.0032));
#16765=CARTESIAN_POINT('',(-0.0380254602359855,0.0193289474170039,0.0032));
#16766=CARTESIAN_POINT('',(-0.0381313311969885,0.0179035627713044,0.0032));
#16767=CARTESIAN_POINT('',(-0.0381313311969885,0.0179035627713044,0.003));
#16768=CARTESIAN_POINT('',(-0.0382882727028657,0.0180828835047106,0.0032));
#16769=CARTESIAN_POINT('',(-0.0382882727028657,0.0180828835047106,0.003));
#16770=CARTESIAN_POINT('',(-0.0383667434558043,0.0183168611976591,0.0032));
#16771=CARTESIAN_POINT('',(-0.0383667434558043,0.0183168611976591,0.003));
#16772=CARTESIAN_POINT('',(-0.0383667434558043,0.0186054958501497,0.0032));
#16773=CARTESIAN_POINT('',(-0.0383667434558043,0.0186054958501497,0.003));
#16774=CARTESIAN_POINT('',(-0.0381313311969885,0.0179035627713044,0.0032));
#16775=CARTESIAN_POINT('',(-0.0381313311969885,0.0179035627713044,0.0032));
#16776=CARTESIAN_POINT('',(-0.0381313311969885,0.0179035627713044,0.0032));
#16777=CARTESIAN_POINT('',(-0.0383667434558043,0.0181725438714137,0.0032));
#16778=CARTESIAN_POINT('',(-0.0383667434558043,0.0186054958501497,0.0032));
#16779=CARTESIAN_POINT('',(-0.0373476278637099,0.0174383330605552,0.0032));
#16780=CARTESIAN_POINT('',(-0.0373476278637099,0.0174383330605552,0.003));
#16781=CARTESIAN_POINT('',(-0.0377131552466852,0.0175691654676484,0.0032));
#16782=CARTESIAN_POINT('',(-0.0377131552466852,0.0175691654676484,0.003));
#16783=CARTESIAN_POINT('',(-0.0379743896911114,0.0177242420378981,0.0032));
#16784=CARTESIAN_POINT('',(-0.0379743896911114,0.0177242420378981,0.003));
#16785=CARTESIAN_POINT('',(-0.0381313311969885,0.0179035627713044,0.0032));
#16786=CARTESIAN_POINT('',(-0.0381313311969885,0.0179035627713044,0.003));
#16787=CARTESIAN_POINT('',(-0.0373476278637099,0.0174383330605552,0.0032));
#16788=CARTESIAN_POINT('',(-0.0373476278637099,0.0174383330605552,0.0032));
#16789=CARTESIAN_POINT('',(-0.0373476278637099,0.0174383330605552,0.0032));
#16790=CARTESIAN_POINT('',(-0.0378959189381728,0.017634581671195,0.0032));
#16791=CARTESIAN_POINT('',(-0.0381313311969885,0.0179035627713044,0.0032));
#16792=CARTESIAN_POINT('',(-0.0367627553596322,0.0171882882298936,0.0032));
#16793=CARTESIAN_POINT('',(-0.0367627553596322,0.0171882882298936,0.003));
#16794=CARTESIAN_POINT('',(-0.0368910055481643,0.0172620249154702,0.0032));
#16795=CARTESIAN_POINT('',(-0.0368910055481643,0.0172620249154702,0.003));
#16796=CARTESIAN_POINT('',(-0.0370859630495235,0.0173453731923575,0.0032));
#16797=CARTESIAN_POINT('',(-0.0370859630495235,0.0173453731923575,0.003));
#16798=CARTESIAN_POINT('',(-0.0373476278637099,0.0174383330605552,0.0032));
#16799=CARTESIAN_POINT('',(-0.0373476278637099,0.0174383330605552,0.003));
#16800=CARTESIAN_POINT('',(-0.0367627553596322,0.0171882882298936,0.0032));
#16801=CARTESIAN_POINT('',(-0.0367627553596322,0.0171882882298936,0.0032));
#16802=CARTESIAN_POINT('',(-0.0367627553596322,0.0171882882298936,0.0032));
#16803=CARTESIAN_POINT('',(-0.0369551306424303,0.0172988932582585,0.0032));
#16804=CARTESIAN_POINT('',(-0.0373476278637099,0.0174383330605552,0.0032));
#16805=CARTESIAN_POINT('',(-0.0364881794526405,0.0169472811641956,0.0032));
#16806=CARTESIAN_POINT('',(-0.0364881794526405,0.0169472811641956,0.003));
#16807=CARTESIAN_POINT('',(-0.0365429798687694,0.0170342158557509,0.0032));
#16808=CARTESIAN_POINT('',(-0.0365429798687694,0.0170342158557509,0.003));
#16809=CARTESIAN_POINT('',(-0.0366345051711,0.0171145515443169,0.0032));
#16810=CARTESIAN_POINT('',(-0.0366345051711,0.0171145515443169,0.003));
#16811=CARTESIAN_POINT('',(-0.0367627553596322,0.0171882882298936,0.0032));
#16812=CARTESIAN_POINT('',(-0.0367627553596322,0.0171882882298936,0.003));
#16813=CARTESIAN_POINT('',(-0.0364881794526405,0.0169472811641956,0.0032));
#16814=CARTESIAN_POINT('',(-0.0364881794526405,0.0169472811641956,0.0032));
#16815=CARTESIAN_POINT('',(-0.0364881794526405,0.0169472811641956,0.0032));
#16816=CARTESIAN_POINT('',(-0.0365703800768339,0.0170776832015286,0.0032));
#16817=CARTESIAN_POINT('',(-0.0367627553596322,0.0171882882298936,0.0032));
#16818=CARTESIAN_POINT('',(-0.0364059788284471,0.0166128838605396,0.0032));
#16819=CARTESIAN_POINT('',(-0.0364059788284471,0.0166128838605396,0.003));
#16820=CARTESIAN_POINT('',(-0.0364059788284471,0.0167488807047549,0.0032));
#16821=CARTESIAN_POINT('',(-0.0364059788284471,0.0167488807047549,0.003));
#16822=CARTESIAN_POINT('',(-0.0364333790365116,0.0168603464726402,0.0032));
#16823=CARTESIAN_POINT('',(-0.0364333790365116,0.0168603464726402,0.003));
#16824=CARTESIAN_POINT('',(-0.0364881794526405,0.0169472811641956,0.0032));
#16825=CARTESIAN_POINT('',(-0.0364881794526405,0.0169472811641956,0.003));
#16826=CARTESIAN_POINT('',(-0.0364059788284471,0.0166128838605396,0.0032));
#16827=CARTESIAN_POINT('',(-0.0364059788284471,0.0166128838605396,0.0032));
#16828=CARTESIAN_POINT('',(-0.0364059788284471,0.0166128838605396,0.0032));
#16829=CARTESIAN_POINT('',(-0.0364059788284471,0.0168168791268625,0.0032));
#16830=CARTESIAN_POINT('',(-0.0364881794526405,0.0169472811641956,0.0032));
#16831=CARTESIAN_POINT('',(-0.0366375177594212,0.0161295786198631,0.0032));
#16832=CARTESIAN_POINT('',(-0.0366375177594212,0.0161295786198631,0.003));
#16833=CARTESIAN_POINT('',(-0.0364831584721051,0.0162452046287635,0.0032));
#16834=CARTESIAN_POINT('',(-0.0364831584721051,0.0162452046287635,0.003));
#16835=CARTESIAN_POINT('',(-0.0364059788284471,0.0164063063756556,0.0032));
#16836=CARTESIAN_POINT('',(-0.0364059788284471,0.0164063063756556,0.003));
#16837=CARTESIAN_POINT('',(-0.0364059788284471,0.0166128838605396,0.0032));
#16838=CARTESIAN_POINT('',(-0.0364059788284471,0.0166128838605396,0.003));
#16839=CARTESIAN_POINT('',(-0.0366375177594212,0.0161295786198631,0.0032));
#16840=CARTESIAN_POINT('',(-0.0366375177594212,0.0161295786198631,0.0032));
#16841=CARTESIAN_POINT('',(-0.0366375177594212,0.0161295786198631,0.0032));
#16842=CARTESIAN_POINT('',(-0.0364059788284471,0.0163030176332137,0.0032));
#16843=CARTESIAN_POINT('',(-0.0364059788284471,0.0166128838605396,0.0032));
#16844=CARTESIAN_POINT('',(-0.0373261093757012,0.0159561396065126,0.0032));
#16845=CARTESIAN_POINT('',(-0.0373261093757012,0.0159561396065126,0.003));
#16846=CARTESIAN_POINT('',(-0.0370214075854973,0.0159561396065126,0.0032));
#16847=CARTESIAN_POINT('',(-0.0370214075854973,0.0159561396065126,0.003));
#16848=CARTESIAN_POINT('',(-0.0367918770467373,0.0160139526109628,0.0032));
#16849=CARTESIAN_POINT('',(-0.0367918770467373,0.0160139526109628,0.003));
#16850=CARTESIAN_POINT('',(-0.0366375177594212,0.0161295786198631,0.0032));
#16851=CARTESIAN_POINT('',(-0.0366375177594212,0.0161295786198631,0.003));
#16852=CARTESIAN_POINT('',(-0.0373261093757012,0.0159561396065126,0.0032));
#16853=CARTESIAN_POINT('',(-0.0373261093757012,0.0159561396065126,0.0032));
#16854=CARTESIAN_POINT('',(-0.0373261093757012,0.0159561396065126,0.0032));
#16855=CARTESIAN_POINT('',(-0.0368690566903953,0.0159561396065126,0.0032));
#16856=CARTESIAN_POINT('',(-0.0366375177594212,0.0161295786198631,0.0032));
#16857=CARTESIAN_POINT('',(-0.0373201848453657,0.0187170746309793,0.0032));
#16858=CARTESIAN_POINT('',(-0.0378907545010507,0.0160155306334167,0.0032));
#16859=CARTESIAN_POINT('',(-0.0378907315685475,0.0160156415836846,0.0032));
#16860=CARTESIAN_POINT('',(-0.0373201848453657,0.0187170746309793,0.0032));
#16861=CARTESIAN_POINT('',(-0.0373152238447185,0.0188555998792917,0.0032));
#16862=CARTESIAN_POINT('',(-0.0384183878270253,0.0161762445585211,0.0032));
#16863=CARTESIAN_POINT('',(-0.0384183878270253,0.0161762445585211,0.0032));
#16864=CARTESIAN_POINT('',(-0.0373152238447185,0.0188555998792917,0.0032));
#16865=CARTESIAN_POINT('',(-0.0384183878270253,0.0159561396065126,0.0032));
#16866=CARTESIAN_POINT('',(-0.0384183878270253,0.015735790289303,0.0032));
#16867=CARTESIAN_POINT('',(-0.0384183878270253,0.015735790289303,0.0032));
#16868=CARTESIAN_POINT('',(-0.0384183878270253,0.0159561396065126,0.0032));
#16869=CARTESIAN_POINT('',(-0.0373424634265878,0.0155550349900295,0.0032));
#16870=CARTESIAN_POINT('',(-0.0373424634265878,0.0155550349900295,0.003));
#16871=CARTESIAN_POINT('',(-0.0378084104202706,0.0155550349900295,0.0032));
#16872=CARTESIAN_POINT('',(-0.0378084104202706,0.0155550349900295,0.003));
#16873=CARTESIAN_POINT('',(-0.0381670518870831,0.015615286756454,0.0032));
#16874=CARTESIAN_POINT('',(-0.0381670518870831,0.015615286756454,0.003));
#16875=CARTESIAN_POINT('',(-0.0384183878270253,0.015735790289303,0.0032));
#16876=CARTESIAN_POINT('',(-0.0384183878270253,0.015735790289303,0.003));
#16877=CARTESIAN_POINT('',(-0.0373424634265878,0.0155550349900295,0.0032));
#16878=CARTESIAN_POINT('',(-0.0373424634265878,0.0155550349900295,0.0032));
#16879=CARTESIAN_POINT('',(-0.0373424634265878,0.0155550349900295,0.0032));
#16880=CARTESIAN_POINT('',(-0.038041383917112,0.0155550349900295,0.0032));
#16881=CARTESIAN_POINT('',(-0.0384183878270253,0.015735790289303,0.0032));
#16882=CARTESIAN_POINT('',(-0.0363203352461722,0.0158459649479078,0.0032));
#16883=CARTESIAN_POINT('',(-0.0363203352461722,0.0158459649479078,0.003));
#16884=CARTESIAN_POINT('',(-0.036571384272941,0.0156520116426556,0.0032));
#16885=CARTESIAN_POINT('',(-0.036571384272941,0.0156520116426556,0.003));
#16886=CARTESIAN_POINT('',(-0.0369120936664129,0.0155550349900295,0.0032));
#16887=CARTESIAN_POINT('',(-0.0369120936664129,0.0155550349900295,0.003));
#16888=CARTESIAN_POINT('',(-0.0373424634265878,0.0155550349900295,0.0032));
#16889=CARTESIAN_POINT('',(-0.0373424634265878,0.0155550349900295,0.003));
#16890=CARTESIAN_POINT('',(-0.0363203352461722,0.0158459649479078,0.0032));
#16891=CARTESIAN_POINT('',(-0.0366969087863254,0.0155550349900295,0.0032));
#16892=CARTESIAN_POINT('',(-0.0373424634265878,0.0155550349900295,0.0032));
#16893=CARTESIAN_POINT('',(6.93889390390723E-18,0.00562997284531592,0.0032));
#16894=CARTESIAN_POINT('',(0.,0.,0.));
#16895=CARTESIAN_POINT('',(0.003534,-0.00333302715468407,0.0145));
#16896=CARTESIAN_POINT('',(0.003534,-0.00333302715468407,0.013));
#16897=CARTESIAN_POINT('',(0.003534,0.00365197284531594,0.013));
#16898=CARTESIAN_POINT('',(0.003534,-0.0103180271546841,0.013));
#16899=CARTESIAN_POINT('',(0.003534,0.00365197284531594,0.0145));
#16900=CARTESIAN_POINT('',(0.003534,0.00365197284531594,0.0145));
#16901=CARTESIAN_POINT('',(0.003534,-0.00333302715468407,0.0145));
#16902=CARTESIAN_POINT('',(0.003534,-0.0103180271546841,0.0145));
#16903=CARTESIAN_POINT('',(0.003534,-0.0103180271546841,0.0145));
#16904=CARTESIAN_POINT('',(0.010519,0.00365197284531594,0.0145));
#16905=CARTESIAN_POINT('',(0.010519,0.00365197284531594,0.013));
#16906=CARTESIAN_POINT('',(0.017504,0.00365197284531594,0.013));
#16907=CARTESIAN_POINT('',(0.017504,0.00365197284531594,0.0145));
#16908=CARTESIAN_POINT('',(0.017504,0.00365197284531594,0.0145));
#16909=CARTESIAN_POINT('',(0.010519,0.00365197284531594,0.0145));
#16910=CARTESIAN_POINT('',(0.017504,-0.00333302715468407,0.0145));
#16911=CARTESIAN_POINT('',(0.017504,-0.00333302715468407,0.013));
#16912=CARTESIAN_POINT('',(0.017504,-0.0103180271546841,0.013));
#16913=CARTESIAN_POINT('',(0.017504,-0.0103180271546841,0.0145));
#16914=CARTESIAN_POINT('',(0.017504,-0.0103180271546841,0.0145));
#16915=CARTESIAN_POINT('',(0.017504,-0.00333302715468407,0.0145));
#16916=CARTESIAN_POINT('',(0.022584,-0.00333302715468407,0.0145));
#16917=CARTESIAN_POINT('',(0.022584,-0.00333302715468407,0.013));
#16918=CARTESIAN_POINT('',(0.022584,0.00365197284531593,0.013));
#16919=CARTESIAN_POINT('',(0.022584,-0.0103180271546841,0.013));
#16920=CARTESIAN_POINT('',(0.022584,0.00365197284531593,0.0145));
#16921=CARTESIAN_POINT('',(0.022584,0.00365197284531593,0.0145));
#16922=CARTESIAN_POINT('',(0.022584,-0.00333302715468407,0.0145));
#16923=CARTESIAN_POINT('',(0.022584,-0.0103180271546841,0.0145));
#16924=CARTESIAN_POINT('',(0.022584,-0.0103180271546841,0.0145));
#16925=CARTESIAN_POINT('',(0.029569,0.00365197284531594,0.0145));
#16926=CARTESIAN_POINT('',(0.029569,0.00365197284531594,0.013));
#16927=CARTESIAN_POINT('',(0.036554,0.00365197284531594,0.013));
#16928=CARTESIAN_POINT('',(0.036554,0.00365197284531594,0.0145));
#16929=CARTESIAN_POINT('',(0.036554,0.00365197284531594,0.0145));
#16930=CARTESIAN_POINT('',(0.029569,0.00365197284531594,0.0145));
#16931=CARTESIAN_POINT('',(0.036554,-0.00333302715468407,0.0145));
#16932=CARTESIAN_POINT('',(0.036554,-0.00333302715468407,0.013));
#16933=CARTESIAN_POINT('',(0.036554,-0.0103180271546841,0.013));
#16934=CARTESIAN_POINT('',(0.036554,-0.0103180271546841,0.0145));
#16935=CARTESIAN_POINT('',(0.036554,-0.0103180271546841,0.0145));
#16936=CARTESIAN_POINT('',(0.036554,-0.00333302715468407,0.0145));
#16937=CARTESIAN_POINT('',(-0.015516,-0.00333302715468407,0.0145));
#16938=CARTESIAN_POINT('',(-0.015516,-0.00333302715468407,0.013));
#16939=CARTESIAN_POINT('',(-0.015516,0.00365197284531594,0.013));
#16940=CARTESIAN_POINT('',(-0.015516,-0.0103180271546841,0.013));
#16941=CARTESIAN_POINT('',(-0.015516,0.00365197284531594,0.0145));
#16942=CARTESIAN_POINT('',(-0.015516,0.00365197284531594,0.0145));
#16943=CARTESIAN_POINT('',(-0.015516,-0.00333302715468407,0.0145));
#16944=CARTESIAN_POINT('',(-0.015516,-0.0103180271546841,0.0145));
#16945=CARTESIAN_POINT('',(-0.015516,-0.0103180271546841,0.0145));
#16946=CARTESIAN_POINT('',(-0.008531,0.00365197284531594,0.0145));
#16947=CARTESIAN_POINT('',(-0.008531,0.00365197284531594,0.013));
#16948=CARTESIAN_POINT('',(-0.001546,0.00365197284531594,0.013));
#16949=CARTESIAN_POINT('',(-0.001546,0.00365197284531594,0.0145));
#16950=CARTESIAN_POINT('',(-0.001546,0.00365197284531594,0.0145));
#16951=CARTESIAN_POINT('',(-0.008531,0.00365197284531594,0.0145));
#16952=CARTESIAN_POINT('',(-0.001546,-0.00333302715468407,0.0145));
#16953=CARTESIAN_POINT('',(-0.001546,-0.00333302715468407,0.013));
#16954=CARTESIAN_POINT('',(-0.001546,-0.0103180271546841,0.013));
#16955=CARTESIAN_POINT('',(-0.001546,-0.0103180271546841,0.0145));
#16956=CARTESIAN_POINT('',(-0.001546,-0.0103180271546841,0.0145));
#16957=CARTESIAN_POINT('',(-0.001546,-0.00333302715468407,0.0145));
#16958=CARTESIAN_POINT('',(-0.015516,0.0228609728453159,0.0145));
#16959=CARTESIAN_POINT('',(-0.015516,0.0228609728453159,0.013));
#16960=CARTESIAN_POINT('',(-0.015516,0.0298459728453159,0.013));
#16961=CARTESIAN_POINT('',(-0.015516,0.0158759728453159,0.013));
#16962=CARTESIAN_POINT('',(-0.015516,0.0298459728453159,0.0145));
#16963=CARTESIAN_POINT('',(-0.015516,0.0298459728453159,0.0145));
#16964=CARTESIAN_POINT('',(-0.015516,0.0228609728453159,0.0145));
#16965=CARTESIAN_POINT('',(-0.015516,0.0158759728453159,0.0145));
#16966=CARTESIAN_POINT('',(-0.015516,0.0158759728453159,0.0145));
#16967=CARTESIAN_POINT('',(-0.008531,0.0298459728453159,0.0145));
#16968=CARTESIAN_POINT('',(-0.008531,0.0298459728453159,0.013));
#16969=CARTESIAN_POINT('',(-0.001546,0.0298459728453159,0.013));
#16970=CARTESIAN_POINT('',(-0.001546,0.0298459728453159,0.0145));
#16971=CARTESIAN_POINT('',(-0.001546,0.0298459728453159,0.0145));
#16972=CARTESIAN_POINT('',(-0.008531,0.0298459728453159,0.0145));
#16973=CARTESIAN_POINT('',(-0.001546,0.0228609728453159,0.0145));
#16974=CARTESIAN_POINT('',(-0.001546,0.0228609728453159,0.013));
#16975=CARTESIAN_POINT('',(-0.001546,0.0158759728453159,0.013));
#16976=CARTESIAN_POINT('',(-0.001546,0.0158759728453159,0.0145));
#16977=CARTESIAN_POINT('',(-0.001546,0.0158759728453159,0.0145));
#16978=CARTESIAN_POINT('',(-0.001546,0.0228609728453159,0.0145));
#16979=CARTESIAN_POINT('',(0.003534,0.0228609728453159,0.0145));
#16980=CARTESIAN_POINT('',(0.003534,0.0228609728453159,0.013));
#16981=CARTESIAN_POINT('',(0.003534,0.0298459728453159,0.013));
#16982=CARTESIAN_POINT('',(0.003534,0.0158759728453159,0.013));
#16983=CARTESIAN_POINT('',(0.003534,0.0298459728453159,0.0145));
#16984=CARTESIAN_POINT('',(0.003534,0.0298459728453159,0.0145));
#16985=CARTESIAN_POINT('',(0.003534,0.0228609728453159,0.0145));
#16986=CARTESIAN_POINT('',(0.003534,0.0158759728453159,0.0145));
#16987=CARTESIAN_POINT('',(0.003534,0.0158759728453159,0.0145));
#16988=CARTESIAN_POINT('',(0.010519,0.0298459728453159,0.0145));
#16989=CARTESIAN_POINT('',(0.010519,0.0298459728453159,0.013));
#16990=CARTESIAN_POINT('',(0.017504,0.0298459728453159,0.013));
#16991=CARTESIAN_POINT('',(0.017504,0.0298459728453159,0.0145));
#16992=CARTESIAN_POINT('',(0.017504,0.0298459728453159,0.0145));
#16993=CARTESIAN_POINT('',(0.010519,0.0298459728453159,0.0145));
#16994=CARTESIAN_POINT('',(0.017504,0.0228609728453159,0.0145));
#16995=CARTESIAN_POINT('',(0.017504,0.0228609728453159,0.013));
#16996=CARTESIAN_POINT('',(0.017504,0.0158759728453159,0.013));
#16997=CARTESIAN_POINT('',(0.017504,0.0158759728453159,0.0145));
#16998=CARTESIAN_POINT('',(0.017504,0.0158759728453159,0.0145));
#16999=CARTESIAN_POINT('',(0.017504,0.0228609728453159,0.0145));
#17000=CARTESIAN_POINT('',(0.022584,0.0228609728453159,0.0145));
#17001=CARTESIAN_POINT('',(0.022584,0.0228609728453159,0.013));
#17002=CARTESIAN_POINT('',(0.022584,0.0298459728453159,0.013));
#17003=CARTESIAN_POINT('',(0.022584,0.0158759728453159,0.013));
#17004=CARTESIAN_POINT('',(0.022584,0.0298459728453159,0.0145));
#17005=CARTESIAN_POINT('',(0.022584,0.0298459728453159,0.0145));
#17006=CARTESIAN_POINT('',(0.022584,0.0228609728453159,0.0145));
#17007=CARTESIAN_POINT('',(0.022584,0.0158759728453159,0.0145));
#17008=CARTESIAN_POINT('',(0.022584,0.0158759728453159,0.0145));
#17009=CARTESIAN_POINT('',(0.029569,0.0298459728453159,0.0145));
#17010=CARTESIAN_POINT('',(0.029569,0.0298459728453159,0.013));
#17011=CARTESIAN_POINT('',(0.036554,0.0298459728453159,0.013));
#17012=CARTESIAN_POINT('',(0.036554,0.0298459728453159,0.0145));
#17013=CARTESIAN_POINT('',(0.036554,0.0298459728453159,0.0145));
#17014=CARTESIAN_POINT('',(0.029569,0.0298459728453159,0.0145));
#17015=CARTESIAN_POINT('',(0.036554,0.0228609728453159,0.0145));
#17016=CARTESIAN_POINT('',(0.036554,0.0228609728453159,0.013));
#17017=CARTESIAN_POINT('',(0.036554,0.0158759728453159,0.013));
#17018=CARTESIAN_POINT('',(0.036554,0.0158759728453159,0.0145));
#17019=CARTESIAN_POINT('',(0.036554,0.0158759728453159,0.0145));
#17020=CARTESIAN_POINT('',(0.036554,0.0228609728453159,0.0145));
#17021=CARTESIAN_POINT('',(-0.036225,-0.000370027154684058,0.0145));
#17022=CARTESIAN_POINT('',(-0.036225,-0.000370027154684058,0.013));
#17023=CARTESIAN_POINT('',(-0.036225,0.00552997284531594,0.013));
#17024=CARTESIAN_POINT('',(-0.036225,-0.00627002715468406,0.013));
#17025=CARTESIAN_POINT('',(-0.036225,0.00552997284531594,0.0145));
#17026=CARTESIAN_POINT('',(-0.036225,0.00552997284531594,0.0145));
#17027=CARTESIAN_POINT('',(-0.036225,-0.000370027154684058,0.0145));
#17028=CARTESIAN_POINT('',(-0.036225,-0.00627002715468406,0.0145));
#17029=CARTESIAN_POINT('',(-0.036225,-0.00627002715468406,0.0145));
#17030=CARTESIAN_POINT('',(-0.030125,0.00552997284531594,0.0145));
#17031=CARTESIAN_POINT('',(-0.030125,0.00552997284531594,0.013));
#17032=CARTESIAN_POINT('',(-0.024025,0.00552997284531594,0.013));
#17033=CARTESIAN_POINT('',(-0.024025,0.00552997284531594,0.0145));
#17034=CARTESIAN_POINT('',(-0.024025,0.00552997284531594,0.0145));
#17035=CARTESIAN_POINT('',(-0.030125,0.00552997284531594,0.0145));
#17036=CARTESIAN_POINT('',(-0.024025,-0.000370027154684058,0.0145));
#17037=CARTESIAN_POINT('',(-0.024025,-0.000370027154684058,0.013));
#17038=CARTESIAN_POINT('',(-0.024025,-0.00627002715468406,0.013));
#17039=CARTESIAN_POINT('',(-0.024025,-0.00627002715468406,0.0145));
#17040=CARTESIAN_POINT('',(-0.024025,-0.00627002715468406,0.0145));
#17041=CARTESIAN_POINT('',(-0.024025,-0.000370027154684058,0.0145));
#17042=CARTESIAN_POINT('',(0.,0.043629972845316,0.0145));
#17043=CARTESIAN_POINT('',(-0.0515,0.043629972845316,0.0145));
#17044=CARTESIAN_POINT('',(-0.0515,0.043629972845316,0.0135));
#17045=CARTESIAN_POINT('',(-0.0515,0.043629972845316,0.013));
#17046=CARTESIAN_POINT('',(0.,0.043629972845316,0.0135));
#17047=CARTESIAN_POINT('',(0.0515,0.043629972845316,0.0135));
#17048=CARTESIAN_POINT('',(0.0515,0.043629972845316,0.0145));
#17049=CARTESIAN_POINT('',(0.0515,0.043629972845316,0.013));
#17050=CARTESIAN_POINT('',(0.,0.043629972845316,0.013));
#17051=CARTESIAN_POINT('',(-0.0515,0.038629972845316,0.0145));
#17052=CARTESIAN_POINT('',(-0.0565,0.038629972845316,0.0145));
#17053=CARTESIAN_POINT('',(-0.0565,0.038629972845316,0.0135));
#17054=CARTESIAN_POINT('',(-0.0565,0.038629972845316,0.013));
#17055=CARTESIAN_POINT('',(-0.0515,0.038629972845316,0.0135));
#17056=CARTESIAN_POINT('',(-0.0515,0.038629972845316,0.013));
#17057=CARTESIAN_POINT('',(-0.0565,0.00562997284531593,0.0145));
#17058=CARTESIAN_POINT('',(-0.0565,-0.027370027154684,0.0145));
#17059=CARTESIAN_POINT('',(-0.0565,-0.027370027154684,0.0135));
#17060=CARTESIAN_POINT('',(-0.0565,-0.027370027154684,0.013));
#17061=CARTESIAN_POINT('',(-0.0565,0.038629972845316,0.0135));
#17062=CARTESIAN_POINT('',(-0.0565,0.00562997284531593,0.013));
#17063=CARTESIAN_POINT('',(-0.0515,-0.027370027154684,0.0145));
#17064=CARTESIAN_POINT('',(-0.0515,-0.032370027154684,0.0145));
#17065=CARTESIAN_POINT('',(-0.0515,-0.032370027154684,0.0135));
#17066=CARTESIAN_POINT('',(-0.0515,-0.032370027154684,0.013));
#17067=CARTESIAN_POINT('',(-0.0515,-0.027370027154684,0.0135));
#17068=CARTESIAN_POINT('',(-0.0515,-0.027370027154684,0.013));
#17069=CARTESIAN_POINT('',(6.93889390390723E-18,-0.032370027154684,0.0145));
#17070=CARTESIAN_POINT('',(0.0515,-0.032370027154684,0.0145));
#17071=CARTESIAN_POINT('',(0.0515,-0.032370027154684,0.0135));
#17072=CARTESIAN_POINT('',(0.0515,-0.032370027154684,0.013));
#17073=CARTESIAN_POINT('',(-0.0515,-0.032370027154684,0.0135));
#17074=CARTESIAN_POINT('',(6.93889390390723E-18,-0.032370027154684,0.013));
#17075=CARTESIAN_POINT('',(0.0515,-0.027370027154684,0.0145));
#17076=CARTESIAN_POINT('',(0.0565,-0.027370027154684,0.0145));
#17077=CARTESIAN_POINT('',(0.0565,-0.027370027154684,0.0135));
#17078=CARTESIAN_POINT('',(0.0565,-0.027370027154684,0.013));
#17079=CARTESIAN_POINT('',(0.0515,-0.027370027154684,0.0135));
#17080=CARTESIAN_POINT('',(0.0515,-0.027370027154684,0.013));
#17081=CARTESIAN_POINT('',(0.0565,0.00562997284531594,0.0145));
#17082=CARTESIAN_POINT('',(0.0565,0.038629972845316,0.0145));
#17083=CARTESIAN_POINT('',(0.0565,0.038629972845316,0.0135));
#17084=CARTESIAN_POINT('',(0.0565,0.038629972845316,0.013));
#17085=CARTESIAN_POINT('',(0.0565,0.00562997284531594,0.0135));
#17086=CARTESIAN_POINT('',(0.0565,0.00562997284531594,0.013));
#17087=CARTESIAN_POINT('',(-0.0515,0.038629972845316,0.0145));
#17088=CARTESIAN_POINT('',(-0.0515,0.038629972845316,0.0145));
#17089=CARTESIAN_POINT('',(-0.0498,0.038629972845316,0.0145));
#17090=CARTESIAN_POINT('',(-0.0515,0.038629972845316,0.013));
#17091=CARTESIAN_POINT('',(-0.0498,0.038629972845316,0.013));
#17092=CARTESIAN_POINT('',(0.0515,-0.0273700271546841,0.0145));
#17093=CARTESIAN_POINT('',(0.0515,-0.0273700271546841,0.0145));
#17094=CARTESIAN_POINT('',(0.0532,-0.0273700271546841,0.0145));
#17095=CARTESIAN_POINT('',(0.0515,-0.0273700271546841,0.013));
#17096=CARTESIAN_POINT('',(0.0532,-0.0273700271546841,0.013));
#17097=CARTESIAN_POINT('',(0.010519,-0.0103180271546841,0.0145));
#17098=CARTESIAN_POINT('',(0.010519,-0.0103180271546841,0.013));
#17099=CARTESIAN_POINT('',(0.010519,-0.0103180271546841,0.0145));
#17100=CARTESIAN_POINT('',(0.029569,-0.0103180271546841,0.0145));
#17101=CARTESIAN_POINT('',(0.029569,-0.0103180271546841,0.013));
#17102=CARTESIAN_POINT('',(0.029569,-0.0103180271546841,0.0145));
#17103=CARTESIAN_POINT('',(-0.008531,-0.0103180271546841,0.0145));
#17104=CARTESIAN_POINT('',(-0.008531,-0.0103180271546841,0.013));
#17105=CARTESIAN_POINT('',(-0.008531,-0.0103180271546841,0.0145));
#17106=CARTESIAN_POINT('',(-0.008531,0.0158759728453159,0.0145));
#17107=CARTESIAN_POINT('',(-0.008531,0.0158759728453159,0.013));
#17108=CARTESIAN_POINT('',(-0.008531,0.0158759728453159,0.0145));
#17109=CARTESIAN_POINT('',(0.010519,0.0158759728453159,0.0145));
#17110=CARTESIAN_POINT('',(0.010519,0.0158759728453159,0.013));
#17111=CARTESIAN_POINT('',(0.010519,0.0158759728453159,0.0145));
#17112=CARTESIAN_POINT('',(0.029569,0.0158759728453159,0.0145));
#17113=CARTESIAN_POINT('',(0.029569,0.0158759728453159,0.013));
#17114=CARTESIAN_POINT('',(0.029569,0.0158759728453159,0.0145));
#17115=CARTESIAN_POINT('',(-0.030125,-0.00627002715468406,0.0145));
#17116=CARTESIAN_POINT('',(-0.030125,-0.00627002715468406,0.013));
#17117=CARTESIAN_POINT('',(-0.030125,-0.00627002715468406,0.0145));
#17118=CARTESIAN_POINT('',(0.0515,0.038629972845316,0.0145));
#17119=CARTESIAN_POINT('',(0.0515,0.038629972845316,0.0135));
#17120=CARTESIAN_POINT('',(0.0515,0.038629972845316,0.013));
#17121=CARTESIAN_POINT('',(-0.0515,-0.0273700271546841,0.0145));
#17122=CARTESIAN_POINT('',(-0.0515,-0.0273700271546841,0.0145));
#17123=CARTESIAN_POINT('',(-0.0498,-0.0273700271546841,0.0145));
#17124=CARTESIAN_POINT('',(-0.0515,-0.0273700271546841,0.013));
#17125=CARTESIAN_POINT('',(-0.0498,-0.0273700271546841,0.013));
#17126=CARTESIAN_POINT('',(0.0515,0.038629972845316,0.0145));
#17127=CARTESIAN_POINT('',(0.0515,0.038629972845316,0.0145));
#17128=CARTESIAN_POINT('',(0.0532,0.038629972845316,0.0145));
#17129=CARTESIAN_POINT('',(0.0515,0.038629972845316,0.013));
#17130=CARTESIAN_POINT('',(0.0532,0.038629972845316,0.013));
#17131=CARTESIAN_POINT('',(0.,0.00562997284531594,0.0145));
#17132=CARTESIAN_POINT('',(0.,0.042629972845316,0.0145));
#17133=CARTESIAN_POINT('',(0.0515,0.042629972845316,0.0145));
#17134=CARTESIAN_POINT('',(-0.0515,0.042629972845316,0.0145));
#17135=CARTESIAN_POINT('',(-0.0515,0.038629972845316,0.0145));
#17136=CARTESIAN_POINT('',(-0.0555,0.038629972845316,0.0145));
#17137=CARTESIAN_POINT('',(-0.0555,-0.027370027154684,0.0145));
#17138=CARTESIAN_POINT('',(-0.0555,-0.027370027154684,0.0145));
#17139=CARTESIAN_POINT('',(-0.0515,-0.027370027154684,0.0145));
#17140=CARTESIAN_POINT('',(-0.0515,-0.0313700271546841,0.0145));
#17141=CARTESIAN_POINT('',(0.0515,-0.0313700271546841,0.0145));
#17142=CARTESIAN_POINT('',(0.0515,-0.0313700271546841,0.0145));
#17143=CARTESIAN_POINT('',(0.0515,-0.027370027154684,0.0145));
#17144=CARTESIAN_POINT('',(0.0555,-0.027370027154684,0.0145));
#17145=CARTESIAN_POINT('',(0.0555,0.00562997284531595,0.0145));
#17146=CARTESIAN_POINT('',(0.0555,0.038629972845316,0.0145));
#17147=CARTESIAN_POINT('',(0.0515,0.038629972845316,0.0145));
#17148=CARTESIAN_POINT('',(0.,0.00562997284531594,0.013));
#17149=CARTESIAN_POINT('',(0.0515,-0.027370027154684,0.0135));
#17150=CARTESIAN_POINT('',(0.0515,-0.0313700271546841,0.0135));
#17151=CARTESIAN_POINT('',(0.0555,-0.027370027154684,0.0135));
#17152=CARTESIAN_POINT('',(0.0555,0.00562997284531594,0.0135));
#17153=CARTESIAN_POINT('',(0.0555,0.038629972845316,0.0135));
#17154=CARTESIAN_POINT('',(0.,-0.0313700271546841,0.0135));
#17155=CARTESIAN_POINT('',(-0.0515,-0.0313700271546841,0.0135));
#17156=CARTESIAN_POINT('',(0.0515,0.038629972845316,0.0135));
#17157=CARTESIAN_POINT('',(0.0515,0.042629972845316,0.0135));
#17158=CARTESIAN_POINT('',(-0.0515,-0.027370027154684,0.0135));
#17159=CARTESIAN_POINT('',(-0.0555,-0.027370027154684,0.0135));
#17160=CARTESIAN_POINT('',(0.,0.042629972845316,0.0135));
#17161=CARTESIAN_POINT('',(-0.0515,0.042629972845316,0.0135));
#17162=CARTESIAN_POINT('',(-0.0555,0.00562997284531593,0.0135));
#17163=CARTESIAN_POINT('',(-0.0555,0.038629972845316,0.0135));
#17164=CARTESIAN_POINT('',(-0.0515,0.038629972845316,0.0135));
#17165=MECHANICAL_DESIGN_GEOMETRIC_PRESENTATION_REPRESENTATION('',(#9798),
#17168);
#17166=MECHANICAL_DESIGN_GEOMETRIC_PRESENTATION_REPRESENTATION('',(#9799),
#17169);
#17167=MECHANICAL_DESIGN_GEOMETRIC_PRESENTATION_REPRESENTATION('',(#9800),
#17170);
#17168=(
GEOMETRIC_REPRESENTATION_CONTEXT(3)
GLOBAL_UNCERTAINTY_ASSIGNED_CONTEXT((#17171))
GLOBAL_UNIT_ASSIGNED_CONTEXT((#17180,#17177,#17174))
REPRESENTATION_CONTEXT('PCB','TOP_LEVEL_ASSEMBLY_PART')
);
#17169=(
GEOMETRIC_REPRESENTATION_CONTEXT(3)
GLOBAL_UNCERTAINTY_ASSIGNED_CONTEXT((#17172))
GLOBAL_UNIT_ASSIGNED_CONTEXT((#17181,#17178,#17175))
REPRESENTATION_CONTEXT('Case','TOP_LEVEL_ASSEMBLY_PART')
);
#17170=(
GEOMETRIC_REPRESENTATION_CONTEXT(3)
GLOBAL_UNCERTAINTY_ASSIGNED_CONTEXT((#17173))
GLOBAL_UNIT_ASSIGNED_CONTEXT((#17182,#17179,#17176))
REPRESENTATION_CONTEXT('Top','TOP_LEVEL_ASSEMBLY_PART')
);
#17171=UNCERTAINTY_MEASURE_WITH_UNIT(LENGTH_MEASURE(1.E-8),#17180,
'DISTANCE_ACCURACY_VALUE','Maximum Tolerance applied to model');
#17172=UNCERTAINTY_MEASURE_WITH_UNIT(LENGTH_MEASURE(2.E-5),#17181,
'DISTANCE_ACCURACY_VALUE','Maximum Tolerance applied to model');
#17173=UNCERTAINTY_MEASURE_WITH_UNIT(LENGTH_MEASURE(1.E-8),#17182,
'DISTANCE_ACCURACY_VALUE','Maximum Tolerance applied to model');
#17174=(
NAMED_UNIT(*)
SI_UNIT($,.STERADIAN.)
SOLID_ANGLE_UNIT()
);
#17175=(
NAMED_UNIT(*)
SI_UNIT($,.STERADIAN.)
SOLID_ANGLE_UNIT()
);
#17176=(
NAMED_UNIT(*)
SI_UNIT($,.STERADIAN.)
SOLID_ANGLE_UNIT()
);
#17177=(
NAMED_UNIT(*)
PLANE_ANGLE_UNIT()
SI_UNIT($,.RADIAN.)
);
#17178=(
NAMED_UNIT(*)
PLANE_ANGLE_UNIT()
SI_UNIT($,.RADIAN.)
);
#17179=(
NAMED_UNIT(*)
PLANE_ANGLE_UNIT()
SI_UNIT($,.RADIAN.)
);
#17180=(
LENGTH_UNIT()
NAMED_UNIT(*)
SI_UNIT($,.METRE.)
);
#17181=(
LENGTH_UNIT()
NAMED_UNIT(*)
SI_UNIT($,.METRE.)
);
#17182=(
LENGTH_UNIT()
NAMED_UNIT(*)
SI_UNIT($,.METRE.)
);
#17183=PRODUCT_DEFINITION_SHAPE('','',#17186);
#17184=PRODUCT_DEFINITION_SHAPE('','',#17187);
#17185=PRODUCT_DEFINITION_SHAPE('','',#17188);
#17186=PRODUCT_DEFINITION('','',#17192,#17189);
#17187=PRODUCT_DEFINITION('','',#17193,#17190);
#17188=PRODUCT_DEFINITION('','',#17194,#17191);
#17189=PRODUCT_DEFINITION_CONTEXT('',#17210,'design');
#17190=PRODUCT_DEFINITION_CONTEXT('',#17211,'design');
#17191=PRODUCT_DEFINITION_CONTEXT('',#17212,'design');
#17192=PRODUCT_DEFINITION_FORMATION_WITH_SPECIFIED_SOURCE('','',#17198,
 .NOT_KNOWN.);
#17193=PRODUCT_DEFINITION_FORMATION_WITH_SPECIFIED_SOURCE('','',#17199,
 .NOT_KNOWN.);
#17194=PRODUCT_DEFINITION_FORMATION_WITH_SPECIFIED_SOURCE('','',#17200,
 .NOT_KNOWN.);
#17195=PRODUCT_RELATED_PRODUCT_CATEGORY('','',(#17198));
#17196=PRODUCT_RELATED_PRODUCT_CATEGORY('','',(#17199));
#17197=PRODUCT_RELATED_PRODUCT_CATEGORY('','',(#17200));
#17198=PRODUCT('PCB','PCB','PCB',(#17204));
#17199=PRODUCT('Case','Case','Case',(#17205));
#17200=PRODUCT('Top','Top','Top',(#17206));
#17201=PRODUCT_CATEGORY('','');
#17202=PRODUCT_CATEGORY('','');
#17203=PRODUCT_CATEGORY('','');
#17204=PRODUCT_CONTEXT('',#17210,'mechanical');
#17205=PRODUCT_CONTEXT('',#17211,'mechanical');
#17206=PRODUCT_CONTEXT('',#17212,'mechanical');
#17207=APPLICATION_PROTOCOL_DEFINITION('international standard',
'ap242_managed_model_based_3d_engineering',2020,#17210);
#17208=APPLICATION_PROTOCOL_DEFINITION('international standard',
'ap242_managed_model_based_3d_engineering',2020,#17211);
#17209=APPLICATION_PROTOCOL_DEFINITION('international standard',
'ap242_managed_model_based_3d_engineering',2020,#17212);
#17210=APPLICATION_CONTEXT('managed model based 3d engineering');
#17211=APPLICATION_CONTEXT('managed model based 3d engineering');
#17212=APPLICATION_CONTEXT('managed model based 3d engineering');
ENDSEC;
END-ISO-10303-21;
